2025-06-04 02:00:33,091 - INFO - Starting TFN Billing application
2025-06-04 02:00:33,091 - INFO - Initializing directories and files
2025-06-04 02:00:33,091 - INFO - Application directory: D:\T.F.N Billing
2025-06-04 02:00:33,091 - INFO - Changed working directory to: D:\T.F.N Billing
2025-06-04 02:00:33,717 - DEBUG - matplotlib data path: C:\Users\rakes\AppData\Local\Packages\PythonSoftwareFoundation.Python.3.13_qbz5n2kfra8p0\LocalCache\local-packages\Python313\site-packages\matplotlib\mpl-data
2025-06-04 02:00:33,722 - DEBUG - CONFIGDIR=C:\Users\rakes\.matplotlib
2025-06-04 02:00:33,723 - DEBUG - interactive is False
2025-06-04 02:00:33,723 - DEBUG - platform is win32
2025-06-04 02:00:33,735 - INFO - All required packages are installed
2025-06-04 02:00:33,735 - INFO - Python path: ['D:\\T.F.N Billing', 'C:\\Program Files\\WindowsApps\\PythonSoftwareFoundation.Python.3.13_3.13.1008.0_x64__qbz5n2kfra8p0\\python313.zip', 'C:\\Program Files\\WindowsApps\\PythonSoftwareFoundation.Python.3.13_3.13.1008.0_x64__qbz5n2kfra8p0\\DLLs', 'C:\\Program Files\\WindowsApps\\PythonSoftwareFoundation.Python.3.13_3.13.1008.0_x64__qbz5n2kfra8p0\\Lib', 'C:\\Program Files\\WindowsApps\\PythonSoftwareFoundation.Python.3.13_3.13.1008.0_x64__qbz5n2kfra8p0', 'C:\\Users\\rakes\\AppData\\Local\\Packages\\PythonSoftwareFoundation.Python.3.13_qbz5n2kfra8p0\\LocalCache\\local-packages\\Python313\\site-packages', 'C:\\Program Files\\WindowsApps\\PythonSoftwareFoundation.Python.3.13_3.13.1008.0_x64__qbz5n2kfra8p0\\Lib\\site-packages']
2025-06-04 02:00:33,735 - INFO - Current directory: D:\T.F.N Billing
2025-06-04 02:00:33,736 - INFO - Directory contents: ['app.spec', 'assets', 'build', 'customers.json', 'dist', 'invoice_log.json', 'invoice_tracker.json', 'launcher.py', 'logs', 'main.py', 'MMM', 'output_invoices', 'README.md', 'requirements.txt', 'tfn_billing_debug.log', 'Thunderstorm Bill Generator.spec', 'users.json']
2025-06-04 02:00:33,736 - INFO - Importing main module
2025-06-04 02:00:33,960 - DEBUG - CACHEDIR=C:\Users\rakes\.matplotlib
2025-06-04 02:00:33,963 - DEBUG - Using fontManager instance from C:\Users\rakes\.matplotlib\fontlist-v390.json
2025-06-04 02:00:34,160 - INFO - Starting main application
2025-06-04 02:00:34,161 - ERROR - Error: Failed to start application:
'NoneType' object has no attribute 'mainloop'

Details:
Current directory: D:\T.F.N Billing
Python path: ['D:\\T.F.N Billing', 'C:\\Program Files\\WindowsApps\\PythonSoftwareFoundation.Python.3.13_3.13.1008.0_x64__qbz5n2kfra8p0\\python313.zip', 'C:\\Program Files\\WindowsApps\\PythonSoftwareFoundation.Python.3.13_3.13.1008.0_x64__qbz5n2kfra8p0\\DLLs', 'C:\\Program Files\\WindowsApps\\PythonSoftwareFoundation.Python.3.13_3.13.1008.0_x64__qbz5n2kfra8p0\\Lib', 'C:\\Program Files\\WindowsApps\\PythonSoftwareFoundation.Python.3.13_3.13.1008.0_x64__qbz5n2kfra8p0', 'C:\\Users\\rakes\\AppData\\Local\\Packages\\PythonSoftwareFoundation.Python.3.13_qbz5n2kfra8p0\\LocalCache\\local-packages\\Python313\\site-packages', 'C:\\Program Files\\WindowsApps\\PythonSoftwareFoundation.Python.3.13_3.13.1008.0_x64__qbz5n2kfra8p0\\Lib\\site-packages']
Files in directory: ['app.spec', 'assets', 'build', 'customers.json', 'dist', 'invoice_log.json', 'invoice_tracker.json', 'launcher.py', 'logs', 'main.py', 'MMM', 'output_invoices', 'README.md', 'requirements.txt', 'tfn_billing_debug.log', 'Thunderstorm Bill Generator.spec', 'users.json', '__pycache__']

Full traceback:
Traceback (most recent call last):
  File "D:\T.F.N Billing\launcher.py", line 187, in main
    app.mainloop()
    ^^^^^^^^^^^^
AttributeError: 'NoneType' object has no attribute 'mainloop'

2025-06-04 02:00:36,378 - ERROR - Failed to start application:
'NoneType' object has no attribute 'mainloop'

Details:
Current directory: D:\T.F.N Billing
Python path: ['D:\\T.F.N Billing', 'C:\\Program Files\\WindowsApps\\PythonSoftwareFoundation.Python.3.13_3.13.1008.0_x64__qbz5n2kfra8p0\\python313.zip', 'C:\\Program Files\\WindowsApps\\PythonSoftwareFoundation.Python.3.13_3.13.1008.0_x64__qbz5n2kfra8p0\\DLLs', 'C:\\Program Files\\WindowsApps\\PythonSoftwareFoundation.Python.3.13_3.13.1008.0_x64__qbz5n2kfra8p0\\Lib', 'C:\\Program Files\\WindowsApps\\PythonSoftwareFoundation.Python.3.13_3.13.1008.0_x64__qbz5n2kfra8p0', 'C:\\Users\\rakes\\AppData\\Local\\Packages\\PythonSoftwareFoundation.Python.3.13_qbz5n2kfra8p0\\LocalCache\\local-packages\\Python313\\site-packages', 'C:\\Program Files\\WindowsApps\\PythonSoftwareFoundation.Python.3.13_3.13.1008.0_x64__qbz5n2kfra8p0\\Lib\\site-packages']
Files in directory: ['app.spec', 'assets', 'build', 'customers.json', 'dist', 'invoice_log.json', 'invoice_tracker.json', 'launcher.py', 'logs', 'main.py', 'MMM', 'output_invoices', 'README.md', 'requirements.txt', 'tfn_billing_debug.log', 'Thunderstorm Bill Generator.spec', 'users.json', '__pycache__']

Full traceback:
Traceback (most recent call last):
  File "D:\T.F.N Billing\launcher.py", line 187, in main
    app.mainloop()
    ^^^^^^^^^^^^
AttributeError: 'NoneType' object has no attribute 'mainloop'

2025-06-04 02:00:36,379 - CRITICAL - Unhandled exception: 'NoneType' object has no attribute 'mainloop'
Traceback (most recent call last):
  File "D:\T.F.N Billing\launcher.py", line 201, in <module>
    main()
    ~~~~^^
  File "D:\T.F.N Billing\launcher.py", line 187, in main
    app.mainloop()
    ^^^^^^^^^^^^
AttributeError: 'NoneType' object has no attribute 'mainloop'

2025-06-04 02:00:36,379 - ERROR - Critical Error: Unhandled exception: 'NoneType' object has no attribute 'mainloop'
2026-03-07 21:08:46,752 - INFO - Starting TFN Billing application
2026-03-07 21:08:46,752 - INFO - Initializing directories and files
2026-03-07 21:08:46,753 - INFO - Application directory: D:\T.F.N Billing
2026-03-07 21:08:46,753 - INFO - Changed working directory to: D:\T.F.N Billing
2026-03-07 21:08:46,753 - WARNING - Missing package: No module named 'reportlab'
2026-03-07 21:08:46,753 - INFO - Starting requirements installation
2026-03-07 21:09:46,006 - INFO - Requirements installation completed successfully
2026-03-07 21:09:46,030 - INFO - Python path: ['D:\\T.F.N Billing', 'C:\\Python314\\python314.zip', 'C:\\Python314\\DLLs', 'C:\\Python314\\Lib', 'C:\\Python314', 'C:\\Python314\\Lib\\site-packages']
2026-03-07 21:09:46,030 - INFO - Current directory: D:\T.F.N Billing
2026-03-07 21:09:46,031 - INFO - Directory contents: ['.git', 'app.spec', 'assets', 'build', 'build.bat', 'customers.json', 'dist', 'dist.zip', 'invoice_log.json', 'invoice_tracker.json', 'launcher.py', 'launcher.spec', 'logs', 'main.py', 'output_invoices', 'README.md', 'requirements.txt', 'tfn_billing_debug.log', 'Thunderstorm Bill Generator.spec', 'users.json', '__pycache__']
2026-03-07 21:09:46,031 - INFO - Importing main module
2026-03-07 21:09:46,151 - ERROR - Error: Failed to start application:
No module named 'reportlab'

Details:
Current directory: D:\T.F.N Billing
Python path: ['D:\\T.F.N Billing', 'C:\\Python314\\python314.zip', 'C:\\Python314\\DLLs', 'C:\\Python314\\Lib', 'C:\\Python314', 'C:\\Python314\\Lib\\site-packages']
Files in directory: ['.git', 'app.spec', 'assets', 'build', 'build.bat', 'customers.json', 'dist', 'dist.zip', 'invoice_log.json', 'invoice_tracker.json', 'launcher.py', 'launcher.spec', 'logs', 'main.py', 'output_invoices', 'README.md', 'requirements.txt', 'tfn_billing_debug.log', 'Thunderstorm Bill Generator.spec', 'users.json', '__pycache__']

Full traceback:
Traceback (most recent call last):
  File "D:\T.F.N Billing\launcher.py", line 182, in main
    import main
  File "D:\T.F.N Billing\main.py", line 4, in <module>
    from reportlab.lib.pagesizes import A4
ModuleNotFoundError: No module named 'reportlab'

2026-03-07 21:09:51,839 - ERROR - Failed to start application:
No module named 'reportlab'

Details:
Current directory: D:\T.F.N Billing
Python path: ['D:\\T.F.N Billing', 'C:\\Python314\\python314.zip', 'C:\\Python314\\DLLs', 'C:\\Python314\\Lib', 'C:\\Python314', 'C:\\Python314\\Lib\\site-packages']
Files in directory: ['.git', 'app.spec', 'assets', 'build', 'build.bat', 'customers.json', 'dist', 'dist.zip', 'invoice_log.json', 'invoice_tracker.json', 'launcher.py', 'launcher.spec', 'logs', 'main.py', 'output_invoices', 'README.md', 'requirements.txt', 'tfn_billing_debug.log', 'Thunderstorm Bill Generator.spec', 'users.json', '__pycache__']

Full traceback:
Traceback (most recent call last):
  File "D:\T.F.N Billing\launcher.py", line 182, in main
    import main
  File "D:\T.F.N Billing\main.py", line 4, in <module>
    from reportlab.lib.pagesizes import A4
ModuleNotFoundError: No module named 'reportlab'

2026-03-07 21:09:51,842 - CRITICAL - Unhandled exception: No module named 'reportlab'
Traceback (most recent call last):
  File "D:\T.F.N Billing\launcher.py", line 200, in <module>
    main()
    ~~~~^^
  File "D:\T.F.N Billing\launcher.py", line 182, in main
    import main
  File "D:\T.F.N Billing\main.py", line 4, in <module>
    from reportlab.lib.pagesizes import A4
ModuleNotFoundError: No module named 'reportlab'

2026-03-07 21:09:51,842 - ERROR - Critical Error: Unhandled exception: No module named 'reportlab'
2026-03-07 21:19:31,622 - INFO - Starting TFN Billing application
2026-03-07 21:19:31,622 - INFO - Initializing directories and files
2026-03-07 21:19:31,622 - INFO - Application directory: D:\T.F.N Billing
2026-03-07 21:19:31,622 - INFO - Changed working directory to: D:\T.F.N Billing
2026-03-07 21:19:33,470 - DEBUG - matplotlib data path: C:\Users\rakes\AppData\Roaming\Python\Python314\site-packages\matplotlib\mpl-data
2026-03-07 21:19:33,480 - DEBUG - CONFIGDIR=C:\Users\rakes\.matplotlib
2026-03-07 21:19:33,483 - DEBUG - interactive is False
2026-03-07 21:19:33,483 - DEBUG - platform is win32
2026-03-07 21:19:33,505 - INFO - All required packages are installed
2026-03-07 21:19:33,505 - INFO - Python path: ['D:\\T.F.N Billing', 'C:\\Python314\\python314.zip', 'C:\\Python314\\DLLs', 'C:\\Python314\\Lib', 'C:\\Python314', 'C:\\Users\\rakes\\AppData\\Roaming\\Python\\Python314\\site-packages', 'C:\\Python314\\Lib\\site-packages']
2026-03-07 21:19:33,505 - INFO - Current directory: D:\T.F.N Billing
2026-03-07 21:19:33,505 - INFO - Directory contents: ['.git', 'app.spec', 'assets', 'build', 'build.bat', 'customers.json', 'dist', 'dist.zip', 'invoice_log.json', 'invoice_tracker.json', 'launcher.py', 'launcher.spec', 'logs', 'main.py', 'output_invoices', 'README.md', 'requirements.txt', 'tfn_billing_debug.log', 'Thunderstorm Bill Generator.spec', 'users.json', '__pycache__']
2026-03-07 21:19:33,506 - INFO - Importing main module
2026-03-07 21:19:34,017 - DEBUG - CACHEDIR=C:\Users\rakes\.matplotlib
2026-03-07 21:19:34,020 - DEBUG - Using fontManager instance from C:\Users\rakes\.matplotlib\fontlist-v390.json
2026-03-07 21:19:34,444 - INFO - Starting main application
2026-03-07 21:19:34,445 - INFO - Starting application
2026-03-07 21:19:34,445 - INFO - Initializing main application window
2026-03-07 21:19:34,528 - INFO - Created output_invoices directory
2026-03-07 21:19:34,545 - DEBUG - STREAM b'IHDR' 16 13
2026-03-07 21:19:34,545 - DEBUG - STREAM b'PLTE' 41 108
2026-03-07 21:19:34,546 - DEBUG - STREAM b'tRNS' 161 35
2026-03-07 21:19:34,546 - DEBUG - STREAM b'IDAT' 208 5693
2026-03-07 21:19:34,578 - INFO - Successfully set app icon from PNG
2026-03-07 21:19:34,629 - INFO - Successfully set app icon from ICO
2026-03-07 21:19:34,650 - INFO - Showing login window
2026-03-07 21:19:34,650 - DEBUG - Entering function: login_window
2026-03-07 21:19:34,650 - INFO - Creating login window
2026-03-07 21:19:34,677 - DEBUG - Login window icon set successfully
2026-03-07 21:19:34,680 - DEBUG - Login window centered on screen
2026-03-07 21:19:34,734 - DEBUG - Exiting function: login_window
2026-03-07 21:19:34,734 - INFO - Starting main event loop
2026-03-07 21:19:38,829 - INFO - Login attempt for user: admin
2026-03-07 21:19:38,831 - WARNING - Failed login attempt for user: admin
2026-03-07 21:19:40,729 - INFO - Login attempt for user: admin
2026-03-07 21:19:40,731 - INFO - Successful login for user: admin with role: admin
2026-03-07 21:19:40,780 - DEBUG - STREAM b'IHDR' 16 13
2026-03-07 21:19:40,781 - DEBUG - STREAM b'PLTE' 41 108
2026-03-07 21:19:40,781 - DEBUG - STREAM b'tRNS' 161 35
2026-03-07 21:19:40,781 - DEBUG - STREAM b'IDAT' 208 5693
2026-03-07 21:19:41,543 - DEBUG - Entering function: load_customers
2026-03-07 21:19:41,543 - DEBUG - Loading customers from: customers.json
2026-03-07 21:19:41,544 - DEBUG - Loaded 1 customers
2026-03-07 21:19:41,544 - DEBUG - Exiting function: load_customers
2026-03-07 21:19:41,585 - DEBUG - Entering function: __init__
2026-03-07 21:19:41,589 - DEBUG - Entering function: set_date
2026-03-07 21:19:41,589 - DEBUG - Set date from datetime object: 2026-03-07 21:19:41.585620
2026-03-07 21:19:41,589 - DEBUG - Exiting function: set_date
2026-03-07 21:19:41,589 - DEBUG - Initialized CustomDateEntry widget
2026-03-07 21:19:41,589 - DEBUG - Exiting function: __init__
2026-03-07 21:19:41,590 - DEBUG - Entering function: __init__
2026-03-07 21:19:41,591 - DEBUG - Entering function: set_date
2026-03-07 21:19:41,591 - DEBUG - Set date from datetime object: 2026-03-07 21:19:41.590902
2026-03-07 21:19:41,592 - DEBUG - Exiting function: set_date
2026-03-07 21:19:41,592 - DEBUG - Initialized CustomDateEntry widget
2026-03-07 21:19:41,592 - DEBUG - Exiting function: __init__
2026-03-07 21:19:41,620 - DEBUG - Entering function: load_customers
2026-03-07 21:19:41,620 - DEBUG - Loading customers from: customers.json
2026-03-07 21:19:41,621 - DEBUG - Loaded 1 customers
2026-03-07 21:19:41,621 - DEBUG - Exiting function: load_customers
2026-03-07 21:19:57,795 - DEBUG - Entering function: autofill_customer_data
2026-03-07 21:19:57,795 - DEBUG - Attempting to autofill customer data
2026-03-07 21:19:57,795 - DEBUG - Entering function: load_customers
2026-03-07 21:19:57,795 - DEBUG - Loading customers from: customers.json
2026-03-07 21:19:57,796 - DEBUG - Loaded 1 customers
2026-03-07 21:19:57,796 - DEBUG - Exiting function: load_customers
2026-03-07 21:19:57,796 - INFO - Autofilling data for customer: TFN001
2026-03-07 21:19:57,796 - DEBUG - Customer data autofill completed
2026-03-07 21:19:57,797 - DEBUG - Exiting function: autofill_customer_data
2026-03-07 21:19:59,991 - DEBUG - Entering function: toggle_theme
2026-03-07 21:19:59,991 - INFO - Toggling theme to: light
2026-03-07 21:19:59,991 - DEBUG - Applying light theme
2026-03-07 21:20:00,056 - DEBUG - Theme update completed
2026-03-07 21:20:00,056 - DEBUG - Exiting function: toggle_theme
2026-03-07 21:20:00,797 - DEBUG - Entering function: toggle_theme
2026-03-07 21:20:00,797 - INFO - Toggling theme to: dark
2026-03-07 21:20:00,797 - DEBUG - Applying dark theme
2026-03-07 21:20:00,844 - DEBUG - Theme update completed
2026-03-07 21:20:00,844 - DEBUG - Exiting function: toggle_theme
2026-03-07 21:20:01,321 - DEBUG - Entering function: toggle_theme
2026-03-07 21:20:01,321 - INFO - Toggling theme to: light
2026-03-07 21:20:01,322 - DEBUG - Applying light theme
2026-03-07 21:20:01,426 - DEBUG - Theme update completed
2026-03-07 21:20:01,426 - DEBUG - Exiting function: toggle_theme
2026-03-07 21:20:01,588 - DEBUG - Entering function: toggle_theme
2026-03-07 21:20:01,589 - INFO - Toggling theme to: dark
2026-03-07 21:20:01,589 - DEBUG - Applying dark theme
2026-03-07 21:20:01,643 - DEBUG - Theme update completed
2026-03-07 21:20:01,643 - DEBUG - Exiting function: toggle_theme
2026-03-07 21:20:09,895 - DEBUG - Entering function: autofill_customer_data
2026-03-07 21:20:09,895 - DEBUG - Attempting to autofill customer data
2026-03-07 21:20:09,895 - DEBUG - Entering function: load_customers
2026-03-07 21:20:09,895 - DEBUG - Loading customers from: customers.json
2026-03-07 21:20:09,896 - DEBUG - Loaded 1 customers
2026-03-07 21:20:09,896 - DEBUG - Exiting function: load_customers
2026-03-07 21:20:09,896 - INFO - Autofilling data for customer: TFN001
2026-03-07 21:20:09,896 - DEBUG - Customer data autofill completed
2026-03-07 21:20:09,897 - DEBUG - Exiting function: autofill_customer_data
2026-03-07 21:20:10,722 - DEBUG - Entering function: autofill_customer_data
2026-03-07 21:20:10,723 - DEBUG - Attempting to autofill customer data
2026-03-07 21:20:10,723 - DEBUG - Entering function: load_customers
2026-03-07 21:20:10,723 - DEBUG - Loading customers from: customers.json
2026-03-07 21:20:10,724 - DEBUG - Loaded 1 customers
2026-03-07 21:20:10,724 - DEBUG - Exiting function: load_customers
2026-03-07 21:20:10,724 - INFO - Autofilling data for customer: TFN001
2026-03-07 21:20:10,725 - DEBUG - Customer data autofill completed
2026-03-07 21:20:10,725 - DEBUG - Exiting function: autofill_customer_data
2026-03-07 21:27:06,548 - INFO - Starting TFN Billing application
2026-03-07 21:27:06,548 - INFO - Initializing directories and files
2026-03-07 21:27:06,548 - INFO - Application directory: D:\T.F.N Billing
2026-03-07 21:27:06,548 - INFO - Changed working directory to: D:\T.F.N Billing
2026-03-07 21:27:07,578 - DEBUG - matplotlib data path: C:\Users\rakes\AppData\Roaming\Python\Python314\site-packages\matplotlib\mpl-data
2026-03-07 21:27:07,585 - DEBUG - CONFIGDIR=C:\Users\rakes\.matplotlib
2026-03-07 21:27:07,586 - DEBUG - interactive is False
2026-03-07 21:27:07,586 - DEBUG - platform is win32
2026-03-07 21:27:07,601 - INFO - All required packages are installed
2026-03-07 21:27:07,601 - INFO - Python path: ['D:\\T.F.N Billing', 'C:\\Python314\\python314.zip', 'C:\\Python314\\DLLs', 'C:\\Python314\\Lib', 'C:\\Python314', 'C:\\Users\\rakes\\AppData\\Roaming\\Python\\Python314\\site-packages', 'C:\\Python314\\Lib\\site-packages']
2026-03-07 21:27:07,601 - INFO - Current directory: D:\T.F.N Billing
2026-03-07 21:27:07,601 - INFO - Directory contents: ['.git', 'app.spec', 'assets', 'build', 'build.bat', 'customers.json', 'dist', 'dist.zip', 'invoice_log.json', 'invoice_tracker.json', 'launcher.py', 'launcher.spec', 'logs', 'main.py', 'output_invoices', 'README.md', 'requirements.txt', 'tfn_billing_debug.log', 'Thunderstorm Bill Generator.spec', 'users.json', '__pycache__']
2026-03-07 21:27:07,601 - INFO - Importing main module
2026-03-07 21:27:07,918 - DEBUG - CACHEDIR=C:\Users\rakes\.matplotlib
2026-03-07 21:27:07,921 - DEBUG - Using fontManager instance from C:\Users\rakes\.matplotlib\fontlist-v390.json
2026-03-07 21:27:08,281 - INFO - Starting main application
2026-03-07 21:27:08,281 - INFO - Starting application
2026-03-07 21:27:08,282 - INFO - Initializing main application window
2026-03-07 21:27:08,355 - INFO - Created output_invoices directory
2026-03-07 21:27:08,362 - DEBUG - STREAM b'IHDR' 16 13
2026-03-07 21:27:08,362 - DEBUG - STREAM b'PLTE' 41 108
2026-03-07 21:27:08,363 - DEBUG - STREAM b'tRNS' 161 35
2026-03-07 21:27:08,363 - DEBUG - STREAM b'IDAT' 208 5693
2026-03-07 21:27:08,397 - INFO - Successfully set app icon from PNG
2026-03-07 21:27:08,442 - INFO - Successfully set app icon from ICO
2026-03-07 21:27:08,451 - INFO - Showing login window
2026-03-07 21:27:08,451 - DEBUG - Entering function: login_window
2026-03-07 21:27:08,451 - INFO - Creating login window
2026-03-07 21:27:08,465 - DEBUG - Login window icon set successfully
2026-03-07 21:27:08,465 - DEBUG - Login window centered on screen
2026-03-07 21:27:08,495 - DEBUG - Exiting function: login_window
2026-03-07 21:27:08,495 - INFO - Starting main event loop
2026-03-07 21:27:14,776 - INFO - Login attempt for user: admin
2026-03-07 21:27:14,777 - WARNING - Failed login attempt for user: admin
2026-03-07 21:27:17,632 - INFO - Login attempt for user: admin
2026-03-07 21:27:17,634 - INFO - Successful login for user: admin with role: admin
2026-03-07 21:27:17,684 - DEBUG - STREAM b'IHDR' 16 13
2026-03-07 21:27:17,685 - DEBUG - STREAM b'PLTE' 41 108
2026-03-07 21:27:17,685 - DEBUG - STREAM b'tRNS' 161 35
2026-03-07 21:27:17,685 - DEBUG - STREAM b'IDAT' 208 5693
2026-03-07 21:27:18,171 - DEBUG - Entering function: load_customers
2026-03-07 21:27:18,171 - DEBUG - Loading customers from: customers.json
2026-03-07 21:27:18,171 - DEBUG - Loaded 1 customers
2026-03-07 21:27:18,171 - DEBUG - Exiting function: load_customers
2026-03-07 21:27:18,211 - DEBUG - Entering function: __init__
2026-03-07 21:27:18,214 - DEBUG - Entering function: set_date
2026-03-07 21:27:18,214 - DEBUG - Set date from datetime object: 2026-03-07 21:27:18.211460
2026-03-07 21:27:18,214 - DEBUG - Exiting function: set_date
2026-03-07 21:27:18,214 - DEBUG - Initialized CustomDateEntry widget
2026-03-07 21:27:18,214 - DEBUG - Exiting function: __init__
2026-03-07 21:27:18,216 - DEBUG - Entering function: __init__
2026-03-07 21:27:18,217 - DEBUG - Entering function: set_date
2026-03-07 21:27:18,218 - DEBUG - Set date from datetime object: 2026-03-07 21:27:18.216330
2026-03-07 21:27:18,218 - DEBUG - Exiting function: set_date
2026-03-07 21:27:18,218 - DEBUG - Initialized CustomDateEntry widget
2026-03-07 21:27:18,218 - DEBUG - Exiting function: __init__
2026-03-07 21:27:21,163 - DEBUG - Entering function: toggle_theme
2026-03-07 21:27:21,163 - INFO - Toggling theme to: light
2026-03-07 21:27:21,163 - DEBUG - Applying light theme
2026-03-07 21:27:21,205 - DEBUG - Theme update completed
2026-03-07 21:27:21,205 - DEBUG - Exiting function: toggle_theme
2026-03-08 13:47:36,377 - INFO - Starting TFN Billing application
2026-03-08 13:47:36,378 - INFO - Initializing directories and files
2026-03-08 13:47:36,378 - INFO - Application directory: d:\T.F.N Billing
2026-03-08 13:47:36,378 - INFO - Changed working directory to: d:\T.F.N Billing
2026-03-08 13:47:39,874 - DEBUG - matplotlib data path: C:\Users\rakes\AppData\Roaming\Python\Python314\site-packages\matplotlib\mpl-data
2026-03-08 13:47:39,882 - DEBUG - CONFIGDIR=C:\Users\rakes\.matplotlib
2026-03-08 13:47:39,885 - DEBUG - interactive is False
2026-03-08 13:47:39,885 - DEBUG - platform is win32
2026-03-08 13:47:39,908 - INFO - All required packages are installed
2026-03-08 13:47:39,909 - INFO - Python path: ['d:\\T.F.N Billing', 'C:\\Python314\\python314.zip', 'C:\\Python314\\DLLs', 'C:\\Python314\\Lib', 'C:\\Python314', 'C:\\Users\\rakes\\AppData\\Roaming\\Python\\Python314\\site-packages', 'C:\\Python314\\Lib\\site-packages']
2026-03-08 13:47:39,909 - INFO - Current directory: d:\T.F.N Billing
2026-03-08 13:47:39,909 - INFO - Directory contents: ['.git', 'app.spec', 'assets', 'build', 'build.bat', 'customers.json', 'dist', 'dist.zip', 'invoice_log.json', 'invoice_tracker.json', 'launcher.py', 'launcher.spec', 'logs', 'main.py', 'output_invoices', 'README.md', 'requirements.txt', 'tfn_billing_debug.log', 'Thunderstorm Bill Generator.spec', 'users.json', '__pycache__']
2026-03-08 13:47:39,909 - INFO - Importing main module
2026-03-08 13:47:40,499 - DEBUG - CACHEDIR=C:\Users\rakes\.matplotlib
2026-03-08 13:47:40,503 - DEBUG - Using fontManager instance from C:\Users\rakes\.matplotlib\fontlist-v390.json
2026-03-08 13:47:40,917 - INFO - Starting main application
2026-03-08 13:47:40,917 - INFO - Starting application
2026-03-08 13:47:40,918 - INFO - Initializing main application window
2026-03-08 13:47:41,682 - INFO - Created output_invoices directory
2026-03-08 13:47:41,699 - DEBUG - STREAM b'IHDR' 16 13
2026-03-08 13:47:41,699 - DEBUG - STREAM b'PLTE' 41 108
2026-03-08 13:47:41,700 - DEBUG - STREAM b'tRNS' 161 35
2026-03-08 13:47:41,700 - DEBUG - STREAM b'IDAT' 208 5693
2026-03-08 13:47:41,732 - INFO - Successfully set app icon from PNG
2026-03-08 13:47:41,781 - INFO - Successfully set app icon from ICO
2026-03-08 13:47:41,795 - INFO - Showing login window
2026-03-08 13:47:41,795 - DEBUG - Entering function: login_window
2026-03-08 13:47:41,796 - INFO - Creating login window
2026-03-08 13:47:41,823 - DEBUG - Login window icon set successfully
2026-03-08 13:47:41,824 - DEBUG - Login window centered on screen
2026-03-08 13:47:41,849 - DEBUG - Exiting function: login_window
2026-03-08 13:47:41,850 - INFO - Starting main event loop
2026-03-08 13:47:47,765 - INFO - Login attempt for user: admin
2026-03-08 13:47:47,767 - WARNING - Failed login attempt for user: admin
2026-03-08 13:47:51,406 - INFO - Login attempt for user: admin
2026-03-08 13:47:51,406 - WARNING - Failed login attempt for user: admin
2026-03-08 13:47:51,407 - INFO - Login attempt for user: admin
2026-03-08 13:47:51,407 - WARNING - Failed login attempt for user: admin
2026-03-08 13:47:55,385 - INFO - Login attempt for user: admin
2026-03-08 13:47:55,386 - INFO - Successful login for user: admin with role: admin
2026-03-08 13:47:55,445 - DEBUG - STREAM b'IHDR' 16 13
2026-03-08 13:47:55,446 - DEBUG - STREAM b'PLTE' 41 108
2026-03-08 13:47:55,446 - DEBUG - STREAM b'tRNS' 161 35
2026-03-08 13:47:55,446 - DEBUG - STREAM b'IDAT' 208 5693
2026-03-08 13:47:56,173 - DEBUG - Entering function: load_customers
2026-03-08 13:47:56,173 - DEBUG - Loading customers from: customers.json
2026-03-08 13:47:56,173 - DEBUG - Loaded 1 customers
2026-03-08 13:47:56,173 - DEBUG - Exiting function: load_customers
2026-03-08 13:47:56,221 - DEBUG - Entering function: __init__
2026-03-08 13:47:56,225 - DEBUG - Entering function: set_date
2026-03-08 13:47:56,225 - DEBUG - Set date from datetime object: 2026-03-08 13:47:56.221477
2026-03-08 13:47:56,226 - DEBUG - Exiting function: set_date
2026-03-08 13:47:56,226 - DEBUG - Initialized CustomDateEntry widget
2026-03-08 13:47:56,226 - DEBUG - Exiting function: __init__
2026-03-08 13:47:56,228 - DEBUG - Entering function: __init__
2026-03-08 13:47:56,230 - DEBUG - Entering function: set_date
2026-03-08 13:47:56,230 - DEBUG - Set date from datetime object: 2026-03-08 13:47:56.228422
2026-03-08 13:47:56,230 - DEBUG - Exiting function: set_date
2026-03-08 13:47:56,230 - DEBUG - Initialized CustomDateEntry widget
2026-03-08 13:47:56,230 - DEBUG - Exiting function: __init__
2026-03-08 13:57:00,023 - INFO - Starting TFN Billing Web App
2026-03-08 13:57:00,024 - INFO - Initializing directories and files
2026-03-08 13:57:00,025 - ERROR - Error: Missing packages: No module named 'flask'. Please run 'pip install Flask flask-cors pywebview reportlab pillow'
2026-03-08 14:00:02,108 - INFO - Starting TFN Billing Web App
2026-03-08 14:00:02,108 - INFO - Initializing directories and files
2026-03-08 14:00:02,109 - ERROR - Error: Missing packages: No module named 'flask'. Please run 'pip install Flask flask-cors reportlab pillow'
2026-03-08 14:01:18,188 - INFO - Starting TFN Billing Web App
2026-03-08 14:01:18,188 - INFO - Initializing directories and files
2026-03-08 14:01:19,368 - INFO - [31m[1mWARNING: This is a development server. Do not use it in a production deployment. Use a production WSGI server instead.[0m
 * Running on http://127.0.0.1:5000
2026-03-08 14:01:19,368 - INFO - [33mPress CTRL+C to quit[0m
2026-03-08 14:01:21,435 - INFO - 127.0.0.1 - - [08/Mar/2026 14:01:21] "GET / HTTP/1.1" 200 -
2026-03-08 14:01:21,642 - INFO - 127.0.0.1 - - [08/Mar/2026 14:01:21] "GET /static/style.css HTTP/1.1" 200 -
2026-03-08 14:01:21,645 - INFO - 127.0.0.1 - - [08/Mar/2026 14:01:21] "[33mGET /static/assets/logo.png HTTP/1.1[0m" 404 -
2026-03-08 14:01:21,750 - INFO - 127.0.0.1 - - [08/Mar/2026 14:01:21] "GET /static/script.js HTTP/1.1" 200 -
2026-03-08 14:01:21,926 - INFO - 127.0.0.1 - - [08/Mar/2026 14:01:21] "GET /api/stats HTTP/1.1" 200 -
2026-03-08 14:01:21,928 - INFO - 127.0.0.1 - - [08/Mar/2026 14:01:21] "GET /api/customers HTTP/1.1" 200 -
2026-03-08 14:01:21,936 - INFO - 127.0.0.1 - - [08/Mar/2026 14:01:21] "GET /api/invoices/logs HTTP/1.1" 200 -
2026-03-08 14:01:22,697 - INFO - 127.0.0.1 - - [08/Mar/2026 14:01:22] "[33mGET /favicon.ico HTTP/1.1[0m" 404 -
2026-03-08 14:01:29,137 - INFO - 127.0.0.1 - - [08/Mar/2026 14:01:29] "GET /api/invoices/next_number HTTP/1.1" 200 -
2026-03-08 14:01:32,776 - INFO - 127.0.0.1 - - [08/Mar/2026 14:01:32] "GET /api/invoices/next_number HTTP/1.1" 200 -
2026-03-08 14:01:38,957 - INFO - 127.0.0.1 - - [08/Mar/2026 14:01:38] "GET /api/invoices/next_number HTTP/1.1" 200 -
2026-03-08 14:01:39,398 - INFO - 127.0.0.1 - - [08/Mar/2026 14:01:39] "GET /api/stats HTTP/1.1" 200 -
2026-03-08 14:01:43,017 - INFO - 127.0.0.1 - - [08/Mar/2026 14:01:43] "GET /api/invoices/next_number HTTP/1.1" 200 -
2026-03-08 14:01:47,794 - INFO - 127.0.0.1 - - [08/Mar/2026 14:01:47] "GET /api/stats HTTP/1.1" 200 -
2026-03-08 14:02:30,810 - INFO - 127.0.0.1 - - [08/Mar/2026 14:02:30] "GET /api/invoices/next_number HTTP/1.1" 200 -
2026-03-08 14:02:34,924 - INFO - 127.0.0.1 - - [08/Mar/2026 14:02:34] "GET /api/invoices/next_number HTTP/1.1" 200 -
2026-03-08 14:02:35,286 - INFO - 127.0.0.1 - - [08/Mar/2026 14:02:35] "GET /api/stats HTTP/1.1" 200 -
2026-03-08 14:02:37,664 - INFO - 127.0.0.1 - - [08/Mar/2026 14:02:37] "GET /api/invoices/next_number HTTP/1.1" 200 -
2026-03-08 14:02:40,338 - INFO - 127.0.0.1 - - [08/Mar/2026 14:02:40] "GET /api/invoices/Test_Customer_Jun_2025.pdf/view HTTP/1.1" 200 -
2026-03-08 14:03:30,199 - INFO - 127.0.0.1 - - [08/Mar/2026 14:03:30] "[36mGET /api/invoices/Test_Customer_Jun_2025.pdf/view HTTP/1.1[0m" 304 -
2026-03-08 14:04:57,314 - INFO - Starting TFN Billing Native App (CustomTkinter)
2026-03-08 14:04:57,315 - INFO - Initializing directories and files
2026-03-08 14:07:27,437 - INFO - Starting TFN Billing Native App (CustomTkinter)
2026-03-08 14:07:27,437 - INFO - Initializing directories and files
2026-03-08 14:07:28,384 - DEBUG - matplotlib data path: C:\Users\rakes\AppData\Roaming\Python\Python314\site-packages\matplotlib\mpl-data
2026-03-08 14:07:28,400 - DEBUG - CONFIGDIR=C:\Users\rakes\.matplotlib
2026-03-08 14:07:28,401 - DEBUG - interactive is False
2026-03-08 14:07:28,401 - DEBUG - platform is win32
2026-03-08 14:07:28,444 - DEBUG - CACHEDIR=C:\Users\rakes\.matplotlib
2026-03-08 14:07:28,447 - DEBUG - Using fontManager instance from C:\Users\rakes\.matplotlib\fontlist-v390.json
2026-03-08 14:07:29,238 - DEBUG - findfont: Matching sans\-serif:style=normal:variant=normal:weight=normal:stretch=normal:size=10.0.
2026-03-08 14:07:29,238 - DEBUG - findfont: score(FontEntry(fname='C:\\Users\\rakes\\AppData\\Roaming\\Python\\Python314\\site-packages\\matplotlib\\mpl-data\\fonts\\ttf\\cmss10.ttf', name='cmss10', style='normal', variant='normal', weight=400, stretch='normal', size='scalable')) = 10.05
2026-03-08 14:07:29,239 - DEBUG - findfont: score(FontEntry(fname='C:\\Users\\rakes\\AppData\\Roaming\\Python\\Python314\\site-packages\\matplotlib\\mpl-data\\fonts\\ttf\\STIXSizOneSymBol.ttf', name='STIXSizeOneSym', style='normal', variant='normal', weight=700, stretch='normal', size='scalable')) = 10.335
2026-03-08 14:07:29,239 - DEBUG - findfont: score(FontEntry(fname='C:\\Users\\rakes\\AppData\\Roaming\\Python\\Python314\\site-packages\\matplotlib\\mpl-data\\fonts\\ttf\\cmmi10.ttf', name='cmmi10', style='normal', variant='normal', weight=400, stretch='normal', size='scalable')) = 10.05
2026-03-08 14:07:29,239 - DEBUG - findfont: score(FontEntry(fname='C:\\Users\\rakes\\AppData\\Roaming\\Python\\Python314\\site-packages\\matplotlib\\mpl-data\\fonts\\ttf\\STIXGeneralBol.ttf', name='STIXGeneral', style='normal', variant='normal', weight=700, stretch='normal', size='scalable')) = 10.335
2026-03-08 14:07:29,239 - DEBUG - findfont: score(FontEntry(fname='C:\\Users\\rakes\\AppData\\Roaming\\Python\\Python314\\site-packages\\matplotlib\\mpl-data\\fonts\\ttf\\DejaVuSansMono-Bold.ttf', name='DejaVu Sans Mono', style='normal', variant='normal', weight=700, stretch='normal', size='scalable')) = 10.335
2026-03-08 14:07:29,239 - DEBUG - findfont: score(FontEntry(fname='C:\\Users\\rakes\\AppData\\Roaming\\Python\\Python314\\site-packages\\matplotlib\\mpl-data\\fonts\\ttf\\cmr10.ttf', name='cmr10', style='normal', variant='normal', weight=400, stretch='normal', size='scalable')) = 10.05
2026-03-08 14:07:29,239 - DEBUG - findfont: score(FontEntry(fname='C:\\Users\\rakes\\AppData\\Roaming\\Python\\Python314\\site-packages\\matplotlib\\mpl-data\\fonts\\ttf\\STIXSizFourSymBol.ttf', name='STIXSizeFourSym', style='normal', variant='normal', weight=700, stretch='normal', size='scalable')) = 10.335
2026-03-08 14:07:29,239 - DEBUG - findfont: score(FontEntry(fname='C:\\Users\\rakes\\AppData\\Roaming\\Python\\Python314\\site-packages\\matplotlib\\mpl-data\\fonts\\ttf\\STIXSizTwoSymBol.ttf', name='STIXSizeTwoSym', style='normal', variant='normal', weight=700, stretch='normal', size='scalable')) = 10.335
2026-03-08 14:07:29,239 - DEBUG - findfont: score(FontEntry(fname='C:\\Users\\rakes\\AppData\\Roaming\\Python\\Python314\\site-packages\\matplotlib\\mpl-data\\fonts\\ttf\\STIXSizTwoSymReg.ttf', name='STIXSizeTwoSym', style='normal', variant='normal', weight=400, stretch='normal', size='scalable')) = 10.05
2026-03-08 14:07:29,239 - DEBUG - findfont: score(FontEntry(fname='C:\\Users\\rakes\\AppData\\Roaming\\Python\\Python314\\site-packages\\matplotlib\\mpl-data\\fonts\\ttf\\cmsy10.ttf', name='cmsy10', style='normal', variant='normal', weight=400, stretch='normal', size='scalable')) = 10.05
2026-03-08 14:07:29,239 - DEBUG - findfont: score(FontEntry(fname='C:\\Users\\rakes\\AppData\\Roaming\\Python\\Python314\\site-packages\\matplotlib\\mpl-data\\fonts\\ttf\\STIXGeneralBolIta.ttf', name='STIXGeneral', style='italic', variant='normal', weight=700, stretch='normal', size='scalable')) = 11.335
2026-03-08 14:07:29,239 - DEBUG - findfont: score(FontEntry(fname='C:\\Users\\rakes\\AppData\\Roaming\\Python\\Python314\\site-packages\\matplotlib\\mpl-data\\fonts\\ttf\\STIXSizFiveSymReg.ttf', name='STIXSizeFiveSym', style='normal', variant='normal', weight=400, stretch='normal', size='scalable')) = 10.05
2026-03-08 14:07:29,240 - DEBUG - findfont: score(FontEntry(fname='C:\\Users\\rakes\\AppData\\Roaming\\Python\\Python314\\site-packages\\matplotlib\\mpl-data\\fonts\\ttf\\STIXSizThreeSymBol.ttf', name='STIXSizeThreeSym', style='normal', variant='normal', weight=700, stretch='normal', size='scalable')) = 10.335
2026-03-08 14:07:29,240 - DEBUG - findfont: score(FontEntry(fname='C:\\Users\\rakes\\AppData\\Roaming\\Python\\Python314\\site-packages\\matplotlib\\mpl-data\\fonts\\ttf\\DejaVuSansDisplay.ttf', name='DejaVu Sans Display', style='normal', variant='normal', weight=400, stretch='normal', size='scalable')) = 10.05
2026-03-08 14:07:29,240 - DEBUG - findfont: score(FontEntry(fname='C:\\Users\\rakes\\AppData\\Roaming\\Python\\Python314\\site-packages\\matplotlib\\mpl-data\\fonts\\ttf\\DejaVuSans-Oblique.ttf', name='DejaVu Sans', style='oblique', variant='normal', weight=400, stretch='normal', size='scalable')) = 1.05
2026-03-08 14:07:29,240 - DEBUG - findfont: score(FontEntry(fname='C:\\Users\\rakes\\AppData\\Roaming\\Python\\Python314\\site-packages\\matplotlib\\mpl-data\\fonts\\ttf\\STIXNonUni.ttf', name='STIXNonUnicode', style='normal', variant='normal', weight=400, stretch='normal', size='scalable')) = 10.05
2026-03-08 14:07:29,240 - DEBUG - findfont: score(FontEntry(fname='C:\\Users\\rakes\\AppData\\Roaming\\Python\\Python314\\site-packages\\matplotlib\\mpl-data\\fonts\\ttf\\DejaVuSansMono.ttf', name='DejaVu Sans Mono', style='normal', variant='normal', weight=400, stretch='normal', size='scalable')) = 10.05
2026-03-08 14:07:29,240 - DEBUG - findfont: score(FontEntry(fname='C:\\Users\\rakes\\AppData\\Roaming\\Python\\Python314\\site-packages\\matplotlib\\mpl-data\\fonts\\ttf\\STIXGeneralItalic.ttf', name='STIXGeneral', style='italic', variant='normal', weight=400, stretch='normal', size='scalable')) = 11.05
2026-03-08 14:07:29,240 - DEBUG - findfont: score(FontEntry(fname='C:\\Users\\rakes\\AppData\\Roaming\\Python\\Python314\\site-packages\\matplotlib\\mpl-data\\fonts\\ttf\\DejaVuSans-BoldOblique.ttf', name='DejaVu Sans', style='oblique', variant='normal', weight=700, stretch='normal', size='scalable')) = 1.335
2026-03-08 14:07:29,240 - DEBUG - findfont: score(FontEntry(fname='C:\\Users\\rakes\\AppData\\Roaming\\Python\\Python314\\site-packages\\matplotlib\\mpl-data\\fonts\\ttf\\cmex10.ttf', name='cmex10', style='normal', variant='normal', weight=400, stretch='normal', size='scalable')) = 10.05
2026-03-08 14:07:29,240 - DEBUG - findfont: score(FontEntry(fname='C:\\Users\\rakes\\AppData\\Roaming\\Python\\Python314\\site-packages\\matplotlib\\mpl-data\\fonts\\ttf\\STIXGeneral.ttf', name='STIXGeneral', style='normal', variant='normal', weight=400, stretch='normal', size='scalable')) = 10.05
2026-03-08 14:07:29,240 - DEBUG - findfont: score(FontEntry(fname='C:\\Users\\rakes\\AppData\\Roaming\\Python\\Python314\\site-packages\\matplotlib\\mpl-data\\fonts\\ttf\\DejaVuSerif.ttf', name='DejaVu Serif', style='normal', variant='normal', weight=400, stretch='normal', size='scalable')) = 10.05
2026-03-08 14:07:29,240 - DEBUG - findfont: score(FontEntry(fname='C:\\Users\\rakes\\AppData\\Roaming\\Python\\Python314\\site-packages\\matplotlib\\mpl-data\\fonts\\ttf\\DejaVuSansMono-BoldOblique.ttf', name='DejaVu Sans Mono', style='oblique', variant='normal', weight=700, stretch='normal', size='scalable')) = 11.335
2026-03-08 14:07:29,241 - DEBUG - findfont: score(FontEntry(fname='C:\\Users\\rakes\\AppData\\Roaming\\Python\\Python314\\site-packages\\matplotlib\\mpl-data\\fonts\\ttf\\DejaVuSerifDisplay.ttf', name='DejaVu Serif Display', style='normal', variant='normal', weight=400, stretch='normal', size='scalable')) = 10.05
2026-03-08 14:07:29,241 - DEBUG - findfont: score(FontEntry(fname='C:\\Users\\rakes\\AppData\\Roaming\\Python\\Python314\\site-packages\\matplotlib\\mpl-data\\fonts\\ttf\\cmb10.ttf', name='cmb10', style='normal', variant='normal', weight=400, stretch='normal', size='scalable')) = 10.05
2026-03-08 14:07:29,241 - DEBUG - findfont: score(FontEntry(fname='C:\\Users\\rakes\\AppData\\Roaming\\Python\\Python314\\site-packages\\matplotlib\\mpl-data\\fonts\\ttf\\DejaVuSans.ttf', name='DejaVu Sans', style='normal', variant='normal', weight=400, stretch='normal', size='scalable')) = 0.05
2026-03-08 14:07:29,241 - DEBUG - findfont: score(FontEntry(fname='C:\\Users\\rakes\\AppData\\Roaming\\Python\\Python314\\site-packages\\matplotlib\\mpl-data\\fonts\\ttf\\STIXSizFourSymReg.ttf', name='STIXSizeFourSym', style='normal', variant='normal', weight=400, stretch='normal', size='scalable')) = 10.05
2026-03-08 14:07:29,241 - DEBUG - findfont: score(FontEntry(fname='C:\\Users\\rakes\\AppData\\Roaming\\Python\\Python314\\site-packages\\matplotlib\\mpl-data\\fonts\\ttf\\STIXSizThreeSymReg.ttf', name='STIXSizeThreeSym', style='normal', variant='normal', weight=400, stretch='normal', size='scalable')) = 10.05
2026-03-08 14:07:29,241 - DEBUG - findfont: score(FontEntry(fname='C:\\Users\\rakes\\AppData\\Roaming\\Python\\Python314\\site-packages\\matplotlib\\mpl-data\\fonts\\ttf\\STIXSizOneSymReg.ttf', name='STIXSizeOneSym', style='normal', variant='normal', weight=400, stretch='normal', size='scalable')) = 10.05
2026-03-08 14:07:29,241 - DEBUG - findfont: score(FontEntry(fname='C:\\Users\\rakes\\AppData\\Roaming\\Python\\Python314\\site-packages\\matplotlib\\mpl-data\\fonts\\ttf\\STIXNonUniBolIta.ttf', name='STIXNonUnicode', style='italic', variant='normal', weight=700, stretch='normal', size='scalable')) = 11.335
2026-03-08 14:07:29,241 - DEBUG - findfont: score(FontEntry(fname='C:\\Users\\rakes\\AppData\\Roaming\\Python\\Python314\\site-packages\\matplotlib\\mpl-data\\fonts\\ttf\\STIXNonUniBol.ttf', name='STIXNonUnicode', style='normal', variant='normal', weight=700, stretch='normal', size='scalable')) = 10.335
2026-03-08 14:07:29,241 - DEBUG - findfont: score(FontEntry(fname='C:\\Users\\rakes\\AppData\\Roaming\\Python\\Python314\\site-packages\\matplotlib\\mpl-data\\fonts\\ttf\\DejaVuSans-Bold.ttf', name='DejaVu Sans', style='normal', variant='normal', weight=700, stretch='normal', size='scalable')) = 0.33499999999999996
2026-03-08 14:07:29,241 - DEBUG - findfont: score(FontEntry(fname='C:\\Users\\rakes\\AppData\\Roaming\\Python\\Python314\\site-packages\\matplotlib\\mpl-data\\fonts\\ttf\\DejaVuSerif-Bold.ttf', name='DejaVu Serif', style='normal', variant='normal', weight=700, stretch='normal', size='scalable')) = 10.335
2026-03-08 14:07:29,241 - DEBUG - findfont: score(FontEntry(fname='C:\\Users\\rakes\\AppData\\Roaming\\Python\\Python314\\site-packages\\matplotlib\\mpl-data\\fonts\\ttf\\DejaVuSerif-BoldItalic.ttf', name='DejaVu Serif', style='italic', variant='normal', weight=700, stretch='normal', size='scalable')) = 11.335
2026-03-08 14:07:29,242 - DEBUG - findfont: score(FontEntry(fname='C:\\Users\\rakes\\AppData\\Roaming\\Python\\Python314\\site-packages\\matplotlib\\mpl-data\\fonts\\ttf\\DejaVuSerif-Italic.ttf', name='DejaVu Serif', style='italic', variant='normal', weight=400, stretch='normal', size='scalable')) = 11.05
2026-03-08 14:07:29,242 - DEBUG - findfont: score(FontEntry(fname='C:\\Users\\rakes\\AppData\\Roaming\\Python\\Python314\\site-packages\\matplotlib\\mpl-data\\fonts\\ttf\\DejaVuSansMono-Oblique.ttf', name='DejaVu Sans Mono', style='oblique', variant='normal', weight=400, stretch='normal', size='scalable')) = 11.05
2026-03-08 14:07:29,242 - DEBUG - findfont: score(FontEntry(fname='C:\\Users\\rakes\\AppData\\Roaming\\Python\\Python314\\site-packages\\matplotlib\\mpl-data\\fonts\\ttf\\cmtt10.ttf', name='cmtt10', style='normal', variant='normal', weight=400, stretch='normal', size='scalable')) = 10.05
2026-03-08 14:07:29,242 - DEBUG - findfont: score(FontEntry(fname='C:\\Users\\rakes\\AppData\\Roaming\\Python\\Python314\\site-packages\\matplotlib\\mpl-data\\fonts\\ttf\\STIXNonUniIta.ttf', name='STIXNonUnicode', style='italic', variant='normal', weight=400, stretch='normal', size='scalable')) = 11.05
2026-03-08 14:07:29,242 - DEBUG - findfont: score(FontEntry(fname='C:\\Windows\\Fonts\\seguiemj.ttf', name='Segoe UI Emoji', style='normal', variant='normal', weight=400, stretch='normal', size='scalable')) = 10.05
2026-03-08 14:07:29,242 - DEBUG - findfont: score(FontEntry(fname='C:\\Windows\\Fonts\\ntailu.ttf', name='Microsoft New Tai Lue', style='normal', variant='normal', weight=400, stretch='normal', size='scalable')) = 10.05
2026-03-08 14:07:29,242 - DEBUG - findfont: score(FontEntry(fname='C:\\Windows\\Fonts\\GOUDOSB.TTF', name='Goudy Old Style', style='normal', variant='normal', weight=700, stretch='normal', size='scalable')) = 10.335
2026-03-08 14:07:29,242 - DEBUG - findfont: score(FontEntry(fname='C:\\Windows\\Fonts\\ARIALNB.TTF', name='Arial', style='normal', variant='normal', weight=700, stretch='condensed', size='scalable')) = 6.8986363636363635
2026-03-08 14:07:29,242 - DEBUG - findfont: score(FontEntry(fname='C:\\Windows\\Fonts\\Candarali.ttf', name='Candara', style='italic', variant='normal', weight=400, stretch='normal', size='scalable')) = 11.05
2026-03-08 14:07:29,243 - DEBUG - findfont: score(FontEntry(fname='C:\\Windows\\Fonts\\phagspab.ttf', name='Microsoft PhagsPa', style='normal', variant='normal', weight=700, stretch='normal', size='scalable')) = 10.335
2026-03-08 14:07:29,243 - DEBUG - findfont: score(FontEntry(fname='C:\\Windows\\Fonts\\FRABK.TTF', name='Franklin Gothic Book', style='normal', variant='normal', weight=400, stretch='normal', size='scalable')) = 10.05
2026-03-08 14:07:29,243 - DEBUG - findfont: score(FontEntry(fname='C:\\Windows\\Fonts\\GOTHIC.TTF', name='Century Gothic', style='normal', variant='normal', weight=400, stretch='normal', size='scalable')) = 10.05
2026-03-08 14:07:29,243 - DEBUG - findfont: score(FontEntry(fname='C:\\Windows\\Fonts\\GOTHICBI.TTF', name='Century Gothic', style='italic', variant='normal', weight=700, stretch='normal', size='scalable')) = 11.335
2026-03-08 14:07:29,243 - DEBUG - findfont: score(FontEntry(fname='C:\\Windows\\Fonts\\COPRGTL.TTF', name='Copperplate Gothic Light', style='normal', variant='normal', weight=400, stretch='normal', size='scalable')) = 10.05
2026-03-08 14:07:29,243 - DEBUG - findfont: score(FontEntry(fname='C:\\Windows\\Fonts\\HTOWERT.TTF', name='High Tower Text', style='normal', variant='normal', weight=400, stretch='normal', size='scalable')) = 10.05
2026-03-08 14:07:29,243 - DEBUG - findfont: score(FontEntry(fname='C:\\Windows\\Fonts\\calibril.ttf', name='Calibri', style='normal', variant='normal', weight=300, stretch='normal', size='scalable')) = 10.145
2026-03-08 14:07:29,243 - DEBUG - findfont: score(FontEntry(fname='C:\\Windows\\Fonts\\BOD_CBI.TTF', name='Bodoni MT', style='italic', variant='normal', weight=700, stretch='condensed', size='scalable')) = 11.535
2026-03-08 14:07:29,243 - DEBUG - findfont: score(FontEntry(fname='C:\\Windows\\Fonts\\GOTHICB.TTF', name='Century Gothic', style='normal', variant='normal', weight=700, stretch='normal', size='scalable')) = 10.335
2026-03-08 14:07:29,243 - DEBUG - findfont: score(FontEntry(fname='C:\\Windows\\Fonts\\ONYX.TTF', name='Onyx', style='normal', variant='normal', weight=400, stretch='normal', size='scalable')) = 10.05
2026-03-08 14:07:29,244 - DEBUG - findfont: score(FontEntry(fname='C:\\Windows\\Fonts\\SCHLBKB.TTF', name='Century Schoolbook', style='normal', variant='normal', weight=700, stretch='normal', size='scalable')) = 10.335
2026-03-08 14:07:29,244 - DEBUG - findfont: score(FontEntry(fname='C:\\Windows\\Fonts\\PALSCRI.TTF', name='Palace Script MT', style='normal', variant='normal', weight=400, stretch='normal', size='scalable')) = 10.05
2026-03-08 14:07:29,244 - DEBUG - findfont: score(FontEntry(fname='C:\\Windows\\Fonts\\Gabriola.ttf', name='Gabriola', style='normal', variant='normal', weight=400, stretch='normal', size='scalable')) = 10.05
2026-03-08 14:07:29,244 - DEBUG - findfont: score(FontEntry(fname='C:\\Windows\\Fonts\\ERASDEMI.TTF', name='Eras Demi ITC', style='normal', variant='normal', weight=400, stretch='normal', size='scalable')) = 10.05
2026-03-08 14:07:29,244 - DEBUG - findfont: score(FontEntry(fname='C:\\Windows\\Fonts\\PERTILI.TTF', name='Perpetua Titling MT', style='normal', variant='normal', weight=300, stretch='normal', size='scalable')) = 10.145
2026-03-08 14:07:29,244 - DEBUG - findfont: score(FontEntry(fname='C:\\Windows\\Fonts\\Roboto-Regular.ttf', name='Roboto', style='normal', variant='normal', weight=400, stretch='normal', size='scalable')) = 10.05
2026-03-08 14:07:29,244 - DEBUG - findfont: score(FontEntry(fname='C:\\Windows\\Fonts\\BRADHITC.TTF', name='Bradley Hand ITC', style='normal', variant='normal', weight=400, stretch='normal', size='scalable')) = 10.05
2026-03-08 14:07:29,244 - DEBUG - findfont: score(FontEntry(fname='C:\\Windows\\Fonts\\verdanai.ttf', name='Verdana', style='italic', variant='normal', weight=400, stretch='normal', size='scalable')) = 4.6863636363636365
2026-03-08 14:07:29,244 - DEBUG - findfont: score(FontEntry(fname='C:\\Windows\\Fonts\\BOD_CB.TTF', name='Bodoni MT', style='normal', variant='normal', weight=700, stretch='condensed', size='scalable')) = 10.535
2026-03-08 14:07:29,244 - DEBUG - findfont: score(FontEntry(fname='C:\\Windows\\Fonts\\FTLTLT.TTF', name='Footlight MT Light', style='normal', variant='normal', weight=300, stretch='normal', size='scalable')) = 10.145
2026-03-08 14:07:29,244 - DEBUG - findfont: score(FontEntry(fname='C:\\Windows\\Fonts\\seguibl.ttf', name='Segoe UI', style='normal', variant='normal', weight=900, stretch='normal', size='scalable')) = 10.525
2026-03-08 14:07:29,245 - DEBUG - findfont: score(FontEntry(fname='C:\\Windows\\Fonts\\corbell.ttf', name='Corbel', style='normal', variant='normal', weight=300, stretch='normal', size='scalable')) = 10.145
2026-03-08 14:07:29,245 - DEBUG - findfont: score(FontEntry(fname='C:\\Windows\\Fonts\\seguisli.ttf', name='Segoe UI', style='italic', variant='normal', weight=350, stretch='normal', size='scalable')) = 11.0975
2026-03-08 14:07:29,245 - DEBUG - findfont: score(FontEntry(fname='C:\\Windows\\Fonts\\PRISTINA.TTF', name='Pristina', style='normal', variant='normal', weight=400, stretch='normal', size='scalable')) = 10.05
2026-03-08 14:07:29,245 - DEBUG - findfont: score(FontEntry(fname='C:\\Windows\\Fonts\\calibrii.ttf', name='Calibri', style='italic', variant='normal', weight=400, stretch='normal', size='scalable')) = 11.05
2026-03-08 14:07:29,245 - DEBUG - findfont: score(FontEntry(fname='C:\\Windows\\Fonts\\GIGI.TTF', name='Gigi', style='normal', variant='normal', weight=400, stretch='normal', size='scalable')) = 10.05
2026-03-08 14:07:29,245 - DEBUG - findfont: score(FontEntry(fname='C:\\Windows\\Fonts\\seguihis.ttf', name='Segoe UI Historic', style='normal', variant='normal', weight=400, stretch='normal', size='scalable')) = 10.05
2026-03-08 14:07:29,245 - DEBUG - findfont: score(FontEntry(fname='C:\\Windows\\Fonts\\arialbd.ttf', name='Arial', style='normal', variant='normal', weight=700, stretch='normal', size='scalable')) = 6.698636363636363
2026-03-08 14:07:29,245 - DEBUG - findfont: score(FontEntry(fname='C:\\Windows\\Fonts\\consolab.ttf', name='Consolas', style='normal', variant='normal', weight=700, stretch='normal', size='scalable')) = 10.335
2026-03-08 14:07:29,245 - DEBUG - findfont: score(FontEntry(fname='C:\\Windows\\Fonts\\segoeui.ttf', name='Segoe UI', style='normal', variant='normal', weight=400, stretch='normal', size='scalable')) = 10.05
2026-03-08 14:07:29,245 - DEBUG - findfont: score(FontEntry(fname='C:\\Windows\\Fonts\\calibriz.ttf', name='Calibri', style='italic', variant='normal', weight=700, stretch='normal', size='scalable')) = 11.335
2026-03-08 14:07:29,246 - DEBUG - findfont: score(FontEntry(fname='C:\\Windows\\Fonts\\LSANSD.TTF', name='Lucida Sans', style='normal', variant='normal', weight=600, stretch='normal', size='scalable')) = 10.24
2026-03-08 14:07:29,246 - DEBUG - findfont: score(FontEntry(fname='C:\\Windows\\Fonts\\FRADMCN.TTF', name='Franklin Gothic Demi Cond', style='normal', variant='normal', weight=400, stretch='condensed', size='scalable')) = 10.25
2026-03-08 14:07:29,246 - DEBUG - findfont: score(FontEntry(fname='C:\\Windows\\Fonts\\BOOKOS.TTF', name='Bookman Old Style', style='normal', variant='normal', weight=300, stretch='normal', size='scalable')) = 10.145
2026-03-08 14:07:29,246 - DEBUG - findfont: score(FontEntry(fname='C:\\Windows\\Fonts\\bahnschrift.ttf', name='Bahnschrift', style='normal', variant='normal', weight=400, stretch='normal', size='scalable')) = 10.05
2026-03-08 14:07:29,246 - DEBUG - findfont: score(FontEntry(fname='C:\\Windows\\Fonts\\BOD_R.TTF', name='Bodoni MT', style='normal', variant='normal', weight=400, stretch='normal', size='scalable')) = 10.05
2026-03-08 14:07:29,246 - DEBUG - findfont: score(FontEntry(fname='C:\\Windows\\Fonts\\CALIFR.TTF', name='Californian FB', style='normal', variant='normal', weight=400, stretch='normal', size='scalable')) = 10.05
2026-03-08 14:07:29,246 - DEBUG - findfont: score(FontEntry(fname='C:\\Windows\\Fonts\\GLECB.TTF', name='Gloucester MT Extra Condensed', style='normal', variant='normal', weight=400, stretch='condensed', size='scalable')) = 10.25
2026-03-08 14:07:29,246 - DEBUG - findfont: score(FontEntry(fname='C:\\Windows\\Fonts\\consolaz.ttf', name='Consolas', style='italic', variant='normal', weight=700, stretch='normal', size='scalable')) = 11.335
2026-03-08 14:07:29,246 - DEBUG - findfont: score(FontEntry(fname='C:\\Windows\\Fonts\\SimsunExtG.ttf', name='SimSun-ExtG', style='normal', variant='normal', weight=400, stretch='normal', size='scalable')) = 10.05
2026-03-08 14:07:29,246 - DEBUG - findfont: score(FontEntry(fname='C:\\Windows\\Fonts\\GILC____.TTF', name='Gill Sans MT Condensed', style='normal', variant='normal', weight=400, stretch='condensed', size='scalable')) = 10.25
2026-03-08 14:07:29,246 - DEBUG - findfont: score(FontEntry(fname='C:\\Windows\\Fonts\\LBRITED.TTF', name='Lucida Bright', style='normal', variant='normal', weight=600, stretch='normal', size='scalable')) = 10.24
2026-03-08 14:07:29,247 - DEBUG - findfont: score(FontEntry(fname='C:\\Windows\\Fonts\\sylfaen.ttf', name='Sylfaen', style='normal', variant='normal', weight=400, stretch='normal', size='scalable')) = 10.05
2026-03-08 14:07:29,247 - DEBUG - findfont: score(FontEntry(fname='C:\\Windows\\Fonts\\comicbd.ttf', name='Comic Sans MS', style='normal', variant='normal', weight=700, stretch='normal', size='scalable')) = 10.335
2026-03-08 14:07:29,247 - DEBUG - findfont: score(FontEntry(fname='C:\\Windows\\Fonts\\HATTEN.TTF', name='Haettenschweiler', style='normal', variant='normal', weight=400, stretch='normal', size='scalable')) = 10.05
2026-03-08 14:07:29,247 - DEBUG - findfont: score(FontEntry(fname='C:\\Windows\\Fonts\\ERASBD.TTF', name='Eras Bold ITC', style='normal', variant='normal', weight=400, stretch='normal', size='scalable')) = 10.05
2026-03-08 14:07:29,247 - DEBUG - findfont: score(FontEntry(fname='C:\\Windows\\Fonts\\mmrtext.ttf', name='Myanmar Text', style='normal', variant='normal', weight=400, stretch='normal', size='scalable')) = 10.05
2026-03-08 14:07:29,247 - DEBUG - findfont: score(FontEntry(fname='C:\\Windows\\Fonts\\ariblk.ttf', name='Arial', style='normal', variant='normal', weight=900, stretch='normal', size='scalable')) = 6.888636363636364
2026-03-08 14:07:29,247 - DEBUG - findfont: score(FontEntry(fname='C:\\Windows\\Fonts\\pala.ttf', name='Palatino Linotype', style='normal', variant='normal', weight=400, stretch='normal', size='scalable')) = 10.05
2026-03-08 14:07:29,247 - DEBUG - findfont: score(FontEntry(fname='C:\\Windows\\Fonts\\FORTE.TTF', name='Forte', style='normal', variant='normal', weight=400, stretch='normal', size='scalable')) = 10.05
2026-03-08 14:07:29,247 - DEBUG - findfont: score(FontEntry(fname='C:\\Windows\\Fonts\\CENTURY.TTF', name='Century', style='normal', variant='normal', weight=400, stretch='normal', size='scalable')) = 10.05
2026-03-08 14:07:29,248 - DEBUG - findfont: score(FontEntry(fname='C:\\Windows\\Fonts\\ARIALN.TTF', name='Arial', style='normal', variant='normal', weight=400, stretch='condensed', size='scalable')) = 6.613636363636363
2026-03-08 14:07:29,248 - DEBUG - findfont: score(FontEntry(fname='C:\\Windows\\Fonts\\ntailub.ttf', name='Microsoft New Tai Lue', style='normal', variant='normal', weight=700, stretch='normal', size='scalable')) = 10.335
2026-03-08 14:07:29,248 - DEBUG - findfont: score(FontEntry(fname='C:\\Windows\\Fonts\\comicz.ttf', name='Comic Sans MS', style='italic', variant='normal', weight=700, stretch='normal', size='scalable')) = 11.335
2026-03-08 14:07:29,248 - DEBUG - findfont: score(FontEntry(fname='C:\\Windows\\Fonts\\ANTQUAB.TTF', name='Book Antiqua', style='normal', variant='normal', weight=700, stretch='normal', size='scalable')) = 10.335
2026-03-08 14:07:29,248 - DEBUG - findfont: score(FontEntry(fname='C:\\Windows\\Fonts\\monbaiti.ttf', name='Mongolian Baiti', style='normal', variant='normal', weight=400, stretch='normal', size='scalable')) = 10.05
2026-03-08 14:07:29,248 - DEBUG - findfont: score(FontEntry(fname='C:\\Windows\\Fonts\\HARLOWSI.TTF', name='Harlow Solid Italic', style='italic', variant='normal', weight=400, stretch='normal', size='scalable')) = 11.05
2026-03-08 14:07:29,248 - DEBUG - findfont: score(FontEntry(fname='C:\\Windows\\Fonts\\verdanaz.ttf', name='Verdana', style='italic', variant='normal', weight=700, stretch='normal', size='scalable')) = 4.971363636363637
2026-03-08 14:07:29,248 - DEBUG - findfont: score(FontEntry(fname='C:\\Windows\\Fonts\\FRAMDCN.TTF', name='Franklin Gothic Medium Cond', style='normal', variant='normal', weight=400, stretch='condensed', size='scalable')) = 10.25
2026-03-08 14:07:29,248 - DEBUG - findfont: score(FontEntry(fname='C:\\Windows\\Fonts\\SegUIVar.ttf', name='Segoe UI Variable', style='normal', variant='normal', weight=400, stretch='normal', size='scalable')) = 10.05
2026-03-08 14:07:29,248 - DEBUG - findfont: score(FontEntry(fname='C:\\Windows\\Fonts\\TCCEB.TTF', name='Tw Cen MT Condensed Extra Bold', style='normal', variant='normal', weight=400, stretch='condensed', size='scalable')) = 10.25
2026-03-08 14:07:29,249 - DEBUG - findfont: score(FontEntry(fname='C:\\Windows\\Fonts\\corbelli.ttf', name='Corbel', style='italic', variant='normal', weight=300, stretch='normal', size='scalable')) = 11.145
2026-03-08 14:07:29,249 - DEBUG - findfont: score(FontEntry(fname='C:\\Windows\\Fonts\\GILSANUB.TTF', name='Gill Sans Ultra Bold', style='normal', variant='normal', weight=400, stretch='normal', size='scalable')) = 10.05
2026-03-08 14:07:29,249 - DEBUG - findfont: score(FontEntry(fname='C:\\Windows\\Fonts\\seguibli.ttf', name='Segoe UI', style='italic', variant='normal', weight=900, stretch='normal', size='scalable')) = 11.525
2026-03-08 14:07:29,249 - DEBUG - findfont: score(FontEntry(fname='C:\\Windows\\Fonts\\FELIXTI.TTF', name='Felix Titling', style='normal', variant='normal', weight=400, stretch='normal', size='scalable')) = 10.05
2026-03-08 14:07:29,249 - DEBUG - findfont: score(FontEntry(fname='C:\\Windows\\Fonts\\msgothic.ttc', name='MS Gothic', style='normal', variant='normal', weight=400, stretch='normal', size='scalable')) = 10.05
2026-03-08 14:07:29,249 - DEBUG - findfont: score(FontEntry(fname='C:\\Windows\\Fonts\\Nirmala.ttc', name='Nirmala UI', style='normal', variant='normal', weight=400, stretch='normal', size='scalable')) = 10.05
2026-03-08 14:07:29,249 - DEBUG - findfont: score(FontEntry(fname='C:\\Windows\\Fonts\\TCBI____.TTF', name='Tw Cen MT', style='italic', variant='normal', weight=700, stretch='normal', size='scalable')) = 11.335
2026-03-08 14:07:29,249 - DEBUG - findfont: score(FontEntry(fname='C:\\Windows\\Fonts\\segoeuisl.ttf', name='Segoe UI', style='normal', variant='normal', weight=350, stretch='normal', size='scalable')) = 10.0975
2026-03-08 14:07:29,249 - DEBUG - findfont: score(FontEntry(fname='C:\\Windows\\Fonts\\TCMI____.TTF', name='Tw Cen MT', style='italic', variant='normal', weight=400, stretch='normal', size='scalable')) = 11.05
2026-03-08 14:07:29,250 - DEBUG - findfont: score(FontEntry(fname='C:\\Windows\\Fonts\\seguili.ttf', name='Segoe UI', style='italic', variant='normal', weight=300, stretch='normal', size='scalable')) = 11.145
2026-03-08 14:07:29,250 - DEBUG - findfont: score(FontEntry(fname='C:\\Windows\\Fonts\\HTOWERTI.TTF', name='High Tower Text', style='italic', variant='normal', weight=400, stretch='normal', size='scalable')) = 11.05
2026-03-08 14:07:29,250 - DEBUG - findfont: score(FontEntry(fname='C:\\Windows\\Fonts\\SegoeIcons.ttf', name='Segoe Fluent Icons', style='normal', variant='normal', weight=400, stretch='normal', size='scalable')) = 10.05
2026-03-08 14:07:29,250 - DEBUG - findfont: score(FontEntry(fname='C:\\Windows\\Fonts\\BOD_BLAR.TTF', name='Bodoni MT', style='normal', variant='normal', weight=900, stretch='normal', size='scalable')) = 10.525
2026-03-08 14:07:29,250 - DEBUG - findfont: score(FontEntry(fname='C:\\Windows\\Fonts\\msyi.ttf', name='Microsoft Yi Baiti', style='normal', variant='normal', weight=400, stretch='normal', size='scalable')) = 10.05
2026-03-08 14:07:29,250 - DEBUG - findfont: score(FontEntry(fname='C:\\Windows\\Fonts\\GARA.TTF', name='Garamond', style='normal', variant='normal', weight=400, stretch='normal', size='scalable')) = 10.05
2026-03-08 14:07:29,250 - DEBUG - findfont: score(FontEntry(fname='C:\\Windows\\Fonts\\gadugib.ttf', name='Gadugi', style='normal', variant='normal', weight=700, stretch='normal', size='scalable')) = 10.335
2026-03-08 14:07:29,250 - DEBUG - findfont: score(FontEntry(fname='C:\\Windows\\Fonts\\CENSCBK.TTF', name='Century Schoolbook', style='normal', variant='normal', weight=400, stretch='normal', size='scalable')) = 10.05
2026-03-08 14:07:29,250 - DEBUG - findfont: score(FontEntry(fname='C:\\Windows\\Fonts\\CURLZ___.TTF', name='Curlz MT', style='normal', variant='normal', weight=400, stretch='normal', size='scalable')) = 10.05
2026-03-08 14:07:29,250 - DEBUG - findfont: score(FontEntry(fname='C:\\Windows\\Fonts\\GARAIT.TTF', name='Garamond', style='italic', variant='normal', weight=400, stretch='normal', size='scalable')) = 11.05
2026-03-08 14:07:29,250 - DEBUG - findfont: score(FontEntry(fname='C:\\Windows\\Fonts\\ARIALNI.TTF', name='Arial', style='italic', variant='normal', weight=400, stretch='condensed', size='scalable')) = 7.613636363636363
2026-03-08 14:07:29,251 - DEBUG - findfont: score(FontEntry(fname='C:\\Windows\\Fonts\\ARIALNBI.TTF', name='Arial', style='italic', variant='normal', weight=700, stretch='condensed', size='scalable')) = 7.8986363636363635
2026-03-08 14:07:29,251 - DEBUG - findfont: score(FontEntry(fname='C:\\Windows\\Fonts\\Candara.ttf', name='Candara', style='normal', variant='normal', weight=400, stretch='normal', size='scalable')) = 10.05
2026-03-08 14:07:29,251 - DEBUG - findfont: score(FontEntry(fname='C:\\Windows\\Fonts\\GOUDYSTO.TTF', name='Goudy Stout', style='normal', variant='normal', weight=400, stretch='normal', size='scalable')) = 10.05
2026-03-08 14:07:29,251 - DEBUG - findfont: score(FontEntry(fname='C:\\Windows\\Fonts\\couri.ttf', name='Courier New', style='italic', variant='normal', weight=400, stretch='normal', size='scalable')) = 11.05
2026-03-08 14:07:29,251 - DEBUG - findfont: score(FontEntry(fname='C:\\Windows\\Fonts\\georgiaz.ttf', name='Georgia', style='italic', variant='normal', weight=700, stretch='normal', size='scalable')) = 11.335
2026-03-08 14:07:29,251 - DEBUG - findfont: score(FontEntry(fname='C:\\Windows\\Fonts\\BOOKOSI.TTF', name='Bookman Old Style', style='italic', variant='normal', weight=300, stretch='normal', size='scalable')) = 11.145
2026-03-08 14:07:29,251 - DEBUG - findfont: score(FontEntry(fname='C:\\Windows\\Fonts\\BOD_BLAI.TTF', name='Bodoni MT', style='italic', variant='normal', weight=900, stretch='normal', size='scalable')) = 11.525
2026-03-08 14:07:29,251 - DEBUG - findfont: score(FontEntry(fname='C:\\Windows\\Fonts\\YuGothM.ttc', name='Yu Gothic', style='normal', variant='normal', weight=500, stretch='normal', size='scalable')) = 10.145
2026-03-08 14:07:29,251 - DEBUG - findfont: score(FontEntry(fname='C:\\Windows\\Fonts\\calibrib.ttf', name='Calibri', style='normal', variant='normal', weight=700, stretch='normal', size='scalable')) = 10.335
2026-03-08 14:07:29,251 - DEBUG - findfont: score(FontEntry(fname='C:\\Windows\\Fonts\\trebucbd.ttf', name='Trebuchet MS', style='normal', variant='normal', weight=700, stretch='normal', size='scalable')) = 10.335
2026-03-08 14:07:29,252 - DEBUG - findfont: score(FontEntry(fname='C:\\Windows\\Fonts\\trebuc.ttf', name='Trebuchet MS', style='normal', variant='normal', weight=400, stretch='normal', size='scalable')) = 10.05
2026-03-08 14:07:29,252 - DEBUG - findfont: score(FontEntry(fname='C:\\Windows\\Fonts\\tahomabd.ttf', name='Tahoma', style='normal', variant='normal', weight=700, stretch='normal', size='scalable')) = 10.335
2026-03-08 14:07:29,252 - DEBUG - findfont: score(FontEntry(fname='C:\\Windows\\Fonts\\REFSPCL.TTF', name='MS Reference Specialty', style='normal', variant='normal', weight=400, stretch='normal', size='scalable')) = 10.05
2026-03-08 14:07:29,252 - DEBUG - findfont: score(FontEntry(fname='C:\\Windows\\Fonts\\ROCK.TTF', name='Rockwell', style='normal', variant='normal', weight=400, stretch='normal', size='scalable')) = 10.05
2026-03-08 14:07:29,252 - DEBUG - findfont: score(FontEntry(fname='C:\\Windows\\Fonts\\BOD_CR.TTF', name='Bodoni MT', style='normal', variant='normal', weight=400, stretch='condensed', size='scalable')) = 10.25
2026-03-08 14:07:29,252 - DEBUG - findfont: score(FontEntry(fname='C:\\Windows\\Fonts\\cambriab.ttf', name='Cambria', style='normal', variant='normal', weight=700, stretch='normal', size='scalable')) = 10.335
2026-03-08 14:07:29,252 - DEBUG - findfont: score(FontEntry(fname='C:\\Windows\\Fonts\\BRLNSB.TTF', name='Berlin Sans FB', style='normal', variant='normal', weight=700, stretch='normal', size='scalable')) = 10.335
2026-03-08 14:07:29,253 - DEBUG - findfont: score(FontEntry(fname='C:\\Windows\\Fonts\\msjhl.ttc', name='Microsoft JhengHei', style='normal', variant='normal', weight=290, stretch='normal', size='scalable')) = 10.1545
2026-03-08 14:07:29,253 - DEBUG - findfont: score(FontEntry(fname='C:\\Windows\\Fonts\\corbelb.ttf', name='Corbel', style='normal', variant='normal', weight=700, stretch='normal', size='scalable')) = 10.335
2026-03-08 14:07:29,253 - DEBUG - findfont: score(FontEntry(fname='C:\\Windows\\Fonts\\Candarab.ttf', name='Candara', style='normal', variant='normal', weight=700, stretch='normal', size='scalable')) = 10.335
2026-03-08 14:07:29,253 - DEBUG - findfont: score(FontEntry(fname='C:\\Windows\\Fonts\\DUBAI-MEDIUM.TTF', name='Dubai', style='normal', variant='normal', weight=500, stretch='normal', size='scalable')) = 10.145
2026-03-08 14:07:29,253 - DEBUG - findfont: score(FontEntry(fname='C:\\Windows\\Fonts\\verdanab.ttf', name='Verdana', style='normal', variant='normal', weight=700, stretch='normal', size='scalable')) = 3.9713636363636367
2026-03-08 14:07:29,254 - DEBUG - findfont: score(FontEntry(fname='C:\\Windows\\Fonts\\GILBI___.TTF', name='Gill Sans MT', style='italic', variant='normal', weight=700, stretch='normal', size='scalable')) = 11.335
2026-03-08 14:07:29,254 - DEBUG - findfont: score(FontEntry(fname='C:\\Windows\\Fonts\\timesbi.ttf', name='Times New Roman', style='italic', variant='normal', weight=700, stretch='normal', size='scalable')) = 11.335
2026-03-08 14:07:29,254 - DEBUG - findfont: score(FontEntry(fname='C:\\Windows\\Fonts\\Candaral.ttf', name='Candara', style='normal', variant='normal', weight=400, stretch='normal', size='scalable')) = 10.05
2026-03-08 14:07:29,254 - DEBUG - findfont: score(FontEntry(fname='C:\\Windows\\Fonts\\segoeuiz.ttf', name='Segoe UI', style='italic', variant='normal', weight=700, stretch='normal', size='scalable')) = 11.335
2026-03-08 14:07:29,254 - DEBUG - findfont: score(FontEntry(fname='C:\\Windows\\Fonts\\LTYPEB.TTF', name='Lucida Sans Typewriter', style='normal', variant='normal', weight=600, stretch='normal', size='scalable')) = 10.24
2026-03-08 14:07:29,254 - DEBUG - findfont: score(FontEntry(fname='C:\\Windows\\Fonts\\CASTELAR.TTF', name='Castellar', style='normal', variant='normal', weight=400, stretch='normal', size='scalable')) = 10.05
2026-03-08 14:07:29,254 - DEBUG - findfont: score(FontEntry(fname='C:\\Windows\\Fonts\\BOOKOSBI.TTF', name='Bookman Old Style', style='italic', variant='normal', weight=600, stretch='normal', size='scalable')) = 11.24
2026-03-08 14:07:29,254 - DEBUG - findfont: score(FontEntry(fname='C:\\Windows\\Fonts\\FRAHV.TTF', name='Franklin Gothic Heavy', style='normal', variant='normal', weight=400, stretch='normal', size='scalable')) = 10.05
2026-03-08 14:07:29,255 - DEBUG - findfont: score(FontEntry(fname='C:\\Windows\\Fonts\\wingding.ttf', name='Wingdings', style='normal', variant='normal', weight=400, stretch='normal', size='scalable')) = 10.05
2026-03-08 14:07:29,255 - DEBUG - findfont: score(FontEntry(fname='C:\\Windows\\Fonts\\SCHLBKBI.TTF', name='Century Schoolbook', style='italic', variant='normal', weight=700, stretch='normal', size='scalable')) = 11.335
2026-03-08 14:07:29,255 - DEBUG - findfont: score(FontEntry(fname='C:\\Windows\\Fonts\\ROCKI.TTF', name='Rockwell', style='italic', variant='normal', weight=400, stretch='normal', size='scalable')) = 11.05
2026-03-08 14:07:29,255 - DEBUG - findfont: score(FontEntry(fname='C:\\Windows\\Fonts\\MTEXTRA.TTF', name='MT Extra', style='normal', variant='normal', weight=400, stretch='normal', size='scalable')) = 10.05
2026-03-08 14:07:29,255 - DEBUG - findfont: score(FontEntry(fname='C:\\Windows\\Fonts\\BOD_CI.TTF', name='Bodoni MT', style='italic', variant='normal', weight=400, stretch='condensed', size='scalable')) = 11.25
2026-03-08 14:07:29,255 - DEBUG - findfont: score(FontEntry(fname='C:\\Windows\\Fonts\\OLDENGL.TTF', name='Old English Text MT', style='normal', variant='normal', weight=400, stretch='normal', size='scalable')) = 10.05
2026-03-08 14:07:29,255 - DEBUG - findfont: score(FontEntry(fname='C:\\Windows\\Fonts\\ARLRDBD.TTF', name='Arial Rounded MT Bold', style='normal', variant='normal', weight=400, stretch='normal', size='scalable')) = 10.05
2026-03-08 14:07:29,255 - DEBUG - findfont: score(FontEntry(fname='C:\\Windows\\Fonts\\malgunsl.ttf', name='Malgun Gothic', style='normal', variant='normal', weight=300, stretch='normal', size='scalable')) = 10.145
2026-03-08 14:07:29,255 - DEBUG - findfont: score(FontEntry(fname='C:\\Windows\\Fonts\\BSSYM7.TTF', name='Bookshelf Symbol 7', style='normal', variant='normal', weight=400, stretch='normal', size='scalable')) = 10.05
2026-03-08 14:07:29,256 - DEBUG - findfont: score(FontEntry(fname='C:\\Windows\\Fonts\\BOD_I.TTF', name='Bodoni MT', style='italic', variant='normal', weight=400, stretch='normal', size='scalable')) = 11.05
2026-03-08 14:07:29,256 - DEBUG - findfont: score(FontEntry(fname='C:\\Windows\\Fonts\\LSANSDI.TTF', name='Lucida Sans', style='italic', variant='normal', weight=600, stretch='normal', size='scalable')) = 11.24
2026-03-08 14:07:29,256 - DEBUG - findfont: score(FontEntry(fname='C:\\Windows\\Fonts\\PERB____.TTF', name='Perpetua', style='normal', variant='normal', weight=700, stretch='normal', size='scalable')) = 10.335
2026-03-08 14:07:29,256 - DEBUG - findfont: score(FontEntry(fname='C:\\Windows\\Fonts\\YuGothB.ttc', name='Yu Gothic', style='normal', variant='normal', weight=700, stretch='normal', size='scalable')) = 10.335
2026-03-08 14:07:29,256 - DEBUG - findfont: score(FontEntry(fname='C:\\Windows\\Fonts\\TEMPSITC.TTF', name='Tempus Sans ITC', style='normal', variant='normal', weight=400, stretch='normal', size='scalable')) = 10.05
2026-03-08 14:07:29,256 - DEBUG - findfont: score(FontEntry(fname='C:\\Windows\\Fonts\\BELL.TTF', name='Bell MT', style='normal', variant='normal', weight=400, stretch='normal', size='scalable')) = 10.05
2026-03-08 14:07:29,256 - DEBUG - findfont: score(FontEntry(fname='C:\\Windows\\Fonts\\constanb.ttf', name='Constantia', style='normal', variant='normal', weight=700, stretch='normal', size='scalable')) = 10.335
2026-03-08 14:07:29,256 - DEBUG - findfont: score(FontEntry(fname='C:\\Windows\\Fonts\\BOD_BI.TTF', name='Bodoni MT', style='italic', variant='normal', weight=700, stretch='normal', size='scalable')) = 11.335
2026-03-08 14:07:29,256 - DEBUG - findfont: score(FontEntry(fname='C:\\Windows\\Fonts\\framdit.ttf', name='Franklin Gothic Medium', style='italic', variant='normal', weight=400, stretch='normal', size='scalable')) = 11.05
2026-03-08 14:07:29,257 - DEBUG - findfont: score(FontEntry(fname='C:\\Windows\\Fonts\\simsun.ttc', name='SimSun', style='normal', variant='normal', weight=400, stretch='normal', size='scalable')) = 10.05
2026-03-08 14:07:29,257 - DEBUG - findfont: score(FontEntry(fname='C:\\Windows\\Fonts\\taileb.ttf', name='Microsoft Tai Le', style='normal', variant='normal', weight=700, stretch='normal', size='scalable')) = 10.335
2026-03-08 14:07:29,257 - DEBUG - findfont: score(FontEntry(fname='C:\\Windows\\Fonts\\tahoma.ttf', name='Tahoma', style='normal', variant='normal', weight=400, stretch='normal', size='scalable')) = 10.05
2026-03-08 14:07:29,257 - DEBUG - findfont: score(FontEntry(fname='C:\\Windows\\Fonts\\TCCB____.TTF', name='Tw Cen MT Condensed', style='normal', variant='normal', weight=700, stretch='condensed', size='scalable')) = 10.535
2026-03-08 14:07:29,257 - DEBUG - findfont: score(FontEntry(fname='C:\\Windows\\Fonts\\javatext.ttf', name='Javanese Text', style='normal', variant='normal', weight=400, stretch='normal', size='scalable')) = 10.05
2026-03-08 14:07:29,258 - DEBUG - findfont: score(FontEntry(fname='C:\\Windows\\Fonts\\ariali.ttf', name='Arial', style='italic', variant='normal', weight=400, stretch='normal', size='scalable')) = 7.413636363636363
2026-03-08 14:07:29,258 - DEBUG - findfont: score(FontEntry(fname='C:\\Windows\\Fonts\\segoeuil.ttf', name='Segoe UI', style='normal', variant='normal', weight=300, stretch='normal', size='scalable')) = 10.145
2026-03-08 14:07:29,258 - DEBUG - findfont: score(FontEntry(fname='C:\\Windows\\Fonts\\timesi.ttf', name='Times New Roman', style='italic', variant='normal', weight=400, stretch='normal', size='scalable')) = 11.05
2026-03-08 14:07:29,258 - DEBUG - findfont: score(FontEntry(fname='C:\\Windows\\Fonts\\BRLNSDB.TTF', name='Berlin Sans FB Demi', style='normal', variant='normal', weight=700, stretch='normal', size='scalable')) = 10.335
2026-03-08 14:07:29,258 - DEBUG - findfont: score(FontEntry(fname='C:\\Windows\\Fonts\\SitkaVF.ttf', name='Sitka', style='normal', variant='normal', weight=400, stretch='normal', size='scalable')) = 10.05
2026-03-08 14:07:29,259 - DEBUG - findfont: score(FontEntry(fname='C:\\Windows\\Fonts\\ROCKEB.TTF', name='Rockwell Extra Bold', style='normal', variant='normal', weight=800, stretch='normal', size='scalable')) = 10.43
2026-03-08 14:07:29,259 - DEBUG - findfont: score(FontEntry(fname='C:\\Windows\\Fonts\\COLONNA.TTF', name='Colonna MT', style='normal', variant='normal', weight=400, stretch='normal', size='scalable')) = 10.05
2026-03-08 14:07:29,259 - DEBUG - findfont: score(FontEntry(fname='C:\\Windows\\Fonts\\ALGER.TTF', name='Algerian', style='normal', variant='normal', weight=400, stretch='normal', size='scalable')) = 10.05
2026-03-08 14:07:29,259 - DEBUG - findfont: score(FontEntry(fname='C:\\Windows\\Fonts\\DUBAI-BOLD.TTF', name='Dubai', style='normal', variant='normal', weight=700, stretch='normal', size='scalable')) = 10.335
2026-03-08 14:07:29,259 - DEBUG - findfont: score(FontEntry(fname='C:\\Windows\\Fonts\\COPRGTB.TTF', name='Copperplate Gothic Bold', style='normal', variant='normal', weight=400, stretch='normal', size='scalable')) = 10.05
2026-03-08 14:07:29,259 - DEBUG - findfont: score(FontEntry(fname='C:\\Windows\\Fonts\\PARCHM.TTF', name='Parchment', style='normal', variant='normal', weight=400, stretch='normal', size='scalable')) = 10.05
2026-03-08 14:07:29,260 - DEBUG - findfont: score(FontEntry(fname='C:\\Windows\\Fonts\\FREESCPT.TTF', name='Freestyle Script', style='normal', variant='normal', weight=400, stretch='normal', size='scalable')) = 10.05
2026-03-08 14:07:29,260 - DEBUG - findfont: score(FontEntry(fname='C:\\Windows\\Fonts\\ANTQUAI.TTF', name='Book Antiqua', style='italic', variant='normal', weight=400, stretch='normal', size='scalable')) = 11.05
2026-03-08 14:07:29,260 - DEBUG - findfont: score(FontEntry(fname='C:\\Windows\\Fonts\\JUICE___.TTF', name='Juice ITC', style='normal', variant='normal', weight=400, stretch='normal', size='scalable')) = 10.05
2026-03-08 14:07:29,260 - DEBUG - findfont: score(FontEntry(fname='C:\\Windows\\Fonts\\BAUHS93.TTF', name='Bauhaus 93', style='normal', variant='normal', weight=400, stretch='normal', size='scalable')) = 10.05
2026-03-08 14:07:29,260 - DEBUG - findfont: score(FontEntry(fname='C:\\Windows\\Fonts\\IMPRISHA.TTF', name='Imprint MT Shadow', style='normal', variant='normal', weight=400, stretch='normal', size='scalable')) = 10.05
2026-03-08 14:07:29,260 - DEBUG - findfont: score(FontEntry(fname='C:\\Windows\\Fonts\\FRAHVIT.TTF', name='Franklin Gothic Heavy', style='italic', variant='normal', weight=400, stretch='normal', size='scalable')) = 11.05
2026-03-08 14:07:29,260 - DEBUG - findfont: score(FontEntry(fname='C:\\Windows\\Fonts\\mvboli.ttf', name='MV Boli', style='normal', variant='normal', weight=400, stretch='normal', size='scalable')) = 10.05
2026-03-08 14:07:29,260 - DEBUG - findfont: score(FontEntry(fname='C:\\Windows\\Fonts\\micross.ttf', name='Microsoft Sans Serif', style='normal', variant='normal', weight=400, stretch='normal', size='scalable')) = 10.05
2026-03-08 14:07:29,260 - DEBUG - findfont: score(FontEntry(fname='C:\\Windows\\Fonts\\ITCBLKAD.TTF', name='Blackadder ITC', style='normal', variant='normal', weight=400, stretch='normal', size='scalable')) = 10.05
2026-03-08 14:07:29,260 - DEBUG - findfont: score(FontEntry(fname='C:\\Windows\\Fonts\\GOTHICI.TTF', name='Century Gothic', style='italic', variant='normal', weight=400, stretch='normal', size='scalable')) = 11.05
2026-03-08 14:07:29,261 - DEBUG - findfont: score(FontEntry(fname='C:\\Windows\\Fonts\\FRSCRIPT.TTF', name='French Script MT', style='normal', variant='normal', weight=400, stretch='normal', size='scalable')) = 10.05
2026-03-08 14:07:29,261 - DEBUG - findfont: score(FontEntry(fname='C:\\Windows\\Fonts\\CALISTBI.TTF', name='Calisto MT', style='italic', variant='normal', weight=700, stretch='normal', size='scalable')) = 11.335
2026-03-08 14:07:29,261 - DEBUG - findfont: score(FontEntry(fname='C:\\Windows\\Fonts\\VINERITC.TTF', name='Viner Hand ITC', style='normal', variant='normal', weight=400, stretch='normal', size='scalable')) = 10.05
2026-03-08 14:07:29,261 - DEBUG - findfont: score(FontEntry(fname='C:\\Windows\\Fonts\\BRUSHSCI.TTF', name='Brush Script MT', style='italic', variant='normal', weight=400, stretch='normal', size='scalable')) = 11.05
2026-03-08 14:07:29,261 - DEBUG - findfont: score(FontEntry(fname='C:\\Windows\\Fonts\\OCRAEXT.TTF', name='OCR A Extended', style='normal', variant='normal', weight=400, stretch='expanded', size='scalable')) = 10.25
2026-03-08 14:07:29,261 - DEBUG - findfont: score(FontEntry(fname='C:\\Windows\\Fonts\\BRITANIC.TTF', name='Britannic Bold', style='normal', variant='normal', weight=400, stretch='normal', size='scalable')) = 10.05
2026-03-08 14:07:29,261 - DEBUG - findfont: score(FontEntry(fname='C:\\Windows\\Fonts\\ELEPHNTI.TTF', name='Elephant', style='italic', variant='normal', weight=400, stretch='normal', size='scalable')) = 11.05
2026-03-08 14:07:29,261 - DEBUG - findfont: score(FontEntry(fname='C:\\Windows\\Fonts\\GILLUBCD.TTF', name='Gill Sans Ultra Bold Condensed', style='normal', variant='normal', weight=400, stretch='condensed', size='scalable')) = 10.25
2026-03-08 14:07:29,261 - DEBUG - findfont: score(FontEntry(fname='C:\\Windows\\Fonts\\msjhbd.ttc', name='Microsoft JhengHei', style='normal', variant='normal', weight=700, stretch='normal', size='scalable')) = 10.335
2026-03-08 14:07:29,262 - DEBUG - findfont: score(FontEntry(fname='C:\\Windows\\Fonts\\FRABKIT.TTF', name='Franklin Gothic Book', style='italic', variant='normal', weight=400, stretch='normal', size='scalable')) = 11.05
2026-03-08 14:07:29,262 - DEBUG - findfont: score(FontEntry(fname='C:\\Windows\\Fonts\\YuGothR.ttc', name='Yu Gothic', style='normal', variant='normal', weight=400, stretch='normal', size='scalable')) = 10.05
2026-03-08 14:07:29,262 - DEBUG - findfont: score(FontEntry(fname='C:\\Windows\\Fonts\\PER_____.TTF', name='Perpetua', style='normal', variant='normal', weight=400, stretch='normal', size='scalable')) = 10.05
2026-03-08 14:07:29,262 - DEBUG - findfont: score(FontEntry(fname='C:\\Windows\\Fonts\\LATINWD.TTF', name='Wide Latin', style='normal', variant='normal', weight=400, stretch='expanded', size='scalable')) = 10.25
2026-03-08 14:07:29,262 - DEBUG - findfont: score(FontEntry(fname='C:\\Windows\\Fonts\\LBRITEI.TTF', name='Lucida Bright', style='italic', variant='normal', weight=400, stretch='normal', size='scalable')) = 11.05
2026-03-08 14:07:29,262 - DEBUG - findfont: score(FontEntry(fname='C:\\Windows\\Fonts\\FRADM.TTF', name='Franklin Gothic Demi', style='normal', variant='normal', weight=400, stretch='normal', size='scalable')) = 10.05
2026-03-08 14:07:29,262 - DEBUG - findfont: score(FontEntry(fname='C:\\Windows\\Fonts\\ROCKBI.TTF', name='Rockwell', style='italic', variant='normal', weight=700, stretch='normal', size='scalable')) = 11.335
2026-03-08 14:07:29,262 - DEBUG - findfont: score(FontEntry(fname='C:\\Windows\\Fonts\\POORICH.TTF', name='Poor Richard', style='normal', variant='normal', weight=400, stretch='normal', size='scalable')) = 10.05
2026-03-08 14:07:29,262 - DEBUG - findfont: score(FontEntry(fname='C:\\Windows\\Fonts\\MTCORSVA.TTF', name='Monotype Corsiva', style='normal', variant='normal', weight=400, stretch='normal', size='scalable')) = 10.05
2026-03-08 14:07:29,262 - DEBUG - findfont: score(FontEntry(fname='C:\\Windows\\Fonts\\cambriai.ttf', name='Cambria', style='italic', variant='normal', weight=400, stretch='normal', size='scalable')) = 11.05
2026-03-08 14:07:29,263 - DEBUG - findfont: score(FontEntry(fname='C:\\Windows\\Fonts\\ENGR.TTF', name='Engravers MT', style='normal', variant='normal', weight=500, stretch='normal', size='scalable')) = 10.145
2026-03-08 14:07:29,263 - DEBUG - findfont: score(FontEntry(fname='C:\\Windows\\Fonts\\LSANS.TTF', name='Lucida Sans', style='normal', variant='normal', weight=400, stretch='normal', size='scalable')) = 10.05
2026-03-08 14:07:29,263 - DEBUG - findfont: score(FontEntry(fname='C:\\Windows\\Fonts\\GOUDOSI.TTF', name='Goudy Old Style', style='italic', variant='normal', weight=400, stretch='normal', size='scalable')) = 11.05
2026-03-08 14:07:29,263 - DEBUG - findfont: score(FontEntry(fname='C:\\Windows\\Fonts\\YuGothL.ttc', name='Yu Gothic', style='normal', variant='normal', weight=300, stretch='normal', size='scalable')) = 10.145
2026-03-08 14:07:29,263 - DEBUG - findfont: score(FontEntry(fname='C:\\Windows\\Fonts\\BKANT.TTF', name='Book Antiqua', style='normal', variant='normal', weight=400, stretch='normal', size='scalable')) = 10.05
2026-03-08 14:07:29,263 - DEBUG - findfont: score(FontEntry(fname='C:\\Windows\\Fonts\\VIVALDII.TTF', name='Vivaldi', style='italic', variant='normal', weight=400, stretch='normal', size='scalable')) = 11.05
2026-03-08 14:07:29,263 - DEBUG - findfont: score(FontEntry(fname='C:\\Windows\\Fonts\\TCM_____.TTF', name='Tw Cen MT', style='normal', variant='normal', weight=400, stretch='normal', size='scalable')) = 10.05
2026-03-08 14:07:29,263 - DEBUG - findfont: score(FontEntry(fname='C:\\Windows\\Fonts\\LTYPEBO.TTF', name='Lucida Sans Typewriter', style='oblique', variant='normal', weight=600, stretch='normal', size='scalable')) = 11.24
2026-03-08 14:07:29,263 - DEBUG - findfont: score(FontEntry(fname='C:\\Windows\\Fonts\\verdana.ttf', name='Verdana', style='normal', variant='normal', weight=400, stretch='normal', size='scalable')) = 3.6863636363636365
2026-03-08 14:07:29,263 - DEBUG - findfont: score(FontEntry(fname='C:\\Windows\\Fonts\\SNAP____.TTF', name='Snap ITC', style='normal', variant='normal', weight=400, stretch='normal', size='scalable')) = 10.05
2026-03-08 14:07:29,263 - DEBUG - findfont: score(FontEntry(fname='C:\\Windows\\Fonts\\CALISTI.TTF', name='Calisto MT', style='italic', variant='normal', weight=400, stretch='normal', size='scalable')) = 11.05
2026-03-08 14:07:29,263 - DEBUG - findfont: score(FontEntry(fname='C:\\Windows\\Fonts\\STENCIL.TTF', name='Stencil', style='normal', variant='normal', weight=400, stretch='normal', size='scalable')) = 10.05
2026-03-08 14:07:29,263 - DEBUG - findfont: score(FontEntry(fname='C:\\Windows\\Fonts\\segoeuib.ttf', name='Segoe UI', style='normal', variant='normal', weight=700, stretch='normal', size='scalable')) = 10.335
2026-03-08 14:07:29,263 - DEBUG - findfont: score(FontEntry(fname='C:\\Windows\\Fonts\\malgun.ttf', name='Malgun Gothic', style='normal', variant='normal', weight=400, stretch='normal', size='scalable')) = 10.05
2026-03-08 14:07:29,263 - DEBUG - findfont: score(FontEntry(fname='C:\\Windows\\Fonts\\LeelawUI.ttf', name='Leelawadee UI', style='normal', variant='normal', weight=400, stretch='normal', size='scalable')) = 10.05
2026-03-08 14:07:29,264 - DEBUG - findfont: score(FontEntry(fname='C:\\Windows\\Fonts\\COOPBL.TTF', name='Cooper Black', style='normal', variant='normal', weight=400, stretch='normal', size='scalable')) = 10.05
2026-03-08 14:07:29,264 - DEBUG - findfont: score(FontEntry(fname='C:\\Windows\\Fonts\\TCCM____.TTF', name='Tw Cen MT Condensed', style='normal', variant='normal', weight=400, stretch='condensed', size='scalable')) = 10.25
2026-03-08 14:07:29,264 - DEBUG - findfont: score(FontEntry(fname='C:\\Windows\\Fonts\\ITCKRIST.TTF', name='Kristen ITC', style='normal', variant='normal', weight=400, stretch='normal', size='scalable')) = 10.05
2026-03-08 14:07:29,264 - DEBUG - findfont: score(FontEntry(fname='C:\\Windows\\Fonts\\trebucit.ttf', name='Trebuchet MS', style='italic', variant='normal', weight=400, stretch='normal', size='scalable')) = 11.05
2026-03-08 14:07:29,264 - DEBUG - findfont: score(FontEntry(fname='C:\\Windows\\Fonts\\HARNGTON.TTF', name='Harrington', style='normal', variant='normal', weight=400, stretch='normal', size='scalable')) = 10.05
2026-03-08 14:07:29,264 - DEBUG - findfont: score(FontEntry(fname='C:\\Windows\\Fonts\\MISTRAL.TTF', name='Mistral', style='normal', variant='normal', weight=400, stretch='normal', size='scalable')) = 10.05
2026-03-08 14:07:29,264 - DEBUG - findfont: score(FontEntry(fname='C:\\Windows\\Fonts\\ERASMD.TTF', name='Eras Medium ITC', style='normal', variant='normal', weight=400, stretch='normal', size='scalable')) = 10.05
2026-03-08 14:07:29,264 - DEBUG - findfont: score(FontEntry(fname='C:\\Windows\\Fonts\\Candaraz.ttf', name='Candara', style='italic', variant='normal', weight=700, stretch='normal', size='scalable')) = 11.335
2026-03-08 14:07:29,264 - DEBUG - findfont: score(FontEntry(fname='C:\\Windows\\Fonts\\CHILLER.TTF', name='Chiller', style='normal', variant='normal', weight=400, stretch='normal', size='scalable')) = 10.05
2026-03-08 14:07:29,264 - DEBUG - findfont: score(FontEntry(fname='C:\\Windows\\Fonts\\CALIFB.TTF', name='Californian FB', style='normal', variant='normal', weight=700, stretch='normal', size='scalable')) = 10.335
2026-03-08 14:07:29,264 - DEBUG - findfont: score(FontEntry(fname='C:\\Windows\\Fonts\\ITCEDSCR.TTF', name='Edwardian Script ITC', style='normal', variant='normal', weight=400, stretch='normal', size='scalable')) = 10.05
2026-03-08 14:07:29,264 - DEBUG - findfont: score(FontEntry(fname='C:\\Windows\\Fonts\\ANTQUABI.TTF', name='Book Antiqua', style='italic', variant='normal', weight=700, stretch='normal', size='scalable')) = 11.335
2026-03-08 14:07:29,264 - DEBUG - findfont: score(FontEntry(fname='C:\\Windows\\Fonts\\PLAYBILL.TTF', name='Playbill', style='normal', variant='normal', weight=400, stretch='normal', size='scalable')) = 10.05
2026-03-08 14:07:29,264 - DEBUG - findfont: score(FontEntry(fname='C:\\Windows\\Fonts\\LFAXD.TTF', name='Lucida Fax', style='normal', variant='normal', weight=600, stretch='normal', size='scalable')) = 10.24
2026-03-08 14:07:29,265 - DEBUG - findfont: score(FontEntry(fname='C:\\Windows\\Fonts\\calibri.ttf', name='Calibri', style='normal', variant='normal', weight=400, stretch='normal', size='scalable')) = 10.05
2026-03-08 14:07:29,265 - DEBUG - findfont: score(FontEntry(fname='C:\\Windows\\Fonts\\SHOWG.TTF', name='Showcard Gothic', style='normal', variant='normal', weight=400, stretch='normal', size='scalable')) = 10.05
2026-03-08 14:07:29,265 - DEBUG - findfont: score(FontEntry(fname='C:\\Windows\\Fonts\\BERNHC.TTF', name='Bernard MT Condensed', style='normal', variant='normal', weight=400, stretch='condensed', size='scalable')) = 10.25
2026-03-08 14:07:29,265 - DEBUG - findfont: score(FontEntry(fname='C:\\Windows\\Fonts\\calibrili.ttf', name='Calibri', style='italic', variant='normal', weight=300, stretch='normal', size='scalable')) = 11.145
2026-03-08 14:07:29,265 - DEBUG - findfont: score(FontEntry(fname='C:\\Windows\\Fonts\\NIAGSOL.TTF', name='Niagara Solid', style='normal', variant='normal', weight=400, stretch='normal', size='scalable')) = 10.05
2026-03-08 14:07:29,265 - DEBUG - findfont: score(FontEntry(fname='C:\\Windows\\Fonts\\phagspa.ttf', name='Microsoft PhagsPa', style='normal', variant='normal', weight=400, stretch='normal', size='scalable')) = 10.05
2026-03-08 14:07:29,265 - DEBUG - findfont: score(FontEntry(fname='C:\\Windows\\Fonts\\comic.ttf', name='Comic Sans MS', style='normal', variant='normal', weight=400, stretch='normal', size='scalable')) = 10.05
2026-03-08 14:07:29,265 - DEBUG - findfont: score(FontEntry(fname='C:\\Windows\\Fonts\\segoeprb.ttf', name='Segoe Print', style='normal', variant='normal', weight=700, stretch='normal', size='scalable')) = 10.335
2026-03-08 14:07:29,265 - DEBUG - findfont: score(FontEntry(fname='C:\\Windows\\Fonts\\georgiab.ttf', name='Georgia', style='normal', variant='normal', weight=700, stretch='normal', size='scalable')) = 10.335
2026-03-08 14:07:29,265 - DEBUG - findfont: score(FontEntry(fname='C:\\Windows\\Fonts\\consola.ttf', name='Consolas', style='normal', variant='normal', weight=400, stretch='normal', size='scalable')) = 10.05
2026-03-08 14:07:29,265 - DEBUG - findfont: score(FontEntry(fname='C:\\Windows\\Fonts\\symbol.ttf', name='Symbol', style='normal', variant='normal', weight=400, stretch='normal', size='scalable')) = 10.05
2026-03-08 14:07:29,266 - DEBUG - findfont: score(FontEntry(fname='C:\\Windows\\Fonts\\segoesc.ttf', name='Segoe Script', style='normal', variant='normal', weight=400, stretch='normal', size='scalable')) = 10.05
2026-03-08 14:07:29,266 - DEBUG - findfont: score(FontEntry(fname='C:\\Windows\\Fonts\\impact.ttf', name='Impact', style='normal', variant='normal', weight=400, stretch='normal', size='scalable')) = 10.05
2026-03-08 14:07:29,266 - DEBUG - findfont: score(FontEntry(fname='C:\\Windows\\Fonts\\WINGDNG2.TTF', name='Wingdings 2', style='normal', variant='normal', weight=400, stretch='normal', size='scalable')) = 10.05
2026-03-08 14:07:29,266 - DEBUG - findfont: score(FontEntry(fname='C:\\Windows\\Fonts\\palabi.ttf', name='Palatino Linotype', style='italic', variant='normal', weight=700, stretch='normal', size='scalable')) = 11.335
2026-03-08 14:07:29,266 - DEBUG - findfont: score(FontEntry(fname='C:\\Windows\\Fonts\\INFROMAN.TTF', name='Informal Roman', style='normal', variant='normal', weight=400, stretch='normal', size='scalable')) = 10.05
2026-03-08 14:07:29,266 - DEBUG - findfont: score(FontEntry(fname='C:\\Windows\\Fonts\\corbeli.ttf', name='Corbel', style='italic', variant='normal', weight=400, stretch='normal', size='scalable')) = 11.05
2026-03-08 14:07:29,266 - DEBUG - findfont: score(FontEntry(fname='C:\\Windows\\Fonts\\MATURASC.TTF', name='Matura MT Script Capitals', style='normal', variant='normal', weight=400, stretch='normal', size='scalable')) = 10.05
2026-03-08 14:07:29,266 - DEBUG - findfont: score(FontEntry(fname='C:\\Windows\\Fonts\\times.ttf', name='Times New Roman', style='normal', variant='normal', weight=400, stretch='normal', size='scalable')) = 10.05
2026-03-08 14:07:29,266 - DEBUG - findfont: score(FontEntry(fname='C:\\Windows\\Fonts\\LTYPE.TTF', name='Lucida Sans Typewriter', style='normal', variant='normal', weight=400, stretch='normal', size='scalable')) = 10.05
2026-03-08 14:07:29,266 - DEBUG - findfont: score(FontEntry(fname='C:\\Windows\\Fonts\\msyhl.ttc', name='Microsoft YaHei', style='normal', variant='normal', weight=290, stretch='normal', size='scalable')) = 10.1545
2026-03-08 14:07:29,267 - DEBUG - findfont: score(FontEntry(fname='C:\\Windows\\Fonts\\GILI____.TTF', name='Gill Sans MT', style='italic', variant='normal', weight=400, stretch='normal', size='scalable')) = 11.05
2026-03-08 14:07:29,267 - DEBUG - findfont: score(FontEntry(fname='C:\\Windows\\Fonts\\DUBAI-LIGHT.TTF', name='Dubai', style='normal', variant='normal', weight=300, stretch='normal', size='scalable')) = 10.145
2026-03-08 14:07:29,267 - DEBUG - findfont: score(FontEntry(fname='C:\\Windows\\Fonts\\FRADMIT.TTF', name='Franklin Gothic Demi', style='italic', variant='normal', weight=400, stretch='normal', size='scalable')) = 11.05
2026-03-08 14:07:29,267 - DEBUG - findfont: score(FontEntry(fname='C:\\Windows\\Fonts\\gadugi.ttf', name='Gadugi', style='normal', variant='normal', weight=400, stretch='normal', size='scalable')) = 10.05
2026-03-08 14:07:29,267 - DEBUG - findfont: score(FontEntry(fname='C:\\Windows\\Fonts\\Candarai.ttf', name='Candara', style='italic', variant='normal', weight=400, stretch='normal', size='scalable')) = 11.05
2026-03-08 14:07:29,267 - DEBUG - findfont: score(FontEntry(fname='C:\\Windows\\Fonts\\AGENCYR.TTF', name='Agency FB', style='normal', variant='normal', weight=400, stretch='normal', size='scalable')) = 10.05
2026-03-08 14:07:29,267 - DEBUG - findfont: score(FontEntry(fname='C:\\Windows\\Fonts\\taile.ttf', name='Microsoft Tai Le', style='normal', variant='normal', weight=400, stretch='normal', size='scalable')) = 10.05
2026-03-08 14:07:29,267 - DEBUG - findfont: score(FontEntry(fname='C:\\Windows\\Fonts\\segmdl2.ttf', name='Segoe MDL2 Assets', style='normal', variant='normal', weight=400, stretch='normal', size='scalable')) = 10.05
2026-03-08 14:07:29,267 - DEBUG - findfont: score(FontEntry(fname='C:\\Windows\\Fonts\\PERI____.TTF', name='Perpetua', style='italic', variant='normal', weight=400, stretch='normal', size='scalable')) = 11.05
2026-03-08 14:07:29,267 - DEBUG - findfont: score(FontEntry(fname='C:\\Windows\\Fonts\\segoepr.ttf', name='Segoe Print', style='normal', variant='normal', weight=400, stretch='normal', size='scalable')) = 10.05
2026-03-08 14:07:29,267 - DEBUG - findfont: score(FontEntry(fname='C:\\Windows\\Fonts\\arial.ttf', name='Arial', style='normal', variant='normal', weight=400, stretch='normal', size='scalable')) = 6.413636363636363
2026-03-08 14:07:29,267 - DEBUG - findfont: score(FontEntry(fname='C:\\Windows\\Fonts\\MOD20.TTF', name='Modern No. 20', style='normal', variant='normal', weight=400, stretch='normal', size='scalable')) = 10.05
2026-03-08 14:07:29,268 - DEBUG - findfont: score(FontEntry(fname='C:\\Windows\\Fonts\\trebucbi.ttf', name='Trebuchet MS', style='italic', variant='normal', weight=700, stretch='normal', size='scalable')) = 11.335
2026-03-08 14:07:29,268 - DEBUG - findfont: score(FontEntry(fname='C:\\Windows\\Fonts\\LFAXDI.TTF', name='Lucida Fax', style='italic', variant='normal', weight=600, stretch='normal', size='scalable')) = 11.24
2026-03-08 14:07:29,268 - DEBUG - findfont: score(FontEntry(fname='C:\\Windows\\Fonts\\MAGNETOB.TTF', name='Magneto', style='normal', variant='normal', weight=700, stretch='normal', size='scalable')) = 10.335
2026-03-08 14:07:29,268 - DEBUG - findfont: score(FontEntry(fname='C:\\Windows\\Fonts\\comici.ttf', name='Comic Sans MS', style='italic', variant='normal', weight=400, stretch='normal', size='scalable')) = 11.05
2026-03-08 14:07:29,268 - DEBUG - findfont: score(FontEntry(fname='C:\\Windows\\Fonts\\DUBAI-REGULAR.TTF', name='Dubai', style='normal', variant='normal', weight=400, stretch='normal', size='scalable')) = 10.05
2026-03-08 14:07:29,268 - DEBUG - findfont: score(FontEntry(fname='C:\\Windows\\Fonts\\courbd.ttf', name='Courier New', style='normal', variant='normal', weight=700, stretch='normal', size='scalable')) = 10.335
2026-03-08 14:07:29,268 - DEBUG - findfont: score(FontEntry(fname='C:\\Windows\\Fonts\\CENTAUR.TTF', name='Centaur', style='normal', variant='normal', weight=400, stretch='normal', size='scalable')) = 10.05
2026-03-08 14:07:29,268 - DEBUG - findfont: score(FontEntry(fname='C:\\Windows\\Fonts\\LHANDW.TTF', name='Lucida Handwriting', style='italic', variant='normal', weight=400, stretch='normal', size='scalable')) = 11.05
2026-03-08 14:07:29,268 - DEBUG - findfont: score(FontEntry(fname='C:\\Windows\\Fonts\\CALISTB.TTF', name='Calisto MT', style='normal', variant='normal', weight=700, stretch='normal', size='scalable')) = 10.335
2026-03-08 14:07:29,268 - DEBUG - findfont: score(FontEntry(fname='C:\\Windows\\Fonts\\himalaya.ttf', name='Microsoft Himalaya', style='normal', variant='normal', weight=400, stretch='normal', size='scalable')) = 10.05
2026-03-08 14:07:29,268 - DEBUG - findfont: score(FontEntry(fname='C:\\Windows\\Fonts\\KUNSTLER.TTF', name='Kunstler Script', style='normal', variant='normal', weight=400, stretch='normal', size='scalable')) = 10.05
2026-03-08 14:07:29,269 - DEBUG - findfont: score(FontEntry(fname='C:\\Windows\\Fonts\\GLSNECB.TTF', name='Gill Sans MT Ext Condensed Bold', style='normal', variant='normal', weight=400, stretch='condensed', size='scalable')) = 10.25
2026-03-08 14:07:29,269 - DEBUG - findfont: score(FontEntry(fname='C:\\Windows\\Fonts\\SCRIPTBL.TTF', name='Script MT Bold', style='normal', variant='normal', weight=700, stretch='normal', size='scalable')) = 10.335
2026-03-08 14:07:29,269 - DEBUG - findfont: score(FontEntry(fname='C:\\Windows\\Fonts\\TCB_____.TTF', name='Tw Cen MT', style='normal', variant='normal', weight=700, stretch='normal', size='scalable')) = 10.335
2026-03-08 14:07:29,269 - DEBUG - findfont: score(FontEntry(fname='C:\\Windows\\Fonts\\WINGDNG3.TTF', name='Wingdings 3', style='normal', variant='normal', weight=400, stretch='normal', size='scalable')) = 10.05
2026-03-08 14:07:29,269 - DEBUG - findfont: score(FontEntry(fname='C:\\Windows\\Fonts\\BROADW.TTF', name='Broadway', style='normal', variant='normal', weight=400, stretch='normal', size='scalable')) = 10.05
2026-03-08 14:07:29,269 - DEBUG - findfont: score(FontEntry(fname='C:\\Windows\\Fonts\\SCHLBKI.TTF', name='Century Schoolbook', style='italic', variant='normal', weight=400, stretch='normal', size='scalable')) = 11.05
2026-03-08 14:07:29,269 - DEBUG - findfont: score(FontEntry(fname='C:\\Windows\\Fonts\\MAIAN.TTF', name='Maiandra GD', style='normal', variant='normal', weight=400, stretch='normal', size='scalable')) = 10.05
2026-03-08 14:07:29,269 - DEBUG - findfont: score(FontEntry(fname='C:\\Windows\\Fonts\\ebrimabd.ttf', name='Ebrima', style='normal', variant='normal', weight=700, stretch='normal', size='scalable')) = 10.335
2026-03-08 14:07:29,269 - DEBUG - findfont: score(FontEntry(fname='C:\\Windows\\Fonts\\georgia.ttf', name='Georgia', style='normal', variant='normal', weight=400, stretch='normal', size='scalable')) = 10.05
2026-03-08 14:07:29,269 - DEBUG - findfont: score(FontEntry(fname='C:\\Windows\\Fonts\\msjh.ttc', name='Microsoft JhengHei', style='normal', variant='normal', weight=400, stretch='normal', size='scalable')) = 10.05
2026-03-08 14:07:29,269 - DEBUG - findfont: score(FontEntry(fname='C:\\Windows\\Fonts\\courbi.ttf', name='Courier New', style='italic', variant='normal', weight=700, stretch='normal', size='scalable')) = 11.335
2026-03-08 14:07:29,270 - DEBUG - findfont: score(FontEntry(fname='C:\\Windows\\Fonts\\GOUDOS.TTF', name='Goudy Old Style', style='normal', variant='normal', weight=400, stretch='normal', size='scalable')) = 10.05
2026-03-08 14:07:29,270 - DEBUG - findfont: score(FontEntry(fname='C:\\Windows\\Fonts\\PERTIBD.TTF', name='Perpetua Titling MT', style='normal', variant='normal', weight=700, stretch='normal', size='scalable')) = 10.335
2026-03-08 14:07:29,270 - DEBUG - findfont: score(FontEntry(fname='C:\\Windows\\Fonts\\msyh.ttc', name='Microsoft YaHei', style='normal', variant='normal', weight=400, stretch='normal', size='scalable')) = 10.05
2026-03-08 14:07:29,270 - DEBUG - findfont: score(FontEntry(fname='C:\\Windows\\Fonts\\REFSAN.TTF', name='MS Reference Sans Serif', style='normal', variant='normal', weight=400, stretch='normal', size='scalable')) = 10.05
2026-03-08 14:07:29,270 - DEBUG - findfont: score(FontEntry(fname='C:\\Windows\\Fonts\\RAGE.TTF', name='Rage Italic', style='italic', variant='normal', weight=400, stretch='normal', size='scalable')) = 11.05
2026-03-08 14:07:29,270 - DEBUG - findfont: score(FontEntry(fname='C:\\Windows\\Fonts\\PERBI___.TTF', name='Perpetua', style='italic', variant='normal', weight=700, stretch='normal', size='scalable')) = 11.335
2026-03-08 14:07:29,270 - DEBUG - findfont: score(FontEntry(fname='C:\\Windows\\Fonts\\ELEPHNT.TTF', name='Elephant', style='normal', variant='normal', weight=400, stretch='normal', size='scalable')) = 10.05
2026-03-08 14:07:29,270 - DEBUG - findfont: score(FontEntry(fname='C:\\Windows\\Fonts\\NIAGENG.TTF', name='Niagara Engraved', style='normal', variant='normal', weight=400, stretch='normal', size='scalable')) = 10.05
2026-03-08 14:07:29,271 - DEBUG - findfont: score(FontEntry(fname='C:\\Windows\\Fonts\\LFAXI.TTF', name='Lucida Fax', style='italic', variant='normal', weight=400, stretch='normal', size='scalable')) = 11.05
2026-03-08 14:07:29,271 - DEBUG - findfont: score(FontEntry(fname='C:\\Windows\\Fonts\\msyhbd.ttc', name='Microsoft YaHei', style='normal', variant='normal', weight=700, stretch='normal', size='scalable')) = 10.335
2026-03-08 14:07:29,271 - DEBUG - findfont: score(FontEntry(fname='C:\\Windows\\Fonts\\constan.ttf', name='Constantia', style='normal', variant='normal', weight=400, stretch='normal', size='scalable')) = 10.05
2026-03-08 14:07:29,271 - DEBUG - findfont: score(FontEntry(fname='C:\\Windows\\Fonts\\PAPYRUS.TTF', name='Papyrus', style='normal', variant='normal', weight=400, stretch='normal', size='scalable')) = 10.05
2026-03-08 14:07:29,271 - DEBUG - findfont: score(FontEntry(fname='C:\\Windows\\Fonts\\BELLB.TTF', name='Bell MT', style='normal', variant='normal', weight=700, stretch='normal', size='scalable')) = 10.335
2026-03-08 14:07:29,271 - DEBUG - findfont: score(FontEntry(fname='C:\\Windows\\Fonts\\RAVIE.TTF', name='Ravie', style='normal', variant='normal', weight=400, stretch='normal', size='scalable')) = 10.05
2026-03-08 14:07:29,271 - DEBUG - findfont: score(FontEntry(fname='C:\\Windows\\Fonts\\BOD_B.TTF', name='Bodoni MT', style='normal', variant='normal', weight=700, stretch='normal', size='scalable')) = 10.335
2026-03-08 14:07:29,271 - DEBUG - findfont: score(FontEntry(fname='C:\\Windows\\Fonts\\constanz.ttf', name='Constantia', style='italic', variant='normal', weight=700, stretch='normal', size='scalable')) = 11.335
2026-03-08 14:07:29,271 - DEBUG - findfont: score(FontEntry(fname='C:\\Windows\\Fonts\\BELLI.TTF', name='Bell MT', style='italic', variant='normal', weight=400, stretch='normal', size='scalable')) = 11.05
2026-03-08 14:07:29,271 - DEBUG - findfont: score(FontEntry(fname='C:\\Windows\\Fonts\\LTYPEO.TTF', name='Lucida Sans Typewriter', style='oblique', variant='normal', weight=400, stretch='normal', size='scalable')) = 11.05
2026-03-08 14:07:29,272 - DEBUG - findfont: score(FontEntry(fname='C:\\Windows\\Fonts\\timesbd.ttf', name='Times New Roman', style='normal', variant='normal', weight=700, stretch='normal', size='scalable')) = 10.335
2026-03-08 14:07:29,272 - DEBUG - findfont: score(FontEntry(fname='C:\\Windows\\Fonts\\GILB____.TTF', name='Gill Sans MT', style='normal', variant='normal', weight=700, stretch='normal', size='scalable')) = 10.335
2026-03-08 14:07:29,273 - DEBUG - findfont: score(FontEntry(fname='C:\\Windows\\Fonts\\cambria.ttc', name='Cambria', style='normal', variant='normal', weight=400, stretch='normal', size='scalable')) = 10.05
2026-03-08 14:07:29,273 - DEBUG - findfont: score(FontEntry(fname='C:\\Windows\\Fonts\\BOOKOSB.TTF', name='Bookman Old Style', style='normal', variant='normal', weight=600, stretch='normal', size='scalable')) = 10.24
2026-03-08 14:07:29,274 - DEBUG - findfont: score(FontEntry(fname='C:\\Windows\\Fonts\\corbelz.ttf', name='Corbel', style='italic', variant='normal', weight=700, stretch='normal', size='scalable')) = 11.335
2026-03-08 14:07:29,274 - DEBUG - findfont: score(FontEntry(fname='C:\\Windows\\Fonts\\corbel.ttf', name='Corbel', style='normal', variant='normal', weight=400, stretch='normal', size='scalable')) = 10.05
2026-03-08 14:07:29,274 - DEBUG - findfont: score(FontEntry(fname='C:\\Windows\\Fonts\\CALIST.TTF', name='Calisto MT', style='normal', variant='normal', weight=400, stretch='normal', size='scalable')) = 10.05
2026-03-08 14:07:29,274 - DEBUG - findfont: score(FontEntry(fname='C:\\Windows\\Fonts\\BOD_PSTC.TTF', name='Bodoni MT', style='normal', variant='normal', weight=300, stretch='normal', size='scalable')) = 10.145
2026-03-08 14:07:29,274 - DEBUG - findfont: score(FontEntry(fname='C:\\Windows\\Fonts\\seguisbi.ttf', name='Segoe UI', style='italic', variant='normal', weight=600, stretch='normal', size='scalable')) = 11.24
2026-03-08 14:07:29,274 - DEBUG - findfont: score(FontEntry(fname='C:\\Windows\\Fonts\\palai.ttf', name='Palatino Linotype', style='italic', variant='normal', weight=400, stretch='normal', size='scalable')) = 11.05
2026-03-08 14:07:29,274 - DEBUG - findfont: score(FontEntry(fname='C:\\Windows\\Fonts\\CALIFI.TTF', name='Californian FB', style='italic', variant='normal', weight=400, stretch='normal', size='scalable')) = 11.05
2026-03-08 14:07:29,274 - DEBUG - findfont: score(FontEntry(fname='C:\\Windows\\Fonts\\l_10646.ttf', name='Lucida Sans Unicode', style='normal', variant='normal', weight=400, stretch='normal', size='scalable')) = 10.05
2026-03-08 14:07:29,274 - DEBUG - findfont: score(FontEntry(fname='C:\\Windows\\Fonts\\SitkaVF-Italic.ttf', name='Sitka', style='italic', variant='normal', weight=400, stretch='normal', size='scalable')) = 11.05
2026-03-08 14:07:29,274 - DEBUG - findfont: score(FontEntry(fname='C:\\Windows\\Fonts\\seguisb.ttf', name='Segoe UI', style='normal', variant='normal', weight=600, stretch='normal', size='scalable')) = 10.24
2026-03-08 14:07:29,274 - DEBUG - findfont: score(FontEntry(fname='C:\\Windows\\Fonts\\LBRITEDI.TTF', name='Lucida Bright', style='italic', variant='normal', weight=600, stretch='normal', size='scalable')) = 11.24
2026-03-08 14:07:29,274 - DEBUG - findfont: score(FontEntry(fname='C:\\Windows\\Fonts\\simsunb.ttf', name='SimSun-ExtB', style='normal', variant='normal', weight=400, stretch='normal', size='scalable')) = 10.05
2026-03-08 14:07:29,274 - DEBUG - findfont: score(FontEntry(fname='C:\\Windows\\Fonts\\ebrima.ttf', name='Ebrima', style='normal', variant='normal', weight=400, stretch='normal', size='scalable')) = 10.05
2026-03-08 14:07:29,275 - DEBUG - findfont: score(FontEntry(fname='C:\\Windows\\Fonts\\cambriaz.ttf', name='Cambria', style='italic', variant='normal', weight=700, stretch='normal', size='scalable')) = 11.335
2026-03-08 14:07:29,275 - DEBUG - findfont: score(FontEntry(fname='C:\\Windows\\Fonts\\framd.ttf', name='Franklin Gothic Medium', style='normal', variant='normal', weight=400, stretch='normal', size='scalable')) = 10.05
2026-03-08 14:07:29,275 - DEBUG - findfont: score(FontEntry(fname='C:\\Windows\\Fonts\\LeelaUIb.ttf', name='Leelawadee UI', style='normal', variant='normal', weight=700, stretch='normal', size='scalable')) = 10.335
2026-03-08 14:07:29,275 - DEBUG - findfont: score(FontEntry(fname='C:\\Windows\\Fonts\\segoescb.ttf', name='Segoe Script', style='normal', variant='normal', weight=700, stretch='normal', size='scalable')) = 10.335
2026-03-08 14:07:29,275 - DEBUG - findfont: score(FontEntry(fname='C:\\Windows\\Fonts\\LeelUIsl.ttf', name='Leelawadee UI', style='normal', variant='normal', weight=350, stretch='normal', size='scalable')) = 10.0975
2026-03-08 14:07:29,275 - DEBUG - findfont: score(FontEntry(fname='C:\\Windows\\Fonts\\LCALLIG.TTF', name='Lucida Calligraphy', style='italic', variant='normal', weight=400, stretch='normal', size='scalable')) = 11.05
2026-03-08 14:07:29,275 - DEBUG - findfont: score(FontEntry(fname='C:\\Windows\\Fonts\\ERASLGHT.TTF', name='Eras Light ITC', style='normal', variant='normal', weight=400, stretch='normal', size='scalable')) = 10.05
2026-03-08 14:07:29,275 - DEBUG - findfont: score(FontEntry(fname='C:\\Windows\\Fonts\\palab.ttf', name='Palatino Linotype', style='normal', variant='normal', weight=700, stretch='normal', size='scalable')) = 10.335
2026-03-08 14:07:29,275 - DEBUG - findfont: score(FontEntry(fname='C:\\Windows\\Fonts\\LSANSI.TTF', name='Lucida Sans', style='italic', variant='normal', weight=400, stretch='normal', size='scalable')) = 11.05
2026-03-08 14:07:29,280 - DEBUG - findfont: score(FontEntry(fname='C:\\Windows\\Fonts\\cour.ttf', name='Courier New', style='normal', variant='normal', weight=400, stretch='normal', size='scalable')) = 10.05
2026-03-08 14:07:29,280 - DEBUG - findfont: score(FontEntry(fname='C:\\Windows\\Fonts\\OUTLOOK.TTF', name='MS Outlook', style='normal', variant='normal', weight=400, stretch='normal', size='scalable')) = 10.05
2026-03-08 14:07:29,280 - DEBUG - findfont: score(FontEntry(fname='C:\\Windows\\Fonts\\LFAX.TTF', name='Lucida Fax', style='normal', variant='normal', weight=400, stretch='normal', size='scalable')) = 10.05
2026-03-08 14:07:29,280 - DEBUG - findfont: score(FontEntry(fname='C:\\Windows\\Fonts\\constani.ttf', name='Constantia', style='italic', variant='normal', weight=400, stretch='normal', size='scalable')) = 11.05
2026-03-08 14:07:29,280 - DEBUG - findfont: score(FontEntry(fname='C:\\Windows\\Fonts\\webdings.ttf', name='Webdings', style='normal', variant='normal', weight=400, stretch='normal', size='scalable')) = 10.05
2026-03-08 14:07:29,280 - DEBUG - findfont: score(FontEntry(fname='C:\\Windows\\Fonts\\consolai.ttf', name='Consolas', style='italic', variant='normal', weight=400, stretch='normal', size='scalable')) = 11.05
2026-03-08 14:07:29,280 - DEBUG - findfont: score(FontEntry(fname='C:\\Windows\\Fonts\\GARABD.TTF', name='Garamond', style='normal', variant='normal', weight=700, stretch='normal', size='scalable')) = 10.335
2026-03-08 14:07:29,280 - DEBUG - findfont: score(FontEntry(fname='C:\\Windows\\Fonts\\mmrtextb.ttf', name='Myanmar Text', style='normal', variant='normal', weight=700, stretch='normal', size='scalable')) = 10.335
2026-03-08 14:07:29,280 - DEBUG - findfont: score(FontEntry(fname='C:\\Windows\\Fonts\\arialbi.ttf', name='Arial', style='italic', variant='normal', weight=700, stretch='normal', size='scalable')) = 7.698636363636363
2026-03-08 14:07:29,281 - DEBUG - findfont: score(FontEntry(fname='C:\\Windows\\Fonts\\ROCCB___.TTF', name='Rockwell Condensed', style='normal', variant='normal', weight=700, stretch='condensed', size='scalable')) = 10.535
2026-03-08 14:07:29,281 - DEBUG - findfont: score(FontEntry(fname='C:\\Windows\\Fonts\\GIL_____.TTF', name='Gill Sans MT', style='normal', variant='normal', weight=400, stretch='normal', size='scalable')) = 10.05
2026-03-08 14:07:29,281 - DEBUG - findfont: score(FontEntry(fname='C:\\Windows\\Fonts\\seguisym.ttf', name='Segoe UI Symbol', style='normal', variant='normal', weight=400, stretch='normal', size='scalable')) = 10.05
2026-03-08 14:07:29,281 - DEBUG - findfont: score(FontEntry(fname='C:\\Windows\\Fonts\\SansSerifCollection.ttf', name='Sans Serif Collection', style='normal', variant='normal', weight=400, stretch='normal', size='scalable')) = 10.05
2026-03-08 14:07:29,281 - DEBUG - findfont: score(FontEntry(fname='C:\\Windows\\Fonts\\segoeuii.ttf', name='Segoe UI', style='italic', variant='normal', weight=400, stretch='normal', size='scalable')) = 11.05
2026-03-08 14:07:29,281 - DEBUG - findfont: score(FontEntry(fname='C:\\Windows\\Fonts\\LBRITE.TTF', name='Lucida Bright', style='normal', variant='normal', weight=400, stretch='normal', size='scalable')) = 10.05
2026-03-08 14:07:29,281 - DEBUG - findfont: score(FontEntry(fname='C:\\Windows\\Fonts\\JOKERMAN.TTF', name='Jokerman', style='normal', variant='normal', weight=400, stretch='normal', size='scalable')) = 10.05
2026-03-08 14:07:29,281 - DEBUG - findfont: score(FontEntry(fname='C:\\Windows\\Fonts\\georgiai.ttf', name='Georgia', style='italic', variant='normal', weight=400, stretch='normal', size='scalable')) = 11.05
2026-03-08 14:07:29,281 - DEBUG - findfont: score(FontEntry(fname='C:\\Windows\\Fonts\\AGENCYB.TTF', name='Agency FB', style='normal', variant='normal', weight=700, stretch='normal', size='scalable')) = 10.335
2026-03-08 14:07:29,281 - DEBUG - findfont: score(FontEntry(fname='C:\\Windows\\Fonts\\BRLNSR.TTF', name='Berlin Sans FB', style='normal', variant='normal', weight=400, stretch='normal', size='scalable')) = 10.05
2026-03-08 14:07:29,281 - DEBUG - findfont: score(FontEntry(fname='C:\\Windows\\Fonts\\lucon.ttf', name='Lucida Console', style='normal', variant='normal', weight=400, stretch='normal', size='scalable')) = 10.05
2026-03-08 14:07:29,282 - DEBUG - findfont: score(FontEntry(fname='C:\\Windows\\Fonts\\BASKVILL.TTF', name='Baskerville Old Face', style='normal', variant='normal', weight=400, stretch='normal', size='scalable')) = 10.05
2026-03-08 14:07:29,282 - DEBUG - findfont: score(FontEntry(fname='C:\\Windows\\Fonts\\malgunbd.ttf', name='Malgun Gothic', style='normal', variant='normal', weight=700, stretch='normal', size='scalable')) = 10.335
2026-03-08 14:07:29,282 - DEBUG - findfont: score(FontEntry(fname='C:\\Windows\\Fonts\\Inkfree.ttf', name='Ink Free', style='normal', variant='normal', weight=400, stretch='normal', size='scalable')) = 10.05
2026-03-08 14:07:29,282 - DEBUG - findfont: score(FontEntry(fname='C:\\Windows\\Fonts\\ROCC____.TTF', name='Rockwell Condensed', style='normal', variant='normal', weight=400, stretch='condensed', size='scalable')) = 10.25
2026-03-08 14:07:29,282 - DEBUG - findfont: score(FontEntry(fname='C:\\Windows\\Fonts\\ROCKB.TTF', name='Rockwell', style='normal', variant='normal', weight=700, stretch='normal', size='scalable')) = 10.335
2026-03-08 14:07:29,282 - DEBUG - findfont: score(FontEntry(fname='C:\\Windows\\Fonts\\VLADIMIR.TTF', name='Vladimir Script', style='normal', variant='normal', weight=400, stretch='normal', size='scalable')) = 10.05
2026-03-08 14:07:29,282 - DEBUG - findfont: score(FontEntry(fname='C:\\Windows\\Fonts\\mingliub.ttc', name='MingLiU-ExtB', style='normal', variant='normal', weight=400, stretch='normal', size='scalable')) = 10.05
2026-03-08 14:07:29,282 - DEBUG - findfont: Matching sans\-serif:style=normal:variant=normal:weight=normal:stretch=normal:size=10.0 to DejaVu Sans ('C:\\Users\\rakes\\AppData\\Roaming\\Python\\Python314\\site-packages\\matplotlib\\mpl-data\\fonts\\ttf\\DejaVuSans.ttf') with score of 0.050000.
2026-03-08 14:07:29,374 - DEBUG - findfont: Matching sans\-serif:style=normal:variant=normal:weight=normal:stretch=normal:size=12.0.
2026-03-08 14:07:29,374 - DEBUG - findfont: score(FontEntry(fname='C:\\Users\\rakes\\AppData\\Roaming\\Python\\Python314\\site-packages\\matplotlib\\mpl-data\\fonts\\ttf\\cmss10.ttf', name='cmss10', style='normal', variant='normal', weight=400, stretch='normal', size='scalable')) = 10.05
2026-03-08 14:07:29,374 - DEBUG - findfont: score(FontEntry(fname='C:\\Users\\rakes\\AppData\\Roaming\\Python\\Python314\\site-packages\\matplotlib\\mpl-data\\fonts\\ttf\\STIXSizOneSymBol.ttf', name='STIXSizeOneSym', style='normal', variant='normal', weight=700, stretch='normal', size='scalable')) = 10.335
2026-03-08 14:07:29,374 - DEBUG - findfont: score(FontEntry(fname='C:\\Users\\rakes\\AppData\\Roaming\\Python\\Python314\\site-packages\\matplotlib\\mpl-data\\fonts\\ttf\\cmmi10.ttf', name='cmmi10', style='normal', variant='normal', weight=400, stretch='normal', size='scalable')) = 10.05
2026-03-08 14:07:29,374 - DEBUG - findfont: score(FontEntry(fname='C:\\Users\\rakes\\AppData\\Roaming\\Python\\Python314\\site-packages\\matplotlib\\mpl-data\\fonts\\ttf\\STIXGeneralBol.ttf', name='STIXGeneral', style='normal', variant='normal', weight=700, stretch='normal', size='scalable')) = 10.335
2026-03-08 14:07:29,374 - DEBUG - findfont: score(FontEntry(fname='C:\\Users\\rakes\\AppData\\Roaming\\Python\\Python314\\site-packages\\matplotlib\\mpl-data\\fonts\\ttf\\DejaVuSansMono-Bold.ttf', name='DejaVu Sans Mono', style='normal', variant='normal', weight=700, stretch='normal', size='scalable')) = 10.335
2026-03-08 14:07:29,374 - DEBUG - findfont: score(FontEntry(fname='C:\\Users\\rakes\\AppData\\Roaming\\Python\\Python314\\site-packages\\matplotlib\\mpl-data\\fonts\\ttf\\cmr10.ttf', name='cmr10', style='normal', variant='normal', weight=400, stretch='normal', size='scalable')) = 10.05
2026-03-08 14:07:29,375 - DEBUG - findfont: score(FontEntry(fname='C:\\Users\\rakes\\AppData\\Roaming\\Python\\Python314\\site-packages\\matplotlib\\mpl-data\\fonts\\ttf\\STIXSizFourSymBol.ttf', name='STIXSizeFourSym', style='normal', variant='normal', weight=700, stretch='normal', size='scalable')) = 10.335
2026-03-08 14:07:29,375 - DEBUG - findfont: score(FontEntry(fname='C:\\Users\\rakes\\AppData\\Roaming\\Python\\Python314\\site-packages\\matplotlib\\mpl-data\\fonts\\ttf\\STIXSizTwoSymBol.ttf', name='STIXSizeTwoSym', style='normal', variant='normal', weight=700, stretch='normal', size='scalable')) = 10.335
2026-03-08 14:07:29,375 - DEBUG - findfont: score(FontEntry(fname='C:\\Users\\rakes\\AppData\\Roaming\\Python\\Python314\\site-packages\\matplotlib\\mpl-data\\fonts\\ttf\\STIXSizTwoSymReg.ttf', name='STIXSizeTwoSym', style='normal', variant='normal', weight=400, stretch='normal', size='scalable')) = 10.05
2026-03-08 14:07:29,375 - DEBUG - findfont: score(FontEntry(fname='C:\\Users\\rakes\\AppData\\Roaming\\Python\\Python314\\site-packages\\matplotlib\\mpl-data\\fonts\\ttf\\cmsy10.ttf', name='cmsy10', style='normal', variant='normal', weight=400, stretch='normal', size='scalable')) = 10.05
2026-03-08 14:07:29,375 - DEBUG - findfont: score(FontEntry(fname='C:\\Users\\rakes\\AppData\\Roaming\\Python\\Python314\\site-packages\\matplotlib\\mpl-data\\fonts\\ttf\\STIXGeneralBolIta.ttf', name='STIXGeneral', style='italic', variant='normal', weight=700, stretch='normal', size='scalable')) = 11.335
2026-03-08 14:07:29,375 - DEBUG - findfont: score(FontEntry(fname='C:\\Users\\rakes\\AppData\\Roaming\\Python\\Python314\\site-packages\\matplotlib\\mpl-data\\fonts\\ttf\\STIXSizFiveSymReg.ttf', name='STIXSizeFiveSym', style='normal', variant='normal', weight=400, stretch='normal', size='scalable')) = 10.05
2026-03-08 14:07:29,375 - DEBUG - findfont: score(FontEntry(fname='C:\\Users\\rakes\\AppData\\Roaming\\Python\\Python314\\site-packages\\matplotlib\\mpl-data\\fonts\\ttf\\STIXSizThreeSymBol.ttf', name='STIXSizeThreeSym', style='normal', variant='normal', weight=700, stretch='normal', size='scalable')) = 10.335
2026-03-08 14:07:29,375 - DEBUG - findfont: score(FontEntry(fname='C:\\Users\\rakes\\AppData\\Roaming\\Python\\Python314\\site-packages\\matplotlib\\mpl-data\\fonts\\ttf\\DejaVuSansDisplay.ttf', name='DejaVu Sans Display', style='normal', variant='normal', weight=400, stretch='normal', size='scalable')) = 10.05
2026-03-08 14:07:29,375 - DEBUG - findfont: score(FontEntry(fname='C:\\Users\\rakes\\AppData\\Roaming\\Python\\Python314\\site-packages\\matplotlib\\mpl-data\\fonts\\ttf\\DejaVuSans-Oblique.ttf', name='DejaVu Sans', style='oblique', variant='normal', weight=400, stretch='normal', size='scalable')) = 1.05
2026-03-08 14:07:29,375 - DEBUG - findfont: score(FontEntry(fname='C:\\Users\\rakes\\AppData\\Roaming\\Python\\Python314\\site-packages\\matplotlib\\mpl-data\\fonts\\ttf\\STIXNonUni.ttf', name='STIXNonUnicode', style='normal', variant='normal', weight=400, stretch='normal', size='scalable')) = 10.05
2026-03-08 14:07:29,375 - DEBUG - findfont: score(FontEntry(fname='C:\\Users\\rakes\\AppData\\Roaming\\Python\\Python314\\site-packages\\matplotlib\\mpl-data\\fonts\\ttf\\DejaVuSansMono.ttf', name='DejaVu Sans Mono', style='normal', variant='normal', weight=400, stretch='normal', size='scalable')) = 10.05
2026-03-08 14:07:29,375 - DEBUG - findfont: score(FontEntry(fname='C:\\Users\\rakes\\AppData\\Roaming\\Python\\Python314\\site-packages\\matplotlib\\mpl-data\\fonts\\ttf\\STIXGeneralItalic.ttf', name='STIXGeneral', style='italic', variant='normal', weight=400, stretch='normal', size='scalable')) = 11.05
2026-03-08 14:07:29,375 - DEBUG - findfont: score(FontEntry(fname='C:\\Users\\rakes\\AppData\\Roaming\\Python\\Python314\\site-packages\\matplotlib\\mpl-data\\fonts\\ttf\\DejaVuSans-BoldOblique.ttf', name='DejaVu Sans', style='oblique', variant='normal', weight=700, stretch='normal', size='scalable')) = 1.335
2026-03-08 14:07:29,375 - DEBUG - findfont: score(FontEntry(fname='C:\\Users\\rakes\\AppData\\Roaming\\Python\\Python314\\site-packages\\matplotlib\\mpl-data\\fonts\\ttf\\cmex10.ttf', name='cmex10', style='normal', variant='normal', weight=400, stretch='normal', size='scalable')) = 10.05
2026-03-08 14:07:29,375 - DEBUG - findfont: score(FontEntry(fname='C:\\Users\\rakes\\AppData\\Roaming\\Python\\Python314\\site-packages\\matplotlib\\mpl-data\\fonts\\ttf\\STIXGeneral.ttf', name='STIXGeneral', style='normal', variant='normal', weight=400, stretch='normal', size='scalable')) = 10.05
2026-03-08 14:07:29,375 - DEBUG - findfont: score(FontEntry(fname='C:\\Users\\rakes\\AppData\\Roaming\\Python\\Python314\\site-packages\\matplotlib\\mpl-data\\fonts\\ttf\\DejaVuSerif.ttf', name='DejaVu Serif', style='normal', variant='normal', weight=400, stretch='normal', size='scalable')) = 10.05
2026-03-08 14:07:29,376 - DEBUG - findfont: score(FontEntry(fname='C:\\Users\\rakes\\AppData\\Roaming\\Python\\Python314\\site-packages\\matplotlib\\mpl-data\\fonts\\ttf\\DejaVuSansMono-BoldOblique.ttf', name='DejaVu Sans Mono', style='oblique', variant='normal', weight=700, stretch='normal', size='scalable')) = 11.335
2026-03-08 14:07:29,376 - DEBUG - findfont: score(FontEntry(fname='C:\\Users\\rakes\\AppData\\Roaming\\Python\\Python314\\site-packages\\matplotlib\\mpl-data\\fonts\\ttf\\DejaVuSerifDisplay.ttf', name='DejaVu Serif Display', style='normal', variant='normal', weight=400, stretch='normal', size='scalable')) = 10.05
2026-03-08 14:07:29,376 - DEBUG - findfont: score(FontEntry(fname='C:\\Users\\rakes\\AppData\\Roaming\\Python\\Python314\\site-packages\\matplotlib\\mpl-data\\fonts\\ttf\\cmb10.ttf', name='cmb10', style='normal', variant='normal', weight=400, stretch='normal', size='scalable')) = 10.05
2026-03-08 14:07:29,376 - DEBUG - findfont: score(FontEntry(fname='C:\\Users\\rakes\\AppData\\Roaming\\Python\\Python314\\site-packages\\matplotlib\\mpl-data\\fonts\\ttf\\DejaVuSans.ttf', name='DejaVu Sans', style='normal', variant='normal', weight=400, stretch='normal', size='scalable')) = 0.05
2026-03-08 14:07:29,376 - DEBUG - findfont: score(FontEntry(fname='C:\\Users\\rakes\\AppData\\Roaming\\Python\\Python314\\site-packages\\matplotlib\\mpl-data\\fonts\\ttf\\STIXSizFourSymReg.ttf', name='STIXSizeFourSym', style='normal', variant='normal', weight=400, stretch='normal', size='scalable')) = 10.05
2026-03-08 14:07:29,376 - DEBUG - findfont: score(FontEntry(fname='C:\\Users\\rakes\\AppData\\Roaming\\Python\\Python314\\site-packages\\matplotlib\\mpl-data\\fonts\\ttf\\STIXSizThreeSymReg.ttf', name='STIXSizeThreeSym', style='normal', variant='normal', weight=400, stretch='normal', size='scalable')) = 10.05
2026-03-08 14:07:29,376 - DEBUG - findfont: score(FontEntry(fname='C:\\Users\\rakes\\AppData\\Roaming\\Python\\Python314\\site-packages\\matplotlib\\mpl-data\\fonts\\ttf\\STIXSizOneSymReg.ttf', name='STIXSizeOneSym', style='normal', variant='normal', weight=400, stretch='normal', size='scalable')) = 10.05
2026-03-08 14:07:29,376 - DEBUG - findfont: score(FontEntry(fname='C:\\Users\\rakes\\AppData\\Roaming\\Python\\Python314\\site-packages\\matplotlib\\mpl-data\\fonts\\ttf\\STIXNonUniBolIta.ttf', name='STIXNonUnicode', style='italic', variant='normal', weight=700, stretch='normal', size='scalable')) = 11.335
2026-03-08 14:07:29,376 - DEBUG - findfont: score(FontEntry(fname='C:\\Users\\rakes\\AppData\\Roaming\\Python\\Python314\\site-packages\\matplotlib\\mpl-data\\fonts\\ttf\\STIXNonUniBol.ttf', name='STIXNonUnicode', style='normal', variant='normal', weight=700, stretch='normal', size='scalable')) = 10.335
2026-03-08 14:07:29,376 - DEBUG - findfont: score(FontEntry(fname='C:\\Users\\rakes\\AppData\\Roaming\\Python\\Python314\\site-packages\\matplotlib\\mpl-data\\fonts\\ttf\\DejaVuSans-Bold.ttf', name='DejaVu Sans', style='normal', variant='normal', weight=700, stretch='normal', size='scalable')) = 0.33499999999999996
2026-03-08 14:07:29,376 - DEBUG - findfont: score(FontEntry(fname='C:\\Users\\rakes\\AppData\\Roaming\\Python\\Python314\\site-packages\\matplotlib\\mpl-data\\fonts\\ttf\\DejaVuSerif-Bold.ttf', name='DejaVu Serif', style='normal', variant='normal', weight=700, stretch='normal', size='scalable')) = 10.335
2026-03-08 14:07:29,376 - DEBUG - findfont: score(FontEntry(fname='C:\\Users\\rakes\\AppData\\Roaming\\Python\\Python314\\site-packages\\matplotlib\\mpl-data\\fonts\\ttf\\DejaVuSerif-BoldItalic.ttf', name='DejaVu Serif', style='italic', variant='normal', weight=700, stretch='normal', size='scalable')) = 11.335
2026-03-08 14:07:29,376 - DEBUG - findfont: score(FontEntry(fname='C:\\Users\\rakes\\AppData\\Roaming\\Python\\Python314\\site-packages\\matplotlib\\mpl-data\\fonts\\ttf\\DejaVuSerif-Italic.ttf', name='DejaVu Serif', style='italic', variant='normal', weight=400, stretch='normal', size='scalable')) = 11.05
2026-03-08 14:07:29,376 - DEBUG - findfont: score(FontEntry(fname='C:\\Users\\rakes\\AppData\\Roaming\\Python\\Python314\\site-packages\\matplotlib\\mpl-data\\fonts\\ttf\\DejaVuSansMono-Oblique.ttf', name='DejaVu Sans Mono', style='oblique', variant='normal', weight=400, stretch='normal', size='scalable')) = 11.05
2026-03-08 14:07:29,376 - DEBUG - findfont: score(FontEntry(fname='C:\\Users\\rakes\\AppData\\Roaming\\Python\\Python314\\site-packages\\matplotlib\\mpl-data\\fonts\\ttf\\cmtt10.ttf', name='cmtt10', style='normal', variant='normal', weight=400, stretch='normal', size='scalable')) = 10.05
2026-03-08 14:07:29,376 - DEBUG - findfont: score(FontEntry(fname='C:\\Users\\rakes\\AppData\\Roaming\\Python\\Python314\\site-packages\\matplotlib\\mpl-data\\fonts\\ttf\\STIXNonUniIta.ttf', name='STIXNonUnicode', style='italic', variant='normal', weight=400, stretch='normal', size='scalable')) = 11.05
2026-03-08 14:07:29,376 - DEBUG - findfont: score(FontEntry(fname='C:\\Windows\\Fonts\\seguiemj.ttf', name='Segoe UI Emoji', style='normal', variant='normal', weight=400, stretch='normal', size='scalable')) = 10.05
2026-03-08 14:07:29,377 - DEBUG - findfont: score(FontEntry(fname='C:\\Windows\\Fonts\\ntailu.ttf', name='Microsoft New Tai Lue', style='normal', variant='normal', weight=400, stretch='normal', size='scalable')) = 10.05
2026-03-08 14:07:29,377 - DEBUG - findfont: score(FontEntry(fname='C:\\Windows\\Fonts\\GOUDOSB.TTF', name='Goudy Old Style', style='normal', variant='normal', weight=700, stretch='normal', size='scalable')) = 10.335
2026-03-08 14:07:29,377 - DEBUG - findfont: score(FontEntry(fname='C:\\Windows\\Fonts\\ARIALNB.TTF', name='Arial', style='normal', variant='normal', weight=700, stretch='condensed', size='scalable')) = 6.8986363636363635
2026-03-08 14:07:29,377 - DEBUG - findfont: score(FontEntry(fname='C:\\Windows\\Fonts\\Candarali.ttf', name='Candara', style='italic', variant='normal', weight=400, stretch='normal', size='scalable')) = 11.05
2026-03-08 14:07:29,377 - DEBUG - findfont: score(FontEntry(fname='C:\\Windows\\Fonts\\phagspab.ttf', name='Microsoft PhagsPa', style='normal', variant='normal', weight=700, stretch='normal', size='scalable')) = 10.335
2026-03-08 14:07:29,377 - DEBUG - findfont: score(FontEntry(fname='C:\\Windows\\Fonts\\FRABK.TTF', name='Franklin Gothic Book', style='normal', variant='normal', weight=400, stretch='normal', size='scalable')) = 10.05
2026-03-08 14:07:29,377 - DEBUG - findfont: score(FontEntry(fname='C:\\Windows\\Fonts\\GOTHIC.TTF', name='Century Gothic', style='normal', variant='normal', weight=400, stretch='normal', size='scalable')) = 10.05
2026-03-08 14:07:29,377 - DEBUG - findfont: score(FontEntry(fname='C:\\Windows\\Fonts\\GOTHICBI.TTF', name='Century Gothic', style='italic', variant='normal', weight=700, stretch='normal', size='scalable')) = 11.335
2026-03-08 14:07:29,377 - DEBUG - findfont: score(FontEntry(fname='C:\\Windows\\Fonts\\COPRGTL.TTF', name='Copperplate Gothic Light', style='normal', variant='normal', weight=400, stretch='normal', size='scalable')) = 10.05
2026-03-08 14:07:29,377 - DEBUG - findfont: score(FontEntry(fname='C:\\Windows\\Fonts\\HTOWERT.TTF', name='High Tower Text', style='normal', variant='normal', weight=400, stretch='normal', size='scalable')) = 10.05
2026-03-08 14:07:29,377 - DEBUG - findfont: score(FontEntry(fname='C:\\Windows\\Fonts\\calibril.ttf', name='Calibri', style='normal', variant='normal', weight=300, stretch='normal', size='scalable')) = 10.145
2026-03-08 14:07:29,377 - DEBUG - findfont: score(FontEntry(fname='C:\\Windows\\Fonts\\BOD_CBI.TTF', name='Bodoni MT', style='italic', variant='normal', weight=700, stretch='condensed', size='scalable')) = 11.535
2026-03-08 14:07:29,377 - DEBUG - findfont: score(FontEntry(fname='C:\\Windows\\Fonts\\GOTHICB.TTF', name='Century Gothic', style='normal', variant='normal', weight=700, stretch='normal', size='scalable')) = 10.335
2026-03-08 14:07:29,377 - DEBUG - findfont: score(FontEntry(fname='C:\\Windows\\Fonts\\ONYX.TTF', name='Onyx', style='normal', variant='normal', weight=400, stretch='normal', size='scalable')) = 10.05
2026-03-08 14:07:29,377 - DEBUG - findfont: score(FontEntry(fname='C:\\Windows\\Fonts\\SCHLBKB.TTF', name='Century Schoolbook', style='normal', variant='normal', weight=700, stretch='normal', size='scalable')) = 10.335
2026-03-08 14:07:29,377 - DEBUG - findfont: score(FontEntry(fname='C:\\Windows\\Fonts\\PALSCRI.TTF', name='Palace Script MT', style='normal', variant='normal', weight=400, stretch='normal', size='scalable')) = 10.05
2026-03-08 14:07:29,378 - DEBUG - findfont: score(FontEntry(fname='C:\\Windows\\Fonts\\Gabriola.ttf', name='Gabriola', style='normal', variant='normal', weight=400, stretch='normal', size='scalable')) = 10.05
2026-03-08 14:07:29,378 - DEBUG - findfont: score(FontEntry(fname='C:\\Windows\\Fonts\\ERASDEMI.TTF', name='Eras Demi ITC', style='normal', variant='normal', weight=400, stretch='normal', size='scalable')) = 10.05
2026-03-08 14:07:29,378 - DEBUG - findfont: score(FontEntry(fname='C:\\Windows\\Fonts\\PERTILI.TTF', name='Perpetua Titling MT', style='normal', variant='normal', weight=300, stretch='normal', size='scalable')) = 10.145
2026-03-08 14:07:29,378 - DEBUG - findfont: score(FontEntry(fname='C:\\Windows\\Fonts\\Roboto-Regular.ttf', name='Roboto', style='normal', variant='normal', weight=400, stretch='normal', size='scalable')) = 10.05
2026-03-08 14:07:29,378 - DEBUG - findfont: score(FontEntry(fname='C:\\Windows\\Fonts\\BRADHITC.TTF', name='Bradley Hand ITC', style='normal', variant='normal', weight=400, stretch='normal', size='scalable')) = 10.05
2026-03-08 14:07:29,378 - DEBUG - findfont: score(FontEntry(fname='C:\\Windows\\Fonts\\verdanai.ttf', name='Verdana', style='italic', variant='normal', weight=400, stretch='normal', size='scalable')) = 4.6863636363636365
2026-03-08 14:07:29,378 - DEBUG - findfont: score(FontEntry(fname='C:\\Windows\\Fonts\\BOD_CB.TTF', name='Bodoni MT', style='normal', variant='normal', weight=700, stretch='condensed', size='scalable')) = 10.535
2026-03-08 14:07:29,378 - DEBUG - findfont: score(FontEntry(fname='C:\\Windows\\Fonts\\FTLTLT.TTF', name='Footlight MT Light', style='normal', variant='normal', weight=300, stretch='normal', size='scalable')) = 10.145
2026-03-08 14:07:29,378 - DEBUG - findfont: score(FontEntry(fname='C:\\Windows\\Fonts\\seguibl.ttf', name='Segoe UI', style='normal', variant='normal', weight=900, stretch='normal', size='scalable')) = 10.525
2026-03-08 14:07:29,378 - DEBUG - findfont: score(FontEntry(fname='C:\\Windows\\Fonts\\corbell.ttf', name='Corbel', style='normal', variant='normal', weight=300, stretch='normal', size='scalable')) = 10.145
2026-03-08 14:07:29,378 - DEBUG - findfont: score(FontEntry(fname='C:\\Windows\\Fonts\\seguisli.ttf', name='Segoe UI', style='italic', variant='normal', weight=350, stretch='normal', size='scalable')) = 11.0975
2026-03-08 14:07:29,378 - DEBUG - findfont: score(FontEntry(fname='C:\\Windows\\Fonts\\PRISTINA.TTF', name='Pristina', style='normal', variant='normal', weight=400, stretch='normal', size='scalable')) = 10.05
2026-03-08 14:07:29,378 - DEBUG - findfont: score(FontEntry(fname='C:\\Windows\\Fonts\\calibrii.ttf', name='Calibri', style='italic', variant='normal', weight=400, stretch='normal', size='scalable')) = 11.05
2026-03-08 14:07:29,378 - DEBUG - findfont: score(FontEntry(fname='C:\\Windows\\Fonts\\GIGI.TTF', name='Gigi', style='normal', variant='normal', weight=400, stretch='normal', size='scalable')) = 10.05
2026-03-08 14:07:29,378 - DEBUG - findfont: score(FontEntry(fname='C:\\Windows\\Fonts\\seguihis.ttf', name='Segoe UI Historic', style='normal', variant='normal', weight=400, stretch='normal', size='scalable')) = 10.05
2026-03-08 14:07:29,378 - DEBUG - findfont: score(FontEntry(fname='C:\\Windows\\Fonts\\arialbd.ttf', name='Arial', style='normal', variant='normal', weight=700, stretch='normal', size='scalable')) = 6.698636363636363
2026-03-08 14:07:29,379 - DEBUG - findfont: score(FontEntry(fname='C:\\Windows\\Fonts\\consolab.ttf', name='Consolas', style='normal', variant='normal', weight=700, stretch='normal', size='scalable')) = 10.335
2026-03-08 14:07:29,379 - DEBUG - findfont: score(FontEntry(fname='C:\\Windows\\Fonts\\segoeui.ttf', name='Segoe UI', style='normal', variant='normal', weight=400, stretch='normal', size='scalable')) = 10.05
2026-03-08 14:07:29,379 - DEBUG - findfont: score(FontEntry(fname='C:\\Windows\\Fonts\\calibriz.ttf', name='Calibri', style='italic', variant='normal', weight=700, stretch='normal', size='scalable')) = 11.335
2026-03-08 14:07:29,379 - DEBUG - findfont: score(FontEntry(fname='C:\\Windows\\Fonts\\LSANSD.TTF', name='Lucida Sans', style='normal', variant='normal', weight=600, stretch='normal', size='scalable')) = 10.24
2026-03-08 14:07:29,379 - DEBUG - findfont: score(FontEntry(fname='C:\\Windows\\Fonts\\FRADMCN.TTF', name='Franklin Gothic Demi Cond', style='normal', variant='normal', weight=400, stretch='condensed', size='scalable')) = 10.25
2026-03-08 14:07:29,379 - DEBUG - findfont: score(FontEntry(fname='C:\\Windows\\Fonts\\BOOKOS.TTF', name='Bookman Old Style', style='normal', variant='normal', weight=300, stretch='normal', size='scalable')) = 10.145
2026-03-08 14:07:29,379 - DEBUG - findfont: score(FontEntry(fname='C:\\Windows\\Fonts\\bahnschrift.ttf', name='Bahnschrift', style='normal', variant='normal', weight=400, stretch='normal', size='scalable')) = 10.05
2026-03-08 14:07:29,379 - DEBUG - findfont: score(FontEntry(fname='C:\\Windows\\Fonts\\BOD_R.TTF', name='Bodoni MT', style='normal', variant='normal', weight=400, stretch='normal', size='scalable')) = 10.05
2026-03-08 14:07:29,379 - DEBUG - findfont: score(FontEntry(fname='C:\\Windows\\Fonts\\CALIFR.TTF', name='Californian FB', style='normal', variant='normal', weight=400, stretch='normal', size='scalable')) = 10.05
2026-03-08 14:07:29,379 - DEBUG - findfont: score(FontEntry(fname='C:\\Windows\\Fonts\\GLECB.TTF', name='Gloucester MT Extra Condensed', style='normal', variant='normal', weight=400, stretch='condensed', size='scalable')) = 10.25
2026-03-08 14:07:29,379 - DEBUG - findfont: score(FontEntry(fname='C:\\Windows\\Fonts\\consolaz.ttf', name='Consolas', style='italic', variant='normal', weight=700, stretch='normal', size='scalable')) = 11.335
2026-03-08 14:07:29,379 - DEBUG - findfont: score(FontEntry(fname='C:\\Windows\\Fonts\\SimsunExtG.ttf', name='SimSun-ExtG', style='normal', variant='normal', weight=400, stretch='normal', size='scalable')) = 10.05
2026-03-08 14:07:29,380 - DEBUG - findfont: score(FontEntry(fname='C:\\Windows\\Fonts\\GILC____.TTF', name='Gill Sans MT Condensed', style='normal', variant='normal', weight=400, stretch='condensed', size='scalable')) = 10.25
2026-03-08 14:07:29,380 - DEBUG - findfont: score(FontEntry(fname='C:\\Windows\\Fonts\\LBRITED.TTF', name='Lucida Bright', style='normal', variant='normal', weight=600, stretch='normal', size='scalable')) = 10.24
2026-03-08 14:07:29,380 - DEBUG - findfont: score(FontEntry(fname='C:\\Windows\\Fonts\\sylfaen.ttf', name='Sylfaen', style='normal', variant='normal', weight=400, stretch='normal', size='scalable')) = 10.05
2026-03-08 14:07:29,380 - DEBUG - findfont: score(FontEntry(fname='C:\\Windows\\Fonts\\comicbd.ttf', name='Comic Sans MS', style='normal', variant='normal', weight=700, stretch='normal', size='scalable')) = 10.335
2026-03-08 14:07:29,380 - DEBUG - findfont: score(FontEntry(fname='C:\\Windows\\Fonts\\HATTEN.TTF', name='Haettenschweiler', style='normal', variant='normal', weight=400, stretch='normal', size='scalable')) = 10.05
2026-03-08 14:07:29,380 - DEBUG - findfont: score(FontEntry(fname='C:\\Windows\\Fonts\\ERASBD.TTF', name='Eras Bold ITC', style='normal', variant='normal', weight=400, stretch='normal', size='scalable')) = 10.05
2026-03-08 14:07:29,380 - DEBUG - findfont: score(FontEntry(fname='C:\\Windows\\Fonts\\mmrtext.ttf', name='Myanmar Text', style='normal', variant='normal', weight=400, stretch='normal', size='scalable')) = 10.05
2026-03-08 14:07:29,380 - DEBUG - findfont: score(FontEntry(fname='C:\\Windows\\Fonts\\ariblk.ttf', name='Arial', style='normal', variant='normal', weight=900, stretch='normal', size='scalable')) = 6.888636363636364
2026-03-08 14:07:29,380 - DEBUG - findfont: score(FontEntry(fname='C:\\Windows\\Fonts\\pala.ttf', name='Palatino Linotype', style='normal', variant='normal', weight=400, stretch='normal', size='scalable')) = 10.05
2026-03-08 14:07:29,380 - DEBUG - findfont: score(FontEntry(fname='C:\\Windows\\Fonts\\FORTE.TTF', name='Forte', style='normal', variant='normal', weight=400, stretch='normal', size='scalable')) = 10.05
2026-03-08 14:07:29,381 - DEBUG - findfont: score(FontEntry(fname='C:\\Windows\\Fonts\\CENTURY.TTF', name='Century', style='normal', variant='normal', weight=400, stretch='normal', size='scalable')) = 10.05
2026-03-08 14:07:29,381 - DEBUG - findfont: score(FontEntry(fname='C:\\Windows\\Fonts\\ARIALN.TTF', name='Arial', style='normal', variant='normal', weight=400, stretch='condensed', size='scalable')) = 6.613636363636363
2026-03-08 14:07:29,381 - DEBUG - findfont: score(FontEntry(fname='C:\\Windows\\Fonts\\ntailub.ttf', name='Microsoft New Tai Lue', style='normal', variant='normal', weight=700, stretch='normal', size='scalable')) = 10.335
2026-03-08 14:07:29,381 - DEBUG - findfont: score(FontEntry(fname='C:\\Windows\\Fonts\\comicz.ttf', name='Comic Sans MS', style='italic', variant='normal', weight=700, stretch='normal', size='scalable')) = 11.335
2026-03-08 14:07:29,381 - DEBUG - findfont: score(FontEntry(fname='C:\\Windows\\Fonts\\ANTQUAB.TTF', name='Book Antiqua', style='normal', variant='normal', weight=700, stretch='normal', size='scalable')) = 10.335
2026-03-08 14:07:29,381 - DEBUG - findfont: score(FontEntry(fname='C:\\Windows\\Fonts\\monbaiti.ttf', name='Mongolian Baiti', style='normal', variant='normal', weight=400, stretch='normal', size='scalable')) = 10.05
2026-03-08 14:07:29,381 - DEBUG - findfont: score(FontEntry(fname='C:\\Windows\\Fonts\\HARLOWSI.TTF', name='Harlow Solid Italic', style='italic', variant='normal', weight=400, stretch='normal', size='scalable')) = 11.05
2026-03-08 14:07:29,381 - DEBUG - findfont: score(FontEntry(fname='C:\\Windows\\Fonts\\verdanaz.ttf', name='Verdana', style='italic', variant='normal', weight=700, stretch='normal', size='scalable')) = 4.971363636363637
2026-03-08 14:07:29,381 - DEBUG - findfont: score(FontEntry(fname='C:\\Windows\\Fonts\\FRAMDCN.TTF', name='Franklin Gothic Medium Cond', style='normal', variant='normal', weight=400, stretch='condensed', size='scalable')) = 10.25
2026-03-08 14:07:29,381 - DEBUG - findfont: score(FontEntry(fname='C:\\Windows\\Fonts\\SegUIVar.ttf', name='Segoe UI Variable', style='normal', variant='normal', weight=400, stretch='normal', size='scalable')) = 10.05
2026-03-08 14:07:29,382 - DEBUG - findfont: score(FontEntry(fname='C:\\Windows\\Fonts\\TCCEB.TTF', name='Tw Cen MT Condensed Extra Bold', style='normal', variant='normal', weight=400, stretch='condensed', size='scalable')) = 10.25
2026-03-08 14:07:29,382 - DEBUG - findfont: score(FontEntry(fname='C:\\Windows\\Fonts\\corbelli.ttf', name='Corbel', style='italic', variant='normal', weight=300, stretch='normal', size='scalable')) = 11.145
2026-03-08 14:07:29,382 - DEBUG - findfont: score(FontEntry(fname='C:\\Windows\\Fonts\\GILSANUB.TTF', name='Gill Sans Ultra Bold', style='normal', variant='normal', weight=400, stretch='normal', size='scalable')) = 10.05
2026-03-08 14:07:29,382 - DEBUG - findfont: score(FontEntry(fname='C:\\Windows\\Fonts\\seguibli.ttf', name='Segoe UI', style='italic', variant='normal', weight=900, stretch='normal', size='scalable')) = 11.525
2026-03-08 14:07:29,382 - DEBUG - findfont: score(FontEntry(fname='C:\\Windows\\Fonts\\FELIXTI.TTF', name='Felix Titling', style='normal', variant='normal', weight=400, stretch='normal', size='scalable')) = 10.05
2026-03-08 14:07:29,382 - DEBUG - findfont: score(FontEntry(fname='C:\\Windows\\Fonts\\msgothic.ttc', name='MS Gothic', style='normal', variant='normal', weight=400, stretch='normal', size='scalable')) = 10.05
2026-03-08 14:07:29,382 - DEBUG - findfont: score(FontEntry(fname='C:\\Windows\\Fonts\\Nirmala.ttc', name='Nirmala UI', style='normal', variant='normal', weight=400, stretch='normal', size='scalable')) = 10.05
2026-03-08 14:07:29,382 - DEBUG - findfont: score(FontEntry(fname='C:\\Windows\\Fonts\\TCBI____.TTF', name='Tw Cen MT', style='italic', variant='normal', weight=700, stretch='normal', size='scalable')) = 11.335
2026-03-08 14:07:29,382 - DEBUG - findfont: score(FontEntry(fname='C:\\Windows\\Fonts\\segoeuisl.ttf', name='Segoe UI', style='normal', variant='normal', weight=350, stretch='normal', size='scalable')) = 10.0975
2026-03-08 14:07:29,382 - DEBUG - findfont: score(FontEntry(fname='C:\\Windows\\Fonts\\TCMI____.TTF', name='Tw Cen MT', style='italic', variant='normal', weight=400, stretch='normal', size='scalable')) = 11.05
2026-03-08 14:07:29,382 - DEBUG - findfont: score(FontEntry(fname='C:\\Windows\\Fonts\\seguili.ttf', name='Segoe UI', style='italic', variant='normal', weight=300, stretch='normal', size='scalable')) = 11.145
2026-03-08 14:07:29,382 - DEBUG - findfont: score(FontEntry(fname='C:\\Windows\\Fonts\\HTOWERTI.TTF', name='High Tower Text', style='italic', variant='normal', weight=400, stretch='normal', size='scalable')) = 11.05
2026-03-08 14:07:29,383 - DEBUG - findfont: score(FontEntry(fname='C:\\Windows\\Fonts\\SegoeIcons.ttf', name='Segoe Fluent Icons', style='normal', variant='normal', weight=400, stretch='normal', size='scalable')) = 10.05
2026-03-08 14:07:29,383 - DEBUG - findfont: score(FontEntry(fname='C:\\Windows\\Fonts\\BOD_BLAR.TTF', name='Bodoni MT', style='normal', variant='normal', weight=900, stretch='normal', size='scalable')) = 10.525
2026-03-08 14:07:29,383 - DEBUG - findfont: score(FontEntry(fname='C:\\Windows\\Fonts\\msyi.ttf', name='Microsoft Yi Baiti', style='normal', variant='normal', weight=400, stretch='normal', size='scalable')) = 10.05
2026-03-08 14:07:29,383 - DEBUG - findfont: score(FontEntry(fname='C:\\Windows\\Fonts\\GARA.TTF', name='Garamond', style='normal', variant='normal', weight=400, stretch='normal', size='scalable')) = 10.05
2026-03-08 14:07:29,383 - DEBUG - findfont: score(FontEntry(fname='C:\\Windows\\Fonts\\gadugib.ttf', name='Gadugi', style='normal', variant='normal', weight=700, stretch='normal', size='scalable')) = 10.335
2026-03-08 14:07:29,383 - DEBUG - findfont: score(FontEntry(fname='C:\\Windows\\Fonts\\CENSCBK.TTF', name='Century Schoolbook', style='normal', variant='normal', weight=400, stretch='normal', size='scalable')) = 10.05
2026-03-08 14:07:29,383 - DEBUG - findfont: score(FontEntry(fname='C:\\Windows\\Fonts\\CURLZ___.TTF', name='Curlz MT', style='normal', variant='normal', weight=400, stretch='normal', size='scalable')) = 10.05
2026-03-08 14:07:29,383 - DEBUG - findfont: score(FontEntry(fname='C:\\Windows\\Fonts\\GARAIT.TTF', name='Garamond', style='italic', variant='normal', weight=400, stretch='normal', size='scalable')) = 11.05
2026-03-08 14:07:29,383 - DEBUG - findfont: score(FontEntry(fname='C:\\Windows\\Fonts\\ARIALNI.TTF', name='Arial', style='italic', variant='normal', weight=400, stretch='condensed', size='scalable')) = 7.613636363636363
2026-03-08 14:07:29,383 - DEBUG - findfont: score(FontEntry(fname='C:\\Windows\\Fonts\\ARIALNBI.TTF', name='Arial', style='italic', variant='normal', weight=700, stretch='condensed', size='scalable')) = 7.8986363636363635
2026-03-08 14:07:29,383 - DEBUG - findfont: score(FontEntry(fname='C:\\Windows\\Fonts\\Candara.ttf', name='Candara', style='normal', variant='normal', weight=400, stretch='normal', size='scalable')) = 10.05
2026-03-08 14:07:29,383 - DEBUG - findfont: score(FontEntry(fname='C:\\Windows\\Fonts\\GOUDYSTO.TTF', name='Goudy Stout', style='normal', variant='normal', weight=400, stretch='normal', size='scalable')) = 10.05
2026-03-08 14:07:29,383 - DEBUG - findfont: score(FontEntry(fname='C:\\Windows\\Fonts\\couri.ttf', name='Courier New', style='italic', variant='normal', weight=400, stretch='normal', size='scalable')) = 11.05
2026-03-08 14:07:29,383 - DEBUG - findfont: score(FontEntry(fname='C:\\Windows\\Fonts\\georgiaz.ttf', name='Georgia', style='italic', variant='normal', weight=700, stretch='normal', size='scalable')) = 11.335
2026-03-08 14:07:29,383 - DEBUG - findfont: score(FontEntry(fname='C:\\Windows\\Fonts\\BOOKOSI.TTF', name='Bookman Old Style', style='italic', variant='normal', weight=300, stretch='normal', size='scalable')) = 11.145
2026-03-08 14:07:29,383 - DEBUG - findfont: score(FontEntry(fname='C:\\Windows\\Fonts\\BOD_BLAI.TTF', name='Bodoni MT', style='italic', variant='normal', weight=900, stretch='normal', size='scalable')) = 11.525
2026-03-08 14:07:29,384 - DEBUG - findfont: score(FontEntry(fname='C:\\Windows\\Fonts\\YuGothM.ttc', name='Yu Gothic', style='normal', variant='normal', weight=500, stretch='normal', size='scalable')) = 10.145
2026-03-08 14:07:29,384 - DEBUG - findfont: score(FontEntry(fname='C:\\Windows\\Fonts\\calibrib.ttf', name='Calibri', style='normal', variant='normal', weight=700, stretch='normal', size='scalable')) = 10.335
2026-03-08 14:07:29,384 - DEBUG - findfont: score(FontEntry(fname='C:\\Windows\\Fonts\\trebucbd.ttf', name='Trebuchet MS', style='normal', variant='normal', weight=700, stretch='normal', size='scalable')) = 10.335
2026-03-08 14:07:29,384 - DEBUG - findfont: score(FontEntry(fname='C:\\Windows\\Fonts\\trebuc.ttf', name='Trebuchet MS', style='normal', variant='normal', weight=400, stretch='normal', size='scalable')) = 10.05
2026-03-08 14:07:29,384 - DEBUG - findfont: score(FontEntry(fname='C:\\Windows\\Fonts\\tahomabd.ttf', name='Tahoma', style='normal', variant='normal', weight=700, stretch='normal', size='scalable')) = 10.335
2026-03-08 14:07:29,384 - DEBUG - findfont: score(FontEntry(fname='C:\\Windows\\Fonts\\REFSPCL.TTF', name='MS Reference Specialty', style='normal', variant='normal', weight=400, stretch='normal', size='scalable')) = 10.05
2026-03-08 14:07:29,384 - DEBUG - findfont: score(FontEntry(fname='C:\\Windows\\Fonts\\ROCK.TTF', name='Rockwell', style='normal', variant='normal', weight=400, stretch='normal', size='scalable')) = 10.05
2026-03-08 14:07:29,384 - DEBUG - findfont: score(FontEntry(fname='C:\\Windows\\Fonts\\BOD_CR.TTF', name='Bodoni MT', style='normal', variant='normal', weight=400, stretch='condensed', size='scalable')) = 10.25
2026-03-08 14:07:29,384 - DEBUG - findfont: score(FontEntry(fname='C:\\Windows\\Fonts\\cambriab.ttf', name='Cambria', style='normal', variant='normal', weight=700, stretch='normal', size='scalable')) = 10.335
2026-03-08 14:07:29,384 - DEBUG - findfont: score(FontEntry(fname='C:\\Windows\\Fonts\\BRLNSB.TTF', name='Berlin Sans FB', style='normal', variant='normal', weight=700, stretch='normal', size='scalable')) = 10.335
2026-03-08 14:07:29,384 - DEBUG - findfont: score(FontEntry(fname='C:\\Windows\\Fonts\\msjhl.ttc', name='Microsoft JhengHei', style='normal', variant='normal', weight=290, stretch='normal', size='scalable')) = 10.1545
2026-03-08 14:07:29,384 - DEBUG - findfont: score(FontEntry(fname='C:\\Windows\\Fonts\\corbelb.ttf', name='Corbel', style='normal', variant='normal', weight=700, stretch='normal', size='scalable')) = 10.335
2026-03-08 14:07:29,384 - DEBUG - findfont: score(FontEntry(fname='C:\\Windows\\Fonts\\Candarab.ttf', name='Candara', style='normal', variant='normal', weight=700, stretch='normal', size='scalable')) = 10.335
2026-03-08 14:07:29,384 - DEBUG - findfont: score(FontEntry(fname='C:\\Windows\\Fonts\\DUBAI-MEDIUM.TTF', name='Dubai', style='normal', variant='normal', weight=500, stretch='normal', size='scalable')) = 10.145
2026-03-08 14:07:29,384 - DEBUG - findfont: score(FontEntry(fname='C:\\Windows\\Fonts\\verdanab.ttf', name='Verdana', style='normal', variant='normal', weight=700, stretch='normal', size='scalable')) = 3.9713636363636367
2026-03-08 14:07:29,384 - DEBUG - findfont: score(FontEntry(fname='C:\\Windows\\Fonts\\GILBI___.TTF', name='Gill Sans MT', style='italic', variant='normal', weight=700, stretch='normal', size='scalable')) = 11.335
2026-03-08 14:07:29,384 - DEBUG - findfont: score(FontEntry(fname='C:\\Windows\\Fonts\\timesbi.ttf', name='Times New Roman', style='italic', variant='normal', weight=700, stretch='normal', size='scalable')) = 11.335
2026-03-08 14:07:29,385 - DEBUG - findfont: score(FontEntry(fname='C:\\Windows\\Fonts\\Candaral.ttf', name='Candara', style='normal', variant='normal', weight=400, stretch='normal', size='scalable')) = 10.05
2026-03-08 14:07:29,385 - DEBUG - findfont: score(FontEntry(fname='C:\\Windows\\Fonts\\segoeuiz.ttf', name='Segoe UI', style='italic', variant='normal', weight=700, stretch='normal', size='scalable')) = 11.335
2026-03-08 14:07:29,385 - DEBUG - findfont: score(FontEntry(fname='C:\\Windows\\Fonts\\LTYPEB.TTF', name='Lucida Sans Typewriter', style='normal', variant='normal', weight=600, stretch='normal', size='scalable')) = 10.24
2026-03-08 14:07:29,385 - DEBUG - findfont: score(FontEntry(fname='C:\\Windows\\Fonts\\CASTELAR.TTF', name='Castellar', style='normal', variant='normal', weight=400, stretch='normal', size='scalable')) = 10.05
2026-03-08 14:07:29,385 - DEBUG - findfont: score(FontEntry(fname='C:\\Windows\\Fonts\\BOOKOSBI.TTF', name='Bookman Old Style', style='italic', variant='normal', weight=600, stretch='normal', size='scalable')) = 11.24
2026-03-08 14:07:29,385 - DEBUG - findfont: score(FontEntry(fname='C:\\Windows\\Fonts\\FRAHV.TTF', name='Franklin Gothic Heavy', style='normal', variant='normal', weight=400, stretch='normal', size='scalable')) = 10.05
2026-03-08 14:07:29,385 - DEBUG - findfont: score(FontEntry(fname='C:\\Windows\\Fonts\\wingding.ttf', name='Wingdings', style='normal', variant='normal', weight=400, stretch='normal', size='scalable')) = 10.05
2026-03-08 14:07:29,385 - DEBUG - findfont: score(FontEntry(fname='C:\\Windows\\Fonts\\SCHLBKBI.TTF', name='Century Schoolbook', style='italic', variant='normal', weight=700, stretch='normal', size='scalable')) = 11.335
2026-03-08 14:07:29,385 - DEBUG - findfont: score(FontEntry(fname='C:\\Windows\\Fonts\\ROCKI.TTF', name='Rockwell', style='italic', variant='normal', weight=400, stretch='normal', size='scalable')) = 11.05
2026-03-08 14:07:29,385 - DEBUG - findfont: score(FontEntry(fname='C:\\Windows\\Fonts\\MTEXTRA.TTF', name='MT Extra', style='normal', variant='normal', weight=400, stretch='normal', size='scalable')) = 10.05
2026-03-08 14:07:29,385 - DEBUG - findfont: score(FontEntry(fname='C:\\Windows\\Fonts\\BOD_CI.TTF', name='Bodoni MT', style='italic', variant='normal', weight=400, stretch='condensed', size='scalable')) = 11.25
2026-03-08 14:07:29,385 - DEBUG - findfont: score(FontEntry(fname='C:\\Windows\\Fonts\\OLDENGL.TTF', name='Old English Text MT', style='normal', variant='normal', weight=400, stretch='normal', size='scalable')) = 10.05
2026-03-08 14:07:29,385 - DEBUG - findfont: score(FontEntry(fname='C:\\Windows\\Fonts\\ARLRDBD.TTF', name='Arial Rounded MT Bold', style='normal', variant='normal', weight=400, stretch='normal', size='scalable')) = 10.05
2026-03-08 14:07:29,385 - DEBUG - findfont: score(FontEntry(fname='C:\\Windows\\Fonts\\malgunsl.ttf', name='Malgun Gothic', style='normal', variant='normal', weight=300, stretch='normal', size='scalable')) = 10.145
2026-03-08 14:07:29,385 - DEBUG - findfont: score(FontEntry(fname='C:\\Windows\\Fonts\\BSSYM7.TTF', name='Bookshelf Symbol 7', style='normal', variant='normal', weight=400, stretch='normal', size='scalable')) = 10.05
2026-03-08 14:07:29,385 - DEBUG - findfont: score(FontEntry(fname='C:\\Windows\\Fonts\\BOD_I.TTF', name='Bodoni MT', style='italic', variant='normal', weight=400, stretch='normal', size='scalable')) = 11.05
2026-03-08 14:07:29,385 - DEBUG - findfont: score(FontEntry(fname='C:\\Windows\\Fonts\\LSANSDI.TTF', name='Lucida Sans', style='italic', variant='normal', weight=600, stretch='normal', size='scalable')) = 11.24
2026-03-08 14:07:29,386 - DEBUG - findfont: score(FontEntry(fname='C:\\Windows\\Fonts\\PERB____.TTF', name='Perpetua', style='normal', variant='normal', weight=700, stretch='normal', size='scalable')) = 10.335
2026-03-08 14:07:29,386 - DEBUG - findfont: score(FontEntry(fname='C:\\Windows\\Fonts\\YuGothB.ttc', name='Yu Gothic', style='normal', variant='normal', weight=700, stretch='normal', size='scalable')) = 10.335
2026-03-08 14:07:29,386 - DEBUG - findfont: score(FontEntry(fname='C:\\Windows\\Fonts\\TEMPSITC.TTF', name='Tempus Sans ITC', style='normal', variant='normal', weight=400, stretch='normal', size='scalable')) = 10.05
2026-03-08 14:07:29,386 - DEBUG - findfont: score(FontEntry(fname='C:\\Windows\\Fonts\\BELL.TTF', name='Bell MT', style='normal', variant='normal', weight=400, stretch='normal', size='scalable')) = 10.05
2026-03-08 14:07:29,386 - DEBUG - findfont: score(FontEntry(fname='C:\\Windows\\Fonts\\constanb.ttf', name='Constantia', style='normal', variant='normal', weight=700, stretch='normal', size='scalable')) = 10.335
2026-03-08 14:07:29,386 - DEBUG - findfont: score(FontEntry(fname='C:\\Windows\\Fonts\\BOD_BI.TTF', name='Bodoni MT', style='italic', variant='normal', weight=700, stretch='normal', size='scalable')) = 11.335
2026-03-08 14:07:29,386 - DEBUG - findfont: score(FontEntry(fname='C:\\Windows\\Fonts\\framdit.ttf', name='Franklin Gothic Medium', style='italic', variant='normal', weight=400, stretch='normal', size='scalable')) = 11.05
2026-03-08 14:07:29,386 - DEBUG - findfont: score(FontEntry(fname='C:\\Windows\\Fonts\\simsun.ttc', name='SimSun', style='normal', variant='normal', weight=400, stretch='normal', size='scalable')) = 10.05
2026-03-08 14:07:29,386 - DEBUG - findfont: score(FontEntry(fname='C:\\Windows\\Fonts\\taileb.ttf', name='Microsoft Tai Le', style='normal', variant='normal', weight=700, stretch='normal', size='scalable')) = 10.335
2026-03-08 14:07:29,386 - DEBUG - findfont: score(FontEntry(fname='C:\\Windows\\Fonts\\tahoma.ttf', name='Tahoma', style='normal', variant='normal', weight=400, stretch='normal', size='scalable')) = 10.05
2026-03-08 14:07:29,386 - DEBUG - findfont: score(FontEntry(fname='C:\\Windows\\Fonts\\TCCB____.TTF', name='Tw Cen MT Condensed', style='normal', variant='normal', weight=700, stretch='condensed', size='scalable')) = 10.535
2026-03-08 14:07:29,386 - DEBUG - findfont: score(FontEntry(fname='C:\\Windows\\Fonts\\javatext.ttf', name='Javanese Text', style='normal', variant='normal', weight=400, stretch='normal', size='scalable')) = 10.05
2026-03-08 14:07:29,386 - DEBUG - findfont: score(FontEntry(fname='C:\\Windows\\Fonts\\ariali.ttf', name='Arial', style='italic', variant='normal', weight=400, stretch='normal', size='scalable')) = 7.413636363636363
2026-03-08 14:07:29,386 - DEBUG - findfont: score(FontEntry(fname='C:\\Windows\\Fonts\\segoeuil.ttf', name='Segoe UI', style='normal', variant='normal', weight=300, stretch='normal', size='scalable')) = 10.145
2026-03-08 14:07:29,386 - DEBUG - findfont: score(FontEntry(fname='C:\\Windows\\Fonts\\timesi.ttf', name='Times New Roman', style='italic', variant='normal', weight=400, stretch='normal', size='scalable')) = 11.05
2026-03-08 14:07:29,386 - DEBUG - findfont: score(FontEntry(fname='C:\\Windows\\Fonts\\BRLNSDB.TTF', name='Berlin Sans FB Demi', style='normal', variant='normal', weight=700, stretch='normal', size='scalable')) = 10.335
2026-03-08 14:07:29,387 - DEBUG - findfont: score(FontEntry(fname='C:\\Windows\\Fonts\\SitkaVF.ttf', name='Sitka', style='normal', variant='normal', weight=400, stretch='normal', size='scalable')) = 10.05
2026-03-08 14:07:29,387 - DEBUG - findfont: score(FontEntry(fname='C:\\Windows\\Fonts\\ROCKEB.TTF', name='Rockwell Extra Bold', style='normal', variant='normal', weight=800, stretch='normal', size='scalable')) = 10.43
2026-03-08 14:07:29,387 - DEBUG - findfont: score(FontEntry(fname='C:\\Windows\\Fonts\\COLONNA.TTF', name='Colonna MT', style='normal', variant='normal', weight=400, stretch='normal', size='scalable')) = 10.05
2026-03-08 14:07:29,387 - DEBUG - findfont: score(FontEntry(fname='C:\\Windows\\Fonts\\ALGER.TTF', name='Algerian', style='normal', variant='normal', weight=400, stretch='normal', size='scalable')) = 10.05
2026-03-08 14:07:29,387 - DEBUG - findfont: score(FontEntry(fname='C:\\Windows\\Fonts\\DUBAI-BOLD.TTF', name='Dubai', style='normal', variant='normal', weight=700, stretch='normal', size='scalable')) = 10.335
2026-03-08 14:07:29,387 - DEBUG - findfont: score(FontEntry(fname='C:\\Windows\\Fonts\\COPRGTB.TTF', name='Copperplate Gothic Bold', style='normal', variant='normal', weight=400, stretch='normal', size='scalable')) = 10.05
2026-03-08 14:07:29,387 - DEBUG - findfont: score(FontEntry(fname='C:\\Windows\\Fonts\\PARCHM.TTF', name='Parchment', style='normal', variant='normal', weight=400, stretch='normal', size='scalable')) = 10.05
2026-03-08 14:07:29,387 - DEBUG - findfont: score(FontEntry(fname='C:\\Windows\\Fonts\\FREESCPT.TTF', name='Freestyle Script', style='normal', variant='normal', weight=400, stretch='normal', size='scalable')) = 10.05
2026-03-08 14:07:29,387 - DEBUG - findfont: score(FontEntry(fname='C:\\Windows\\Fonts\\ANTQUAI.TTF', name='Book Antiqua', style='italic', variant='normal', weight=400, stretch='normal', size='scalable')) = 11.05
2026-03-08 14:07:29,387 - DEBUG - findfont: score(FontEntry(fname='C:\\Windows\\Fonts\\JUICE___.TTF', name='Juice ITC', style='normal', variant='normal', weight=400, stretch='normal', size='scalable')) = 10.05
2026-03-08 14:07:29,387 - DEBUG - findfont: score(FontEntry(fname='C:\\Windows\\Fonts\\BAUHS93.TTF', name='Bauhaus 93', style='normal', variant='normal', weight=400, stretch='normal', size='scalable')) = 10.05
2026-03-08 14:07:29,387 - DEBUG - findfont: score(FontEntry(fname='C:\\Windows\\Fonts\\IMPRISHA.TTF', name='Imprint MT Shadow', style='normal', variant='normal', weight=400, stretch='normal', size='scalable')) = 10.05
2026-03-08 14:07:29,387 - DEBUG - findfont: score(FontEntry(fname='C:\\Windows\\Fonts\\FRAHVIT.TTF', name='Franklin Gothic Heavy', style='italic', variant='normal', weight=400, stretch='normal', size='scalable')) = 11.05
2026-03-08 14:07:29,388 - DEBUG - findfont: score(FontEntry(fname='C:\\Windows\\Fonts\\mvboli.ttf', name='MV Boli', style='normal', variant='normal', weight=400, stretch='normal', size='scalable')) = 10.05
2026-03-08 14:07:29,388 - DEBUG - findfont: score(FontEntry(fname='C:\\Windows\\Fonts\\micross.ttf', name='Microsoft Sans Serif', style='normal', variant='normal', weight=400, stretch='normal', size='scalable')) = 10.05
2026-03-08 14:07:29,388 - DEBUG - findfont: score(FontEntry(fname='C:\\Windows\\Fonts\\ITCBLKAD.TTF', name='Blackadder ITC', style='normal', variant='normal', weight=400, stretch='normal', size='scalable')) = 10.05
2026-03-08 14:07:29,388 - DEBUG - findfont: score(FontEntry(fname='C:\\Windows\\Fonts\\GOTHICI.TTF', name='Century Gothic', style='italic', variant='normal', weight=400, stretch='normal', size='scalable')) = 11.05
2026-03-08 14:07:29,388 - DEBUG - findfont: score(FontEntry(fname='C:\\Windows\\Fonts\\FRSCRIPT.TTF', name='French Script MT', style='normal', variant='normal', weight=400, stretch='normal', size='scalable')) = 10.05
2026-03-08 14:07:29,388 - DEBUG - findfont: score(FontEntry(fname='C:\\Windows\\Fonts\\CALISTBI.TTF', name='Calisto MT', style='italic', variant='normal', weight=700, stretch='normal', size='scalable')) = 11.335
2026-03-08 14:07:29,388 - DEBUG - findfont: score(FontEntry(fname='C:\\Windows\\Fonts\\VINERITC.TTF', name='Viner Hand ITC', style='normal', variant='normal', weight=400, stretch='normal', size='scalable')) = 10.05
2026-03-08 14:07:29,388 - DEBUG - findfont: score(FontEntry(fname='C:\\Windows\\Fonts\\BRUSHSCI.TTF', name='Brush Script MT', style='italic', variant='normal', weight=400, stretch='normal', size='scalable')) = 11.05
2026-03-08 14:07:29,388 - DEBUG - findfont: score(FontEntry(fname='C:\\Windows\\Fonts\\OCRAEXT.TTF', name='OCR A Extended', style='normal', variant='normal', weight=400, stretch='expanded', size='scalable')) = 10.25
2026-03-08 14:07:29,388 - DEBUG - findfont: score(FontEntry(fname='C:\\Windows\\Fonts\\BRITANIC.TTF', name='Britannic Bold', style='normal', variant='normal', weight=400, stretch='normal', size='scalable')) = 10.05
2026-03-08 14:07:29,388 - DEBUG - findfont: score(FontEntry(fname='C:\\Windows\\Fonts\\ELEPHNTI.TTF', name='Elephant', style='italic', variant='normal', weight=400, stretch='normal', size='scalable')) = 11.05
2026-03-08 14:07:29,388 - DEBUG - findfont: score(FontEntry(fname='C:\\Windows\\Fonts\\GILLUBCD.TTF', name='Gill Sans Ultra Bold Condensed', style='normal', variant='normal', weight=400, stretch='condensed', size='scalable')) = 10.25
2026-03-08 14:07:29,388 - DEBUG - findfont: score(FontEntry(fname='C:\\Windows\\Fonts\\msjhbd.ttc', name='Microsoft JhengHei', style='normal', variant='normal', weight=700, stretch='normal', size='scalable')) = 10.335
2026-03-08 14:07:29,388 - DEBUG - findfont: score(FontEntry(fname='C:\\Windows\\Fonts\\FRABKIT.TTF', name='Franklin Gothic Book', style='italic', variant='normal', weight=400, stretch='normal', size='scalable')) = 11.05
2026-03-08 14:07:29,388 - DEBUG - findfont: score(FontEntry(fname='C:\\Windows\\Fonts\\YuGothR.ttc', name='Yu Gothic', style='normal', variant='normal', weight=400, stretch='normal', size='scalable')) = 10.05
2026-03-08 14:07:29,388 - DEBUG - findfont: score(FontEntry(fname='C:\\Windows\\Fonts\\PER_____.TTF', name='Perpetua', style='normal', variant='normal', weight=400, stretch='normal', size='scalable')) = 10.05
2026-03-08 14:07:29,388 - DEBUG - findfont: score(FontEntry(fname='C:\\Windows\\Fonts\\LATINWD.TTF', name='Wide Latin', style='normal', variant='normal', weight=400, stretch='expanded', size='scalable')) = 10.25
2026-03-08 14:07:29,389 - DEBUG - findfont: score(FontEntry(fname='C:\\Windows\\Fonts\\LBRITEI.TTF', name='Lucida Bright', style='italic', variant='normal', weight=400, stretch='normal', size='scalable')) = 11.05
2026-03-08 14:07:29,389 - DEBUG - findfont: score(FontEntry(fname='C:\\Windows\\Fonts\\FRADM.TTF', name='Franklin Gothic Demi', style='normal', variant='normal', weight=400, stretch='normal', size='scalable')) = 10.05
2026-03-08 14:07:29,389 - DEBUG - findfont: score(FontEntry(fname='C:\\Windows\\Fonts\\ROCKBI.TTF', name='Rockwell', style='italic', variant='normal', weight=700, stretch='normal', size='scalable')) = 11.335
2026-03-08 14:07:29,389 - DEBUG - findfont: score(FontEntry(fname='C:\\Windows\\Fonts\\POORICH.TTF', name='Poor Richard', style='normal', variant='normal', weight=400, stretch='normal', size='scalable')) = 10.05
2026-03-08 14:07:29,389 - DEBUG - findfont: score(FontEntry(fname='C:\\Windows\\Fonts\\MTCORSVA.TTF', name='Monotype Corsiva', style='normal', variant='normal', weight=400, stretch='normal', size='scalable')) = 10.05
2026-03-08 14:07:29,389 - DEBUG - findfont: score(FontEntry(fname='C:\\Windows\\Fonts\\cambriai.ttf', name='Cambria', style='italic', variant='normal', weight=400, stretch='normal', size='scalable')) = 11.05
2026-03-08 14:07:29,389 - DEBUG - findfont: score(FontEntry(fname='C:\\Windows\\Fonts\\ENGR.TTF', name='Engravers MT', style='normal', variant='normal', weight=500, stretch='normal', size='scalable')) = 10.145
2026-03-08 14:07:29,389 - DEBUG - findfont: score(FontEntry(fname='C:\\Windows\\Fonts\\LSANS.TTF', name='Lucida Sans', style='normal', variant='normal', weight=400, stretch='normal', size='scalable')) = 10.05
2026-03-08 14:07:29,389 - DEBUG - findfont: score(FontEntry(fname='C:\\Windows\\Fonts\\GOUDOSI.TTF', name='Goudy Old Style', style='italic', variant='normal', weight=400, stretch='normal', size='scalable')) = 11.05
2026-03-08 14:07:29,389 - DEBUG - findfont: score(FontEntry(fname='C:\\Windows\\Fonts\\YuGothL.ttc', name='Yu Gothic', style='normal', variant='normal', weight=300, stretch='normal', size='scalable')) = 10.145
2026-03-08 14:07:29,389 - DEBUG - findfont: score(FontEntry(fname='C:\\Windows\\Fonts\\BKANT.TTF', name='Book Antiqua', style='normal', variant='normal', weight=400, stretch='normal', size='scalable')) = 10.05
2026-03-08 14:07:29,389 - DEBUG - findfont: score(FontEntry(fname='C:\\Windows\\Fonts\\VIVALDII.TTF', name='Vivaldi', style='italic', variant='normal', weight=400, stretch='normal', size='scalable')) = 11.05
2026-03-08 14:07:29,389 - DEBUG - findfont: score(FontEntry(fname='C:\\Windows\\Fonts\\TCM_____.TTF', name='Tw Cen MT', style='normal', variant='normal', weight=400, stretch='normal', size='scalable')) = 10.05
2026-03-08 14:07:29,389 - DEBUG - findfont: score(FontEntry(fname='C:\\Windows\\Fonts\\LTYPEBO.TTF', name='Lucida Sans Typewriter', style='oblique', variant='normal', weight=600, stretch='normal', size='scalable')) = 11.24
2026-03-08 14:07:29,389 - DEBUG - findfont: score(FontEntry(fname='C:\\Windows\\Fonts\\verdana.ttf', name='Verdana', style='normal', variant='normal', weight=400, stretch='normal', size='scalable')) = 3.6863636363636365
2026-03-08 14:07:29,389 - DEBUG - findfont: score(FontEntry(fname='C:\\Windows\\Fonts\\SNAP____.TTF', name='Snap ITC', style='normal', variant='normal', weight=400, stretch='normal', size='scalable')) = 10.05
2026-03-08 14:07:29,389 - DEBUG - findfont: score(FontEntry(fname='C:\\Windows\\Fonts\\CALISTI.TTF', name='Calisto MT', style='italic', variant='normal', weight=400, stretch='normal', size='scalable')) = 11.05
2026-03-08 14:07:29,390 - DEBUG - findfont: score(FontEntry(fname='C:\\Windows\\Fonts\\STENCIL.TTF', name='Stencil', style='normal', variant='normal', weight=400, stretch='normal', size='scalable')) = 10.05
2026-03-08 14:07:29,390 - DEBUG - findfont: score(FontEntry(fname='C:\\Windows\\Fonts\\segoeuib.ttf', name='Segoe UI', style='normal', variant='normal', weight=700, stretch='normal', size='scalable')) = 10.335
2026-03-08 14:07:29,390 - DEBUG - findfont: score(FontEntry(fname='C:\\Windows\\Fonts\\malgun.ttf', name='Malgun Gothic', style='normal', variant='normal', weight=400, stretch='normal', size='scalable')) = 10.05
2026-03-08 14:07:29,390 - DEBUG - findfont: score(FontEntry(fname='C:\\Windows\\Fonts\\LeelawUI.ttf', name='Leelawadee UI', style='normal', variant='normal', weight=400, stretch='normal', size='scalable')) = 10.05
2026-03-08 14:07:29,390 - DEBUG - findfont: score(FontEntry(fname='C:\\Windows\\Fonts\\COOPBL.TTF', name='Cooper Black', style='normal', variant='normal', weight=400, stretch='normal', size='scalable')) = 10.05
2026-03-08 14:07:29,390 - DEBUG - findfont: score(FontEntry(fname='C:\\Windows\\Fonts\\TCCM____.TTF', name='Tw Cen MT Condensed', style='normal', variant='normal', weight=400, stretch='condensed', size='scalable')) = 10.25
2026-03-08 14:07:29,390 - DEBUG - findfont: score(FontEntry(fname='C:\\Windows\\Fonts\\ITCKRIST.TTF', name='Kristen ITC', style='normal', variant='normal', weight=400, stretch='normal', size='scalable')) = 10.05
2026-03-08 14:07:29,390 - DEBUG - findfont: score(FontEntry(fname='C:\\Windows\\Fonts\\trebucit.ttf', name='Trebuchet MS', style='italic', variant='normal', weight=400, stretch='normal', size='scalable')) = 11.05
2026-03-08 14:07:29,390 - DEBUG - findfont: score(FontEntry(fname='C:\\Windows\\Fonts\\HARNGTON.TTF', name='Harrington', style='normal', variant='normal', weight=400, stretch='normal', size='scalable')) = 10.05
2026-03-08 14:07:29,390 - DEBUG - findfont: score(FontEntry(fname='C:\\Windows\\Fonts\\MISTRAL.TTF', name='Mistral', style='normal', variant='normal', weight=400, stretch='normal', size='scalable')) = 10.05
2026-03-08 14:07:29,390 - DEBUG - findfont: score(FontEntry(fname='C:\\Windows\\Fonts\\ERASMD.TTF', name='Eras Medium ITC', style='normal', variant='normal', weight=400, stretch='normal', size='scalable')) = 10.05
2026-03-08 14:07:29,390 - DEBUG - findfont: score(FontEntry(fname='C:\\Windows\\Fonts\\Candaraz.ttf', name='Candara', style='italic', variant='normal', weight=700, stretch='normal', size='scalable')) = 11.335
2026-03-08 14:07:29,390 - DEBUG - findfont: score(FontEntry(fname='C:\\Windows\\Fonts\\CHILLER.TTF', name='Chiller', style='normal', variant='normal', weight=400, stretch='normal', size='scalable')) = 10.05
2026-03-08 14:07:29,390 - DEBUG - findfont: score(FontEntry(fname='C:\\Windows\\Fonts\\CALIFB.TTF', name='Californian FB', style='normal', variant='normal', weight=700, stretch='normal', size='scalable')) = 10.335
2026-03-08 14:07:29,390 - DEBUG - findfont: score(FontEntry(fname='C:\\Windows\\Fonts\\ITCEDSCR.TTF', name='Edwardian Script ITC', style='normal', variant='normal', weight=400, stretch='normal', size='scalable')) = 10.05
2026-03-08 14:07:29,390 - DEBUG - findfont: score(FontEntry(fname='C:\\Windows\\Fonts\\ANTQUABI.TTF', name='Book Antiqua', style='italic', variant='normal', weight=700, stretch='normal', size='scalable')) = 11.335
2026-03-08 14:07:29,390 - DEBUG - findfont: score(FontEntry(fname='C:\\Windows\\Fonts\\PLAYBILL.TTF', name='Playbill', style='normal', variant='normal', weight=400, stretch='normal', size='scalable')) = 10.05
2026-03-08 14:07:29,390 - DEBUG - findfont: score(FontEntry(fname='C:\\Windows\\Fonts\\LFAXD.TTF', name='Lucida Fax', style='normal', variant='normal', weight=600, stretch='normal', size='scalable')) = 10.24
2026-03-08 14:07:29,391 - DEBUG - findfont: score(FontEntry(fname='C:\\Windows\\Fonts\\calibri.ttf', name='Calibri', style='normal', variant='normal', weight=400, stretch='normal', size='scalable')) = 10.05
2026-03-08 14:07:29,391 - DEBUG - findfont: score(FontEntry(fname='C:\\Windows\\Fonts\\SHOWG.TTF', name='Showcard Gothic', style='normal', variant='normal', weight=400, stretch='normal', size='scalable')) = 10.05
2026-03-08 14:07:29,391 - DEBUG - findfont: score(FontEntry(fname='C:\\Windows\\Fonts\\BERNHC.TTF', name='Bernard MT Condensed', style='normal', variant='normal', weight=400, stretch='condensed', size='scalable')) = 10.25
2026-03-08 14:07:29,391 - DEBUG - findfont: score(FontEntry(fname='C:\\Windows\\Fonts\\calibrili.ttf', name='Calibri', style='italic', variant='normal', weight=300, stretch='normal', size='scalable')) = 11.145
2026-03-08 14:07:29,391 - DEBUG - findfont: score(FontEntry(fname='C:\\Windows\\Fonts\\NIAGSOL.TTF', name='Niagara Solid', style='normal', variant='normal', weight=400, stretch='normal', size='scalable')) = 10.05
2026-03-08 14:07:29,391 - DEBUG - findfont: score(FontEntry(fname='C:\\Windows\\Fonts\\phagspa.ttf', name='Microsoft PhagsPa', style='normal', variant='normal', weight=400, stretch='normal', size='scalable')) = 10.05
2026-03-08 14:07:29,391 - DEBUG - findfont: score(FontEntry(fname='C:\\Windows\\Fonts\\comic.ttf', name='Comic Sans MS', style='normal', variant='normal', weight=400, stretch='normal', size='scalable')) = 10.05
2026-03-08 14:07:29,391 - DEBUG - findfont: score(FontEntry(fname='C:\\Windows\\Fonts\\segoeprb.ttf', name='Segoe Print', style='normal', variant='normal', weight=700, stretch='normal', size='scalable')) = 10.335
2026-03-08 14:07:29,391 - DEBUG - findfont: score(FontEntry(fname='C:\\Windows\\Fonts\\georgiab.ttf', name='Georgia', style='normal', variant='normal', weight=700, stretch='normal', size='scalable')) = 10.335
2026-03-08 14:07:29,391 - DEBUG - findfont: score(FontEntry(fname='C:\\Windows\\Fonts\\consola.ttf', name='Consolas', style='normal', variant='normal', weight=400, stretch='normal', size='scalable')) = 10.05
2026-03-08 14:07:29,391 - DEBUG - findfont: score(FontEntry(fname='C:\\Windows\\Fonts\\symbol.ttf', name='Symbol', style='normal', variant='normal', weight=400, stretch='normal', size='scalable')) = 10.05
2026-03-08 14:07:29,391 - DEBUG - findfont: score(FontEntry(fname='C:\\Windows\\Fonts\\segoesc.ttf', name='Segoe Script', style='normal', variant='normal', weight=400, stretch='normal', size='scalable')) = 10.05
2026-03-08 14:07:29,391 - DEBUG - findfont: score(FontEntry(fname='C:\\Windows\\Fonts\\impact.ttf', name='Impact', style='normal', variant='normal', weight=400, stretch='normal', size='scalable')) = 10.05
2026-03-08 14:07:29,391 - DEBUG - findfont: score(FontEntry(fname='C:\\Windows\\Fonts\\WINGDNG2.TTF', name='Wingdings 2', style='normal', variant='normal', weight=400, stretch='normal', size='scalable')) = 10.05
2026-03-08 14:07:29,391 - DEBUG - findfont: score(FontEntry(fname='C:\\Windows\\Fonts\\palabi.ttf', name='Palatino Linotype', style='italic', variant='normal', weight=700, stretch='normal', size='scalable')) = 11.335
2026-03-08 14:07:29,391 - DEBUG - findfont: score(FontEntry(fname='C:\\Windows\\Fonts\\INFROMAN.TTF', name='Informal Roman', style='normal', variant='normal', weight=400, stretch='normal', size='scalable')) = 10.05
2026-03-08 14:07:29,391 - DEBUG - findfont: score(FontEntry(fname='C:\\Windows\\Fonts\\corbeli.ttf', name='Corbel', style='italic', variant='normal', weight=400, stretch='normal', size='scalable')) = 11.05
2026-03-08 14:07:29,391 - DEBUG - findfont: score(FontEntry(fname='C:\\Windows\\Fonts\\MATURASC.TTF', name='Matura MT Script Capitals', style='normal', variant='normal', weight=400, stretch='normal', size='scalable')) = 10.05
2026-03-08 14:07:29,392 - DEBUG - findfont: score(FontEntry(fname='C:\\Windows\\Fonts\\times.ttf', name='Times New Roman', style='normal', variant='normal', weight=400, stretch='normal', size='scalable')) = 10.05
2026-03-08 14:07:29,392 - DEBUG - findfont: score(FontEntry(fname='C:\\Windows\\Fonts\\LTYPE.TTF', name='Lucida Sans Typewriter', style='normal', variant='normal', weight=400, stretch='normal', size='scalable')) = 10.05
2026-03-08 14:07:29,392 - DEBUG - findfont: score(FontEntry(fname='C:\\Windows\\Fonts\\msyhl.ttc', name='Microsoft YaHei', style='normal', variant='normal', weight=290, stretch='normal', size='scalable')) = 10.1545
2026-03-08 14:07:29,392 - DEBUG - findfont: score(FontEntry(fname='C:\\Windows\\Fonts\\GILI____.TTF', name='Gill Sans MT', style='italic', variant='normal', weight=400, stretch='normal', size='scalable')) = 11.05
2026-03-08 14:07:29,392 - DEBUG - findfont: score(FontEntry(fname='C:\\Windows\\Fonts\\DUBAI-LIGHT.TTF', name='Dubai', style='normal', variant='normal', weight=300, stretch='normal', size='scalable')) = 10.145
2026-03-08 14:07:29,392 - DEBUG - findfont: score(FontEntry(fname='C:\\Windows\\Fonts\\FRADMIT.TTF', name='Franklin Gothic Demi', style='italic', variant='normal', weight=400, stretch='normal', size='scalable')) = 11.05
2026-03-08 14:07:29,392 - DEBUG - findfont: score(FontEntry(fname='C:\\Windows\\Fonts\\gadugi.ttf', name='Gadugi', style='normal', variant='normal', weight=400, stretch='normal', size='scalable')) = 10.05
2026-03-08 14:07:29,392 - DEBUG - findfont: score(FontEntry(fname='C:\\Windows\\Fonts\\Candarai.ttf', name='Candara', style='italic', variant='normal', weight=400, stretch='normal', size='scalable')) = 11.05
2026-03-08 14:07:29,392 - DEBUG - findfont: score(FontEntry(fname='C:\\Windows\\Fonts\\AGENCYR.TTF', name='Agency FB', style='normal', variant='normal', weight=400, stretch='normal', size='scalable')) = 10.05
2026-03-08 14:07:29,392 - DEBUG - findfont: score(FontEntry(fname='C:\\Windows\\Fonts\\taile.ttf', name='Microsoft Tai Le', style='normal', variant='normal', weight=400, stretch='normal', size='scalable')) = 10.05
2026-03-08 14:07:29,392 - DEBUG - findfont: score(FontEntry(fname='C:\\Windows\\Fonts\\segmdl2.ttf', name='Segoe MDL2 Assets', style='normal', variant='normal', weight=400, stretch='normal', size='scalable')) = 10.05
2026-03-08 14:07:29,392 - DEBUG - findfont: score(FontEntry(fname='C:\\Windows\\Fonts\\PERI____.TTF', name='Perpetua', style='italic', variant='normal', weight=400, stretch='normal', size='scalable')) = 11.05
2026-03-08 14:07:29,392 - DEBUG - findfont: score(FontEntry(fname='C:\\Windows\\Fonts\\segoepr.ttf', name='Segoe Print', style='normal', variant='normal', weight=400, stretch='normal', size='scalable')) = 10.05
2026-03-08 14:07:29,392 - DEBUG - findfont: score(FontEntry(fname='C:\\Windows\\Fonts\\arial.ttf', name='Arial', style='normal', variant='normal', weight=400, stretch='normal', size='scalable')) = 6.413636363636363
2026-03-08 14:07:29,392 - DEBUG - findfont: score(FontEntry(fname='C:\\Windows\\Fonts\\MOD20.TTF', name='Modern No. 20', style='normal', variant='normal', weight=400, stretch='normal', size='scalable')) = 10.05
2026-03-08 14:07:29,392 - DEBUG - findfont: score(FontEntry(fname='C:\\Windows\\Fonts\\trebucbi.ttf', name='Trebuchet MS', style='italic', variant='normal', weight=700, stretch='normal', size='scalable')) = 11.335
2026-03-08 14:07:29,392 - DEBUG - findfont: score(FontEntry(fname='C:\\Windows\\Fonts\\LFAXDI.TTF', name='Lucida Fax', style='italic', variant='normal', weight=600, stretch='normal', size='scalable')) = 11.24
2026-03-08 14:07:29,392 - DEBUG - findfont: score(FontEntry(fname='C:\\Windows\\Fonts\\MAGNETOB.TTF', name='Magneto', style='normal', variant='normal', weight=700, stretch='normal', size='scalable')) = 10.335
2026-03-08 14:07:29,393 - DEBUG - findfont: score(FontEntry(fname='C:\\Windows\\Fonts\\comici.ttf', name='Comic Sans MS', style='italic', variant='normal', weight=400, stretch='normal', size='scalable')) = 11.05
2026-03-08 14:07:29,393 - DEBUG - findfont: score(FontEntry(fname='C:\\Windows\\Fonts\\DUBAI-REGULAR.TTF', name='Dubai', style='normal', variant='normal', weight=400, stretch='normal', size='scalable')) = 10.05
2026-03-08 14:07:29,393 - DEBUG - findfont: score(FontEntry(fname='C:\\Windows\\Fonts\\courbd.ttf', name='Courier New', style='normal', variant='normal', weight=700, stretch='normal', size='scalable')) = 10.335
2026-03-08 14:07:29,393 - DEBUG - findfont: score(FontEntry(fname='C:\\Windows\\Fonts\\CENTAUR.TTF', name='Centaur', style='normal', variant='normal', weight=400, stretch='normal', size='scalable')) = 10.05
2026-03-08 14:07:29,393 - DEBUG - findfont: score(FontEntry(fname='C:\\Windows\\Fonts\\LHANDW.TTF', name='Lucida Handwriting', style='italic', variant='normal', weight=400, stretch='normal', size='scalable')) = 11.05
2026-03-08 14:07:29,393 - DEBUG - findfont: score(FontEntry(fname='C:\\Windows\\Fonts\\CALISTB.TTF', name='Calisto MT', style='normal', variant='normal', weight=700, stretch='normal', size='scalable')) = 10.335
2026-03-08 14:07:29,393 - DEBUG - findfont: score(FontEntry(fname='C:\\Windows\\Fonts\\himalaya.ttf', name='Microsoft Himalaya', style='normal', variant='normal', weight=400, stretch='normal', size='scalable')) = 10.05
2026-03-08 14:07:29,393 - DEBUG - findfont: score(FontEntry(fname='C:\\Windows\\Fonts\\KUNSTLER.TTF', name='Kunstler Script', style='normal', variant='normal', weight=400, stretch='normal', size='scalable')) = 10.05
2026-03-08 14:07:29,393 - DEBUG - findfont: score(FontEntry(fname='C:\\Windows\\Fonts\\GLSNECB.TTF', name='Gill Sans MT Ext Condensed Bold', style='normal', variant='normal', weight=400, stretch='condensed', size='scalable')) = 10.25
2026-03-08 14:07:29,393 - DEBUG - findfont: score(FontEntry(fname='C:\\Windows\\Fonts\\SCRIPTBL.TTF', name='Script MT Bold', style='normal', variant='normal', weight=700, stretch='normal', size='scalable')) = 10.335
2026-03-08 14:07:29,393 - DEBUG - findfont: score(FontEntry(fname='C:\\Windows\\Fonts\\TCB_____.TTF', name='Tw Cen MT', style='normal', variant='normal', weight=700, stretch='normal', size='scalable')) = 10.335
2026-03-08 14:07:29,393 - DEBUG - findfont: score(FontEntry(fname='C:\\Windows\\Fonts\\WINGDNG3.TTF', name='Wingdings 3', style='normal', variant='normal', weight=400, stretch='normal', size='scalable')) = 10.05
2026-03-08 14:07:29,393 - DEBUG - findfont: score(FontEntry(fname='C:\\Windows\\Fonts\\BROADW.TTF', name='Broadway', style='normal', variant='normal', weight=400, stretch='normal', size='scalable')) = 10.05
2026-03-08 14:07:29,393 - DEBUG - findfont: score(FontEntry(fname='C:\\Windows\\Fonts\\SCHLBKI.TTF', name='Century Schoolbook', style='italic', variant='normal', weight=400, stretch='normal', size='scalable')) = 11.05
2026-03-08 14:07:29,393 - DEBUG - findfont: score(FontEntry(fname='C:\\Windows\\Fonts\\MAIAN.TTF', name='Maiandra GD', style='normal', variant='normal', weight=400, stretch='normal', size='scalable')) = 10.05
2026-03-08 14:07:29,393 - DEBUG - findfont: score(FontEntry(fname='C:\\Windows\\Fonts\\ebrimabd.ttf', name='Ebrima', style='normal', variant='normal', weight=700, stretch='normal', size='scalable')) = 10.335
2026-03-08 14:07:29,393 - DEBUG - findfont: score(FontEntry(fname='C:\\Windows\\Fonts\\georgia.ttf', name='Georgia', style='normal', variant='normal', weight=400, stretch='normal', size='scalable')) = 10.05
2026-03-08 14:07:29,393 - DEBUG - findfont: score(FontEntry(fname='C:\\Windows\\Fonts\\msjh.ttc', name='Microsoft JhengHei', style='normal', variant='normal', weight=400, stretch='normal', size='scalable')) = 10.05
2026-03-08 14:07:29,394 - DEBUG - findfont: score(FontEntry(fname='C:\\Windows\\Fonts\\courbi.ttf', name='Courier New', style='italic', variant='normal', weight=700, stretch='normal', size='scalable')) = 11.335
2026-03-08 14:07:29,394 - DEBUG - findfont: score(FontEntry(fname='C:\\Windows\\Fonts\\GOUDOS.TTF', name='Goudy Old Style', style='normal', variant='normal', weight=400, stretch='normal', size='scalable')) = 10.05
2026-03-08 14:07:29,394 - DEBUG - findfont: score(FontEntry(fname='C:\\Windows\\Fonts\\PERTIBD.TTF', name='Perpetua Titling MT', style='normal', variant='normal', weight=700, stretch='normal', size='scalable')) = 10.335
2026-03-08 14:07:29,394 - DEBUG - findfont: score(FontEntry(fname='C:\\Windows\\Fonts\\msyh.ttc', name='Microsoft YaHei', style='normal', variant='normal', weight=400, stretch='normal', size='scalable')) = 10.05
2026-03-08 14:07:29,394 - DEBUG - findfont: score(FontEntry(fname='C:\\Windows\\Fonts\\REFSAN.TTF', name='MS Reference Sans Serif', style='normal', variant='normal', weight=400, stretch='normal', size='scalable')) = 10.05
2026-03-08 14:07:29,394 - DEBUG - findfont: score(FontEntry(fname='C:\\Windows\\Fonts\\RAGE.TTF', name='Rage Italic', style='italic', variant='normal', weight=400, stretch='normal', size='scalable')) = 11.05
2026-03-08 14:07:29,394 - DEBUG - findfont: score(FontEntry(fname='C:\\Windows\\Fonts\\PERBI___.TTF', name='Perpetua', style='italic', variant='normal', weight=700, stretch='normal', size='scalable')) = 11.335
2026-03-08 14:07:29,394 - DEBUG - findfont: score(FontEntry(fname='C:\\Windows\\Fonts\\ELEPHNT.TTF', name='Elephant', style='normal', variant='normal', weight=400, stretch='normal', size='scalable')) = 10.05
2026-03-08 14:07:29,394 - DEBUG - findfont: score(FontEntry(fname='C:\\Windows\\Fonts\\NIAGENG.TTF', name='Niagara Engraved', style='normal', variant='normal', weight=400, stretch='normal', size='scalable')) = 10.05
2026-03-08 14:07:29,394 - DEBUG - findfont: score(FontEntry(fname='C:\\Windows\\Fonts\\LFAXI.TTF', name='Lucida Fax', style='italic', variant='normal', weight=400, stretch='normal', size='scalable')) = 11.05
2026-03-08 14:07:29,394 - DEBUG - findfont: score(FontEntry(fname='C:\\Windows\\Fonts\\msyhbd.ttc', name='Microsoft YaHei', style='normal', variant='normal', weight=700, stretch='normal', size='scalable')) = 10.335
2026-03-08 14:07:29,394 - DEBUG - findfont: score(FontEntry(fname='C:\\Windows\\Fonts\\constan.ttf', name='Constantia', style='normal', variant='normal', weight=400, stretch='normal', size='scalable')) = 10.05
2026-03-08 14:07:29,394 - DEBUG - findfont: score(FontEntry(fname='C:\\Windows\\Fonts\\PAPYRUS.TTF', name='Papyrus', style='normal', variant='normal', weight=400, stretch='normal', size='scalable')) = 10.05
2026-03-08 14:07:29,394 - DEBUG - findfont: score(FontEntry(fname='C:\\Windows\\Fonts\\BELLB.TTF', name='Bell MT', style='normal', variant='normal', weight=700, stretch='normal', size='scalable')) = 10.335
2026-03-08 14:07:29,394 - DEBUG - findfont: score(FontEntry(fname='C:\\Windows\\Fonts\\RAVIE.TTF', name='Ravie', style='normal', variant='normal', weight=400, stretch='normal', size='scalable')) = 10.05
2026-03-08 14:07:29,394 - DEBUG - findfont: score(FontEntry(fname='C:\\Windows\\Fonts\\BOD_B.TTF', name='Bodoni MT', style='normal', variant='normal', weight=700, stretch='normal', size='scalable')) = 10.335
2026-03-08 14:07:29,394 - DEBUG - findfont: score(FontEntry(fname='C:\\Windows\\Fonts\\constanz.ttf', name='Constantia', style='italic', variant='normal', weight=700, stretch='normal', size='scalable')) = 11.335
2026-03-08 14:07:29,394 - DEBUG - findfont: score(FontEntry(fname='C:\\Windows\\Fonts\\BELLI.TTF', name='Bell MT', style='italic', variant='normal', weight=400, stretch='normal', size='scalable')) = 11.05
2026-03-08 14:07:29,394 - DEBUG - findfont: score(FontEntry(fname='C:\\Windows\\Fonts\\LTYPEO.TTF', name='Lucida Sans Typewriter', style='oblique', variant='normal', weight=400, stretch='normal', size='scalable')) = 11.05
2026-03-08 14:07:29,395 - DEBUG - findfont: score(FontEntry(fname='C:\\Windows\\Fonts\\timesbd.ttf', name='Times New Roman', style='normal', variant='normal', weight=700, stretch='normal', size='scalable')) = 10.335
2026-03-08 14:07:29,395 - DEBUG - findfont: score(FontEntry(fname='C:\\Windows\\Fonts\\GILB____.TTF', name='Gill Sans MT', style='normal', variant='normal', weight=700, stretch='normal', size='scalable')) = 10.335
2026-03-08 14:07:29,395 - DEBUG - findfont: score(FontEntry(fname='C:\\Windows\\Fonts\\cambria.ttc', name='Cambria', style='normal', variant='normal', weight=400, stretch='normal', size='scalable')) = 10.05
2026-03-08 14:07:29,395 - DEBUG - findfont: score(FontEntry(fname='C:\\Windows\\Fonts\\BOOKOSB.TTF', name='Bookman Old Style', style='normal', variant='normal', weight=600, stretch='normal', size='scalable')) = 10.24
2026-03-08 14:07:29,395 - DEBUG - findfont: score(FontEntry(fname='C:\\Windows\\Fonts\\corbelz.ttf', name='Corbel', style='italic', variant='normal', weight=700, stretch='normal', size='scalable')) = 11.335
2026-03-08 14:07:29,395 - DEBUG - findfont: score(FontEntry(fname='C:\\Windows\\Fonts\\corbel.ttf', name='Corbel', style='normal', variant='normal', weight=400, stretch='normal', size='scalable')) = 10.05
2026-03-08 14:07:29,395 - DEBUG - findfont: score(FontEntry(fname='C:\\Windows\\Fonts\\CALIST.TTF', name='Calisto MT', style='normal', variant='normal', weight=400, stretch='normal', size='scalable')) = 10.05
2026-03-08 14:07:29,395 - DEBUG - findfont: score(FontEntry(fname='C:\\Windows\\Fonts\\BOD_PSTC.TTF', name='Bodoni MT', style='normal', variant='normal', weight=300, stretch='normal', size='scalable')) = 10.145
2026-03-08 14:07:29,395 - DEBUG - findfont: score(FontEntry(fname='C:\\Windows\\Fonts\\seguisbi.ttf', name='Segoe UI', style='italic', variant='normal', weight=600, stretch='normal', size='scalable')) = 11.24
2026-03-08 14:07:29,395 - DEBUG - findfont: score(FontEntry(fname='C:\\Windows\\Fonts\\palai.ttf', name='Palatino Linotype', style='italic', variant='normal', weight=400, stretch='normal', size='scalable')) = 11.05
2026-03-08 14:07:29,395 - DEBUG - findfont: score(FontEntry(fname='C:\\Windows\\Fonts\\CALIFI.TTF', name='Californian FB', style='italic', variant='normal', weight=400, stretch='normal', size='scalable')) = 11.05
2026-03-08 14:07:29,396 - DEBUG - findfont: score(FontEntry(fname='C:\\Windows\\Fonts\\l_10646.ttf', name='Lucida Sans Unicode', style='normal', variant='normal', weight=400, stretch='normal', size='scalable')) = 10.05
2026-03-08 14:07:29,396 - DEBUG - findfont: score(FontEntry(fname='C:\\Windows\\Fonts\\SitkaVF-Italic.ttf', name='Sitka', style='italic', variant='normal', weight=400, stretch='normal', size='scalable')) = 11.05
2026-03-08 14:07:29,396 - DEBUG - findfont: score(FontEntry(fname='C:\\Windows\\Fonts\\seguisb.ttf', name='Segoe UI', style='normal', variant='normal', weight=600, stretch='normal', size='scalable')) = 10.24
2026-03-08 14:07:29,396 - DEBUG - findfont: score(FontEntry(fname='C:\\Windows\\Fonts\\LBRITEDI.TTF', name='Lucida Bright', style='italic', variant='normal', weight=600, stretch='normal', size='scalable')) = 11.24
2026-03-08 14:07:29,396 - DEBUG - findfont: score(FontEntry(fname='C:\\Windows\\Fonts\\simsunb.ttf', name='SimSun-ExtB', style='normal', variant='normal', weight=400, stretch='normal', size='scalable')) = 10.05
2026-03-08 14:07:29,396 - DEBUG - findfont: score(FontEntry(fname='C:\\Windows\\Fonts\\ebrima.ttf', name='Ebrima', style='normal', variant='normal', weight=400, stretch='normal', size='scalable')) = 10.05
2026-03-08 14:07:29,396 - DEBUG - findfont: score(FontEntry(fname='C:\\Windows\\Fonts\\cambriaz.ttf', name='Cambria', style='italic', variant='normal', weight=700, stretch='normal', size='scalable')) = 11.335
2026-03-08 14:07:29,396 - DEBUG - findfont: score(FontEntry(fname='C:\\Windows\\Fonts\\framd.ttf', name='Franklin Gothic Medium', style='normal', variant='normal', weight=400, stretch='normal', size='scalable')) = 10.05
2026-03-08 14:07:29,396 - DEBUG - findfont: score(FontEntry(fname='C:\\Windows\\Fonts\\LeelaUIb.ttf', name='Leelawadee UI', style='normal', variant='normal', weight=700, stretch='normal', size='scalable')) = 10.335
2026-03-08 14:07:29,397 - DEBUG - findfont: score(FontEntry(fname='C:\\Windows\\Fonts\\segoescb.ttf', name='Segoe Script', style='normal', variant='normal', weight=700, stretch='normal', size='scalable')) = 10.335
2026-03-08 14:07:29,397 - DEBUG - findfont: score(FontEntry(fname='C:\\Windows\\Fonts\\LeelUIsl.ttf', name='Leelawadee UI', style='normal', variant='normal', weight=350, stretch='normal', size='scalable')) = 10.0975
2026-03-08 14:07:29,397 - DEBUG - findfont: score(FontEntry(fname='C:\\Windows\\Fonts\\LCALLIG.TTF', name='Lucida Calligraphy', style='italic', variant='normal', weight=400, stretch='normal', size='scalable')) = 11.05
2026-03-08 14:07:29,397 - DEBUG - findfont: score(FontEntry(fname='C:\\Windows\\Fonts\\ERASLGHT.TTF', name='Eras Light ITC', style='normal', variant='normal', weight=400, stretch='normal', size='scalable')) = 10.05
2026-03-08 14:07:29,397 - DEBUG - findfont: score(FontEntry(fname='C:\\Windows\\Fonts\\palab.ttf', name='Palatino Linotype', style='normal', variant='normal', weight=700, stretch='normal', size='scalable')) = 10.335
2026-03-08 14:07:29,397 - DEBUG - findfont: score(FontEntry(fname='C:\\Windows\\Fonts\\LSANSI.TTF', name='Lucida Sans', style='italic', variant='normal', weight=400, stretch='normal', size='scalable')) = 11.05
2026-03-08 14:07:29,397 - DEBUG - findfont: score(FontEntry(fname='C:\\Windows\\Fonts\\cour.ttf', name='Courier New', style='normal', variant='normal', weight=400, stretch='normal', size='scalable')) = 10.05
2026-03-08 14:07:29,397 - DEBUG - findfont: score(FontEntry(fname='C:\\Windows\\Fonts\\OUTLOOK.TTF', name='MS Outlook', style='normal', variant='normal', weight=400, stretch='normal', size='scalable')) = 10.05
2026-03-08 14:07:29,397 - DEBUG - findfont: score(FontEntry(fname='C:\\Windows\\Fonts\\LFAX.TTF', name='Lucida Fax', style='normal', variant='normal', weight=400, stretch='normal', size='scalable')) = 10.05
2026-03-08 14:07:29,397 - DEBUG - findfont: score(FontEntry(fname='C:\\Windows\\Fonts\\constani.ttf', name='Constantia', style='italic', variant='normal', weight=400, stretch='normal', size='scalable')) = 11.05
2026-03-08 14:07:29,397 - DEBUG - findfont: score(FontEntry(fname='C:\\Windows\\Fonts\\webdings.ttf', name='Webdings', style='normal', variant='normal', weight=400, stretch='normal', size='scalable')) = 10.05
2026-03-08 14:07:29,397 - DEBUG - findfont: score(FontEntry(fname='C:\\Windows\\Fonts\\consolai.ttf', name='Consolas', style='italic', variant='normal', weight=400, stretch='normal', size='scalable')) = 11.05
2026-03-08 14:07:29,398 - DEBUG - findfont: score(FontEntry(fname='C:\\Windows\\Fonts\\GARABD.TTF', name='Garamond', style='normal', variant='normal', weight=700, stretch='normal', size='scalable')) = 10.335
2026-03-08 14:07:29,398 - DEBUG - findfont: score(FontEntry(fname='C:\\Windows\\Fonts\\mmrtextb.ttf', name='Myanmar Text', style='normal', variant='normal', weight=700, stretch='normal', size='scalable')) = 10.335
2026-03-08 14:07:29,398 - DEBUG - findfont: score(FontEntry(fname='C:\\Windows\\Fonts\\arialbi.ttf', name='Arial', style='italic', variant='normal', weight=700, stretch='normal', size='scalable')) = 7.698636363636363
2026-03-08 14:07:29,398 - DEBUG - findfont: score(FontEntry(fname='C:\\Windows\\Fonts\\ROCCB___.TTF', name='Rockwell Condensed', style='normal', variant='normal', weight=700, stretch='condensed', size='scalable')) = 10.535
2026-03-08 14:07:29,398 - DEBUG - findfont: score(FontEntry(fname='C:\\Windows\\Fonts\\GIL_____.TTF', name='Gill Sans MT', style='normal', variant='normal', weight=400, stretch='normal', size='scalable')) = 10.05
2026-03-08 14:07:29,398 - DEBUG - findfont: score(FontEntry(fname='C:\\Windows\\Fonts\\seguisym.ttf', name='Segoe UI Symbol', style='normal', variant='normal', weight=400, stretch='normal', size='scalable')) = 10.05
2026-03-08 14:07:29,398 - DEBUG - findfont: score(FontEntry(fname='C:\\Windows\\Fonts\\SansSerifCollection.ttf', name='Sans Serif Collection', style='normal', variant='normal', weight=400, stretch='normal', size='scalable')) = 10.05
2026-03-08 14:07:29,398 - DEBUG - findfont: score(FontEntry(fname='C:\\Windows\\Fonts\\segoeuii.ttf', name='Segoe UI', style='italic', variant='normal', weight=400, stretch='normal', size='scalable')) = 11.05
2026-03-08 14:07:29,398 - DEBUG - findfont: score(FontEntry(fname='C:\\Windows\\Fonts\\LBRITE.TTF', name='Lucida Bright', style='normal', variant='normal', weight=400, stretch='normal', size='scalable')) = 10.05
2026-03-08 14:07:29,398 - DEBUG - findfont: score(FontEntry(fname='C:\\Windows\\Fonts\\JOKERMAN.TTF', name='Jokerman', style='normal', variant='normal', weight=400, stretch='normal', size='scalable')) = 10.05
2026-03-08 14:07:29,398 - DEBUG - findfont: score(FontEntry(fname='C:\\Windows\\Fonts\\georgiai.ttf', name='Georgia', style='italic', variant='normal', weight=400, stretch='normal', size='scalable')) = 11.05
2026-03-08 14:07:29,398 - DEBUG - findfont: score(FontEntry(fname='C:\\Windows\\Fonts\\AGENCYB.TTF', name='Agency FB', style='normal', variant='normal', weight=700, stretch='normal', size='scalable')) = 10.335
2026-03-08 14:07:29,398 - DEBUG - findfont: score(FontEntry(fname='C:\\Windows\\Fonts\\BRLNSR.TTF', name='Berlin Sans FB', style='normal', variant='normal', weight=400, stretch='normal', size='scalable')) = 10.05
2026-03-08 14:07:29,398 - DEBUG - findfont: score(FontEntry(fname='C:\\Windows\\Fonts\\lucon.ttf', name='Lucida Console', style='normal', variant='normal', weight=400, stretch='normal', size='scalable')) = 10.05
2026-03-08 14:07:29,398 - DEBUG - findfont: score(FontEntry(fname='C:\\Windows\\Fonts\\BASKVILL.TTF', name='Baskerville Old Face', style='normal', variant='normal', weight=400, stretch='normal', size='scalable')) = 10.05
2026-03-08 14:07:29,398 - DEBUG - findfont: score(FontEntry(fname='C:\\Windows\\Fonts\\malgunbd.ttf', name='Malgun Gothic', style='normal', variant='normal', weight=700, stretch='normal', size='scalable')) = 10.335
2026-03-08 14:07:29,398 - DEBUG - findfont: score(FontEntry(fname='C:\\Windows\\Fonts\\Inkfree.ttf', name='Ink Free', style='normal', variant='normal', weight=400, stretch='normal', size='scalable')) = 10.05
2026-03-08 14:07:29,398 - DEBUG - findfont: score(FontEntry(fname='C:\\Windows\\Fonts\\ROCC____.TTF', name='Rockwell Condensed', style='normal', variant='normal', weight=400, stretch='condensed', size='scalable')) = 10.25
2026-03-08 14:07:29,399 - DEBUG - findfont: score(FontEntry(fname='C:\\Windows\\Fonts\\ROCKB.TTF', name='Rockwell', style='normal', variant='normal', weight=700, stretch='normal', size='scalable')) = 10.335
2026-03-08 14:07:29,399 - DEBUG - findfont: score(FontEntry(fname='C:\\Windows\\Fonts\\VLADIMIR.TTF', name='Vladimir Script', style='normal', variant='normal', weight=400, stretch='normal', size='scalable')) = 10.05
2026-03-08 14:07:29,399 - DEBUG - findfont: score(FontEntry(fname='C:\\Windows\\Fonts\\mingliub.ttc', name='MingLiU-ExtB', style='normal', variant='normal', weight=400, stretch='normal', size='scalable')) = 10.05
2026-03-08 14:07:29,399 - DEBUG - findfont: Matching sans\-serif:style=normal:variant=normal:weight=normal:stretch=normal:size=12.0 to DejaVu Sans ('C:\\Users\\rakes\\AppData\\Roaming\\Python\\Python314\\site-packages\\matplotlib\\mpl-data\\fonts\\ttf\\DejaVuSans.ttf') with score of 0.050000.
2026-03-08 14:16:09,750 - INFO - Starting TFN Billing 3D Native App (Eel)
2026-03-08 14:16:09,750 - INFO - Initializing directories and files
2026-03-08 14:16:10,817 - ERROR - Error: Failed to start application:
start() got an unexpected keyword argument 'options'
Traceback (most recent call last):
  File "D:\T.F.N Billing\launcher.py", line 83, in main
    app_eel.start_app()
    ~~~~~~~~~~~~~~~~~^^
  File "D:\T.F.N Billing\app_eel.py", line 74, in start_app
    eel.start('index.html', size=(1200, 800), options={
    ~~~~~~~~~^^^^^^^^^^^^^^^^^^^^^^^^^^^^^^^^^^^^^^^^^^
        'mode': 'chrome', # Uses Chrome window mode (no tabs/address bar)
        ^^^^^^^^^^^^^^^^^^^^^^^^^^^^^^^^^^^^^^^^^^^^^^^^^^^^^^^^^^^^^^^^^
        'host': 'localhost',
        ^^^^^^^^^^^^^^^^^^^^
        'port': 0 # Automatic port
        ^^^^^^^^^^^^^^^^^^^^^^^^^^
    })
    ^^
TypeError: start() got an unexpected keyword argument 'options'

2026-03-08 14:16:15,266 - CRITICAL - Unhandled exception: start() got an unexpected keyword argument 'options'
Traceback (most recent call last):
  File "D:\T.F.N Billing\launcher.py", line 92, in <module>
    main()
    ~~~~^^
  File "D:\T.F.N Billing\launcher.py", line 83, in main
    app_eel.start_app()
    ~~~~~~~~~~~~~~~~~^^
  File "D:\T.F.N Billing\app_eel.py", line 74, in start_app
    eel.start('index.html', size=(1200, 800), options={
    ~~~~~~~~~^^^^^^^^^^^^^^^^^^^^^^^^^^^^^^^^^^^^^^^^^^
        'mode': 'chrome', # Uses Chrome window mode (no tabs/address bar)
        ^^^^^^^^^^^^^^^^^^^^^^^^^^^^^^^^^^^^^^^^^^^^^^^^^^^^^^^^^^^^^^^^^
        'host': 'localhost',
        ^^^^^^^^^^^^^^^^^^^^
        'port': 0 # Automatic port
        ^^^^^^^^^^^^^^^^^^^^^^^^^^
    })
    ^^
TypeError: start() got an unexpected keyword argument 'options'

2026-03-08 14:16:15,266 - ERROR - Critical Error: Unhandled exception: start() got an unexpected keyword argument 'options'
2026-03-08 14:16:54,846 - INFO - Starting TFN Billing 3D Native App (Eel)
2026-03-08 14:16:54,846 - INFO - Initializing directories and files
2026-03-08 14:16:55,887 - ERROR - Error: Failed to start application:
start() got an unexpected keyword argument 'options'
Traceback (most recent call last):
  File "d:\T.F.N Billing\launcher.py", line 83, in main
    app_eel.start_app()
    ~~~~~~~~~~~~~~~~~^^
  File "d:\T.F.N Billing\app_eel.py", line 74, in start_app
    eel.start('index.html', size=(1200, 800), options={
    ~~~~~~~~~^^^^^^^^^^^^^^^^^^^^^^^^^^^^^^^^^^^^^^^^^^
        'mode': 'chrome', # Uses Chrome window mode (no tabs/address bar)
        ^^^^^^^^^^^^^^^^^^^^^^^^^^^^^^^^^^^^^^^^^^^^^^^^^^^^^^^^^^^^^^^^^
        'host': 'localhost',
        ^^^^^^^^^^^^^^^^^^^^
        'port': 0 # Automatic port
        ^^^^^^^^^^^^^^^^^^^^^^^^^^
    })
    ^^
TypeError: start() got an unexpected keyword argument 'options'

2026-03-08 14:17:02,686 - CRITICAL - Unhandled exception: start() got an unexpected keyword argument 'options'
Traceback (most recent call last):
  File "d:\T.F.N Billing\launcher.py", line 92, in <module>
    main()
    ~~~~^^
  File "d:\T.F.N Billing\launcher.py", line 83, in main
    app_eel.start_app()
    ~~~~~~~~~~~~~~~~~^^
  File "d:\T.F.N Billing\app_eel.py", line 74, in start_app
    eel.start('index.html', size=(1200, 800), options={
    ~~~~~~~~~^^^^^^^^^^^^^^^^^^^^^^^^^^^^^^^^^^^^^^^^^^
        'mode': 'chrome', # Uses Chrome window mode (no tabs/address bar)
        ^^^^^^^^^^^^^^^^^^^^^^^^^^^^^^^^^^^^^^^^^^^^^^^^^^^^^^^^^^^^^^^^^
        'host': 'localhost',
        ^^^^^^^^^^^^^^^^^^^^
        'port': 0 # Automatic port
        ^^^^^^^^^^^^^^^^^^^^^^^^^^
    })
    ^^
TypeError: start() got an unexpected keyword argument 'options'

2026-03-08 14:17:02,687 - ERROR - Critical Error: Unhandled exception: start() got an unexpected keyword argument 'options'
2026-03-08 14:17:38,059 - INFO - Starting TFN Billing 3D Native App (Eel)
2026-03-08 14:17:38,059 - INFO - Initializing directories and files
2026-03-08 14:17:39,496 - DEBUG - Initializing WebSocket
2026-03-08 14:17:39,496 - DEBUG - Validating WebSocket request
2026-03-08 14:17:39,498 - INFO - 127.0.0.1 - - [2026-03-08 14:17:39] "GET /index.html HTTP/1.1" 200 17463 0.001709
2026-03-08 14:17:39,625 - DEBUG - Initializing WebSocket
2026-03-08 14:17:39,625 - DEBUG - Validating WebSocket request
2026-03-08 14:17:39,628 - INFO - 127.0.0.1 - - [2026-03-08 14:17:39] "GET /static/style.css HTTP/1.1" 200 13400 0.002492
2026-03-08 14:17:39,630 - DEBUG - Initializing WebSocket
2026-03-08 14:17:39,630 - DEBUG - Validating WebSocket request
2026-03-08 14:17:39,631 - INFO - 127.0.0.1 - - [2026-03-08 14:17:39] "GET /eel.js HTTP/1.1" 200 6101 0.001577
2026-03-08 14:17:39,650 - DEBUG - Initializing WebSocket
2026-03-08 14:17:39,650 - DEBUG - Validating WebSocket request
2026-03-08 14:17:39,657 - INFO - 127.0.0.1 - - [2026-03-08 14:17:39] "GET /static/assets/logo.png HTTP/1.1" 404 894 0.007844
2026-03-08 14:17:39,812 - DEBUG - Initializing WebSocket
2026-03-08 14:17:39,812 - DEBUG - Validating WebSocket request
2026-03-08 14:17:39,814 - INFO - 127.0.0.1 - - [2026-03-08 14:17:39] "GET /static/script.js HTTP/1.1" 200 13108 0.002310
2026-03-08 14:17:40,370 - DEBUG - Initializing WebSocket
2026-03-08 14:17:40,371 - DEBUG - Validating WebSocket request
2026-03-08 14:17:40,371 - DEBUG - Attempting to upgrade connection
2026-03-08 14:17:40,371 - DEBUG - WebSocket request accepted, switching protocols
2026-03-08 14:17:40,659 - DEBUG - Initializing WebSocket
2026-03-08 14:17:40,660 - DEBUG - Validating WebSocket request
2026-03-08 14:17:40,661 - INFO - 127.0.0.1 - - [2026-03-08 14:17:40] "GET /favicon.ico HTTP/1.1" 404 883 0.001395
2026-03-08 14:18:36,911 - INFO - Starting TFN Billing 3D Native App (Eel)
2026-03-08 14:18:36,912 - INFO - Initializing directories and files
2026-03-08 14:18:40,063 - DEBUG - Initializing WebSocket
2026-03-08 14:18:40,063 - DEBUG - Validating WebSocket request
2026-03-08 14:18:40,065 - INFO - 127.0.0.1 - - [2026-03-08 14:18:40] "GET /index.html HTTP/1.1" 200 17463 0.002949
2026-03-08 14:18:40,312 - DEBUG - Initializing WebSocket
2026-03-08 14:18:40,312 - DEBUG - Validating WebSocket request
2026-03-08 14:18:40,316 - INFO - 127.0.0.1 - - [2026-03-08 14:18:40] "GET /static/style.css HTTP/1.1" 200 13400 0.003451
2026-03-08 14:18:40,317 - DEBUG - Initializing WebSocket
2026-03-08 14:18:40,317 - DEBUG - Validating WebSocket request
2026-03-08 14:18:40,318 - INFO - 127.0.0.1 - - [2026-03-08 14:18:40] "GET /eel.js HTTP/1.1" 200 6101 0.001003
2026-03-08 14:18:40,333 - DEBUG - Initializing WebSocket
2026-03-08 14:18:40,333 - DEBUG - Validating WebSocket request
2026-03-08 14:18:40,339 - INFO - 127.0.0.1 - - [2026-03-08 14:18:40] "GET /static/assets/logo.png HTTP/1.1" 404 894 0.006344
2026-03-08 14:18:40,469 - DEBUG - Initializing WebSocket
2026-03-08 14:18:40,469 - DEBUG - Validating WebSocket request
2026-03-08 14:18:40,471 - INFO - 127.0.0.1 - - [2026-03-08 14:18:40] "GET /static/script.js HTTP/1.1" 200 13108 0.002071
2026-03-08 14:18:40,899 - DEBUG - Initializing WebSocket
2026-03-08 14:18:40,900 - DEBUG - Validating WebSocket request
2026-03-08 14:18:40,900 - DEBUG - Attempting to upgrade connection
2026-03-08 14:18:40,900 - DEBUG - WebSocket request accepted, switching protocols
2026-03-08 14:18:41,274 - DEBUG - Initializing WebSocket
2026-03-08 14:18:41,274 - DEBUG - Validating WebSocket request
2026-03-08 14:18:41,275 - INFO - 127.0.0.1 - - [2026-03-08 14:18:41] "GET /favicon.ico HTTP/1.1" 404 883 0.001161
2026-03-08 14:18:55,955 - INFO - Starting TFN Billing 3D Native App (Eel)
2026-03-08 14:18:55,955 - INFO - Initializing directories and files
2026-03-08 14:18:57,463 - DEBUG - Initializing WebSocket
2026-03-08 14:18:57,463 - DEBUG - Validating WebSocket request
2026-03-08 14:18:57,465 - INFO - 127.0.0.1 - - [2026-03-08 14:18:57] "GET /index.html HTTP/1.1" 200 17463 0.001318
2026-03-08 14:18:57,535 - DEBUG - Initializing WebSocket
2026-03-08 14:18:57,536 - DEBUG - Validating WebSocket request
2026-03-08 14:18:57,538 - INFO - 127.0.0.1 - - [2026-03-08 14:18:57] "GET /static/style.css HTTP/1.1" 200 13400 0.002465
2026-03-08 14:18:57,539 - DEBUG - Initializing WebSocket
2026-03-08 14:18:57,539 - DEBUG - Validating WebSocket request
2026-03-08 14:18:57,540 - INFO - 127.0.0.1 - - [2026-03-08 14:18:57] "GET /eel.js HTTP/1.1" 200 6101 0.000966
2026-03-08 14:18:57,549 - DEBUG - Initializing WebSocket
2026-03-08 14:18:57,549 - DEBUG - Validating WebSocket request
2026-03-08 14:18:57,555 - INFO - 127.0.0.1 - - [2026-03-08 14:18:57] "GET /static/assets/logo.png HTTP/1.1" 404 894 0.006063
2026-03-08 14:18:57,621 - DEBUG - Initializing WebSocket
2026-03-08 14:18:57,621 - DEBUG - Validating WebSocket request
2026-03-08 14:18:57,622 - INFO - 127.0.0.1 - - [2026-03-08 14:18:57] "GET /static/script.js HTTP/1.1" 200 13108 0.000918
2026-03-08 14:18:58,037 - DEBUG - Initializing WebSocket
2026-03-08 14:18:58,037 - DEBUG - Validating WebSocket request
2026-03-08 14:18:58,038 - DEBUG - Attempting to upgrade connection
2026-03-08 14:18:58,038 - DEBUG - WebSocket request accepted, switching protocols
2026-03-08 14:19:17,668 - INFO - Starting TFN Billing 3D Native App (Eel)
2026-03-08 14:19:17,668 - INFO - Initializing directories and files
2026-03-08 14:19:19,533 - DEBUG - Initializing WebSocket
2026-03-08 14:19:19,533 - DEBUG - Validating WebSocket request
2026-03-08 14:19:19,534 - INFO - 127.0.0.1 - - [2026-03-08 14:19:19] "GET /index.html HTTP/1.1" 200 17463 0.001467
2026-03-08 14:19:19,697 - DEBUG - Initializing WebSocket
2026-03-08 14:19:19,697 - DEBUG - Validating WebSocket request
2026-03-08 14:19:19,699 - INFO - 127.0.0.1 - - [2026-03-08 14:19:19] "GET /static/style.css HTTP/1.1" 200 13447 0.001865
2026-03-08 14:19:19,701 - DEBUG - Initializing WebSocket
2026-03-08 14:19:19,701 - DEBUG - Validating WebSocket request
2026-03-08 14:19:19,702 - INFO - 127.0.0.1 - - [2026-03-08 14:19:19] "GET /eel.js HTTP/1.1" 200 6101 0.001239
2026-03-08 14:19:19,705 - DEBUG - Initializing WebSocket
2026-03-08 14:19:19,706 - DEBUG - Validating WebSocket request
2026-03-08 14:19:19,711 - INFO - 127.0.0.1 - - [2026-03-08 14:19:19] "GET /static/assets/logo.png HTTP/1.1" 404 894 0.005213
2026-03-08 14:19:19,748 - DEBUG - Initializing WebSocket
2026-03-08 14:19:19,748 - DEBUG - Validating WebSocket request
2026-03-08 14:19:19,750 - INFO - 127.0.0.1 - - [2026-03-08 14:19:19] "GET /static/script.js HTTP/1.1" 200 13108 0.001694
2026-03-08 14:19:20,114 - DEBUG - Initializing WebSocket
2026-03-08 14:19:20,114 - DEBUG - Validating WebSocket request
2026-03-08 14:19:20,114 - DEBUG - Attempting to upgrade connection
2026-03-08 14:19:20,114 - DEBUG - WebSocket request accepted, switching protocols
2026-03-08 14:19:20,526 - DEBUG - Initializing WebSocket
2026-03-08 14:19:20,527 - DEBUG - Validating WebSocket request
2026-03-08 14:19:20,528 - INFO - 127.0.0.1 - - [2026-03-08 14:19:20] "GET /favicon.ico HTTP/1.1" 404 883 0.001483
2026-03-08 14:19:20,613 - DEBUG - Closed WebSocket
2026-03-08 14:19:20,614 - DEBUG - Failed to write closing frame -> closing socket
2026-03-08 14:19:20,614 - DEBUG - Closed WebSocket
2026-03-08 14:20:39,619 - INFO - Starting TFN Billing 3D Native App (Eel)
2026-03-08 14:20:39,619 - INFO - Initializing directories and files
2026-03-08 14:20:41,050 - DEBUG - Initializing WebSocket
2026-03-08 14:20:41,050 - DEBUG - Validating WebSocket request
2026-03-08 14:20:41,051 - INFO - 127.0.0.1 - - [2026-03-08 14:20:41] "GET /index.html HTTP/1.1" 200 17463 0.001344
2026-03-08 14:20:41,129 - DEBUG - Initializing WebSocket
2026-03-08 14:20:41,129 - DEBUG - Validating WebSocket request
2026-03-08 14:20:41,132 - INFO - 127.0.0.1 - - [2026-03-08 14:20:41] "GET /static/style.css HTTP/1.1" 200 13877 0.002647
2026-03-08 14:20:41,134 - DEBUG - Initializing WebSocket
2026-03-08 14:20:41,134 - DEBUG - Validating WebSocket request
2026-03-08 14:20:41,135 - INFO - 127.0.0.1 - - [2026-03-08 14:20:41] "GET /eel.js HTTP/1.1" 200 6101 0.001138
2026-03-08 14:20:41,141 - DEBUG - Initializing WebSocket
2026-03-08 14:20:41,141 - DEBUG - Validating WebSocket request
2026-03-08 14:20:41,147 - INFO - 127.0.0.1 - - [2026-03-08 14:20:41] "GET /static/assets/logo.png HTTP/1.1" 404 894 0.006558
2026-03-08 14:20:41,216 - DEBUG - Initializing WebSocket
2026-03-08 14:20:41,217 - DEBUG - Validating WebSocket request
2026-03-08 14:20:41,219 - INFO - 127.0.0.1 - - [2026-03-08 14:20:41] "GET /static/script.js HTTP/1.1" 200 13116 0.002135
2026-03-08 14:20:41,640 - DEBUG - Initializing WebSocket
2026-03-08 14:20:41,640 - DEBUG - Validating WebSocket request
2026-03-08 14:20:41,641 - DEBUG - Attempting to upgrade connection
2026-03-08 14:20:41,641 - DEBUG - WebSocket request accepted, switching protocols
2026-03-08 14:20:41,925 - DEBUG - Initializing WebSocket
2026-03-08 14:20:41,925 - DEBUG - Validating WebSocket request
2026-03-08 14:20:41,926 - INFO - 127.0.0.1 - - [2026-03-08 14:20:41] "GET /favicon.ico HTTP/1.1" 404 883 0.001061
2026-03-08 14:21:21,977 - DEBUG - Closed WebSocket
2026-03-08 14:21:22,006 - DEBUG - Failed to write closing frame -> closing socket
2026-03-08 14:21:22,006 - DEBUG - Closed WebSocket
2026-03-08 21:58:17,490 - INFO - Starting TFN Billing 3D Native App (Eel)
2026-03-08 21:58:17,490 - INFO - Initializing directories and files
2026-03-08 21:58:22,710 - DEBUG - Initializing WebSocket
2026-03-08 21:58:22,710 - DEBUG - Validating WebSocket request
2026-03-08 21:58:22,714 - INFO - 127.0.0.1 - - [2026-03-08 21:58:22] "GET /index.html HTTP/1.1" 200 17463 0.005147
2026-03-08 21:58:23,071 - DEBUG - Initializing WebSocket
2026-03-08 21:58:23,071 - DEBUG - Validating WebSocket request
2026-03-08 21:58:23,073 - INFO - 127.0.0.1 - - [2026-03-08 21:58:23] "GET /eel.js HTTP/1.1" 200 6101 0.002516
2026-03-08 21:58:23,075 - DEBUG - Initializing WebSocket
2026-03-08 21:58:23,075 - DEBUG - Validating WebSocket request
2026-03-08 21:58:23,083 - INFO - 127.0.0.1 - - [2026-03-08 21:58:23] "GET /static/assets/logo.png HTTP/1.1" 404 894 0.007909
2026-03-08 21:58:23,086 - DEBUG - Initializing WebSocket
2026-03-08 21:58:23,087 - DEBUG - Validating WebSocket request
2026-03-08 21:58:23,090 - INFO - 127.0.0.1 - - [2026-03-08 21:58:23] "GET /static/style.css HTTP/1.1" 200 13877 0.003909
2026-03-08 21:58:23,092 - DEBUG - Initializing WebSocket
2026-03-08 21:58:23,093 - DEBUG - Validating WebSocket request
2026-03-08 21:58:23,097 - INFO - 127.0.0.1 - - [2026-03-08 21:58:23] "GET /static/script.js HTTP/1.1" 200 13116 0.004645
2026-03-08 21:58:23,586 - DEBUG - Initializing WebSocket
2026-03-08 21:58:23,587 - DEBUG - Validating WebSocket request
2026-03-08 21:58:23,587 - DEBUG - Attempting to upgrade connection
2026-03-08 21:58:23,587 - DEBUG - WebSocket request accepted, switching protocols
2026-03-08 21:58:24,956 - DEBUG - Initializing WebSocket
2026-03-08 21:58:24,956 - DEBUG - Validating WebSocket request
2026-03-08 21:58:24,959 - INFO - 127.0.0.1 - - [2026-03-08 21:58:24] "GET /favicon.ico HTTP/1.1" 404 883 0.003516
2026-03-08 21:59:57,913 - DEBUG - Closed WebSocket
2026-03-08 21:59:57,979 - DEBUG - Failed to write closing frame -> closing socket
2026-03-08 21:59:57,979 - DEBUG - Closed WebSocket
2026-03-08 22:00:32,197 - INFO - Starting TFN Billing 3D Native App (Eel)
2026-03-08 22:00:32,197 - INFO - Initializing directories and files
2026-03-08 22:00:33,866 - DEBUG - Initializing WebSocket
2026-03-08 22:00:33,866 - DEBUG - Validating WebSocket request
2026-03-08 22:00:33,871 - INFO - 127.0.0.1 - - [2026-03-08 22:00:33] "GET /index.html HTTP/1.1" 200 17657 0.004952
2026-03-08 22:00:34,035 - DEBUG - Initializing WebSocket
2026-03-08 22:00:34,035 - DEBUG - Validating WebSocket request
2026-03-08 22:00:34,039 - INFO - 127.0.0.1 - - [2026-03-08 22:00:34] "GET /static/style.css HTTP/1.1" 200 14067 0.003601
2026-03-08 22:00:34,040 - DEBUG - Initializing WebSocket
2026-03-08 22:00:34,041 - DEBUG - Validating WebSocket request
2026-03-08 22:00:34,042 - INFO - 127.0.0.1 - - [2026-03-08 22:00:34] "GET /eel.js HTTP/1.1" 200 6101 0.001849
2026-03-08 22:00:34,059 - DEBUG - Initializing WebSocket
2026-03-08 22:00:34,060 - DEBUG - Validating WebSocket request
2026-03-08 22:00:34,066 - INFO - 127.0.0.1 - - [2026-03-08 22:00:34] "GET /static/assets/logo.png HTTP/1.1" 404 894 0.006942
2026-03-08 22:00:34,161 - DEBUG - Initializing WebSocket
2026-03-08 22:00:34,162 - DEBUG - Validating WebSocket request
2026-03-08 22:00:34,164 - INFO - 127.0.0.1 - - [2026-03-08 22:00:34] "GET /static/script.js HTTP/1.1" 200 13116 0.002796
2026-03-08 22:00:34,648 - DEBUG - Initializing WebSocket
2026-03-08 22:00:34,648 - DEBUG - Validating WebSocket request
2026-03-08 22:00:34,649 - DEBUG - Attempting to upgrade connection
2026-03-08 22:00:34,649 - DEBUG - WebSocket request accepted, switching protocols
2026-03-08 22:00:35,466 - DEBUG - Initializing WebSocket
2026-03-08 22:00:35,466 - DEBUG - Validating WebSocket request
2026-03-08 22:00:35,468 - INFO - 127.0.0.1 - - [2026-03-08 22:00:35] "GET /favicon.ico HTTP/1.1" 404 883 0.001755
2026-03-08 22:02:20,535 - DEBUG - STREAM b'IHDR' 16 13
2026-03-08 22:02:20,536 - DEBUG - STREAM b'PLTE' 41 108
2026-03-08 22:02:20,536 - DEBUG - STREAM b'tRNS' 161 35
2026-03-08 22:02:20,537 - DEBUG - STREAM b'IDAT' 208 5693
2026-03-08 22:02:20,539 - DEBUG - STREAM b'IHDR' 16 13
2026-03-08 22:02:20,539 - DEBUG - STREAM b'PLTE' 41 108
2026-03-08 22:02:20,539 - DEBUG - STREAM b'tRNS' 161 35
2026-03-08 22:02:20,539 - DEBUG - STREAM b'IDAT' 208 5693
2026-03-08 22:02:20,540 - DEBUG - STREAM b'IHDR' 16 13
2026-03-08 22:02:20,540 - DEBUG - STREAM b'PLTE' 41 108
2026-03-08 22:02:20,540 - DEBUG - STREAM b'tRNS' 161 35
2026-03-08 22:02:20,540 - DEBUG - STREAM b'IDAT' 208 5693
2026-03-08 22:02:20,548 - DEBUG - STREAM b'IHDR' 16 13
2026-03-08 22:02:20,549 - DEBUG - STREAM b'PLTE' 41 108
2026-03-08 22:02:20,549 - DEBUG - STREAM b'tRNS' 161 35
2026-03-08 22:02:20,549 - DEBUG - STREAM b'IDAT' 208 5693
2026-03-08 22:02:58,216 - DEBUG - Closed WebSocket
2026-03-08 22:02:58,218 - DEBUG - Failed to write closing frame -> closing socket
2026-03-08 22:02:58,218 - DEBUG - Closed WebSocket
2026-03-08 22:03:35,706 - INFO - Starting TFN Billing 3D Native App (Eel)
2026-03-08 22:03:35,706 - INFO - Initializing directories and files
2026-03-08 22:03:37,524 - DEBUG - Initializing WebSocket
2026-03-08 22:03:37,524 - DEBUG - Validating WebSocket request
2026-03-08 22:03:37,526 - INFO - 127.0.0.1 - - [2026-03-08 22:03:37] "GET /index.html HTTP/1.1" 200 19027 0.002062
2026-03-08 22:03:37,626 - DEBUG - Initializing WebSocket
2026-03-08 22:03:37,626 - DEBUG - Validating WebSocket request
2026-03-08 22:03:37,628 - INFO - 127.0.0.1 - - [2026-03-08 22:03:37] "GET /static/style.css HTTP/1.1" 200 19374 0.002189
2026-03-08 22:03:37,630 - DEBUG - Initializing WebSocket
2026-03-08 22:03:37,630 - DEBUG - Validating WebSocket request
2026-03-08 22:03:37,631 - INFO - 127.0.0.1 - - [2026-03-08 22:03:37] "GET /eel.js HTTP/1.1" 200 6101 0.001270
2026-03-08 22:03:37,638 - DEBUG - Initializing WebSocket
2026-03-08 22:03:37,639 - DEBUG - Validating WebSocket request
2026-03-08 22:03:37,644 - INFO - 127.0.0.1 - - [2026-03-08 22:03:37] "GET /static/assets/logo.png HTTP/1.1" 404 894 0.005730
2026-03-08 22:03:37,740 - DEBUG - Initializing WebSocket
2026-03-08 22:03:37,740 - DEBUG - Validating WebSocket request
2026-03-08 22:03:37,742 - INFO - 127.0.0.1 - - [2026-03-08 22:03:37] "GET /static/script.js HTTP/1.1" 200 13583 0.001939
2026-03-08 22:03:38,155 - DEBUG - Initializing WebSocket
2026-03-08 22:03:38,155 - DEBUG - Validating WebSocket request
2026-03-08 22:03:38,155 - DEBUG - Attempting to upgrade connection
2026-03-08 22:03:38,155 - DEBUG - WebSocket request accepted, switching protocols
2026-03-08 22:03:38,570 - DEBUG - Initializing WebSocket
2026-03-08 22:03:38,571 - DEBUG - Validating WebSocket request
2026-03-08 22:03:38,572 - INFO - 127.0.0.1 - - [2026-03-08 22:03:38] "GET /favicon.ico HTTP/1.1" 404 883 0.001786
2026-03-08 22:04:49,885 - DEBUG - Closed WebSocket
2026-03-08 22:04:49,886 - DEBUG - Failed to write closing frame -> closing socket
2026-03-08 22:04:49,886 - DEBUG - Closed WebSocket
2026-03-08 22:06:41,188 - INFO - Starting TFN Billing 3D Native App (Eel)
2026-03-08 22:06:41,188 - INFO - Initializing directories and files
2026-03-08 22:06:42,963 - DEBUG - Initializing WebSocket
2026-03-08 22:06:42,963 - DEBUG - Validating WebSocket request
2026-03-08 22:06:42,966 - INFO - 127.0.0.1 - - [2026-03-08 22:06:42] "GET /index.html HTTP/1.1" 200 19101 0.002689
2026-03-08 22:06:43,096 - DEBUG - Initializing WebSocket
2026-03-08 22:06:43,097 - DEBUG - Validating WebSocket request
2026-03-08 22:06:43,100 - INFO - 127.0.0.1 - - [2026-03-08 22:06:43] "GET /static/style.css HTTP/1.1" 200 19888 0.003642
2026-03-08 22:06:43,102 - DEBUG - Initializing WebSocket
2026-03-08 22:06:43,102 - DEBUG - Validating WebSocket request
2026-03-08 22:06:43,104 - INFO - 127.0.0.1 - - [2026-03-08 22:06:43] "GET /eel.js HTTP/1.1" 200 6101 0.001656
2026-03-08 22:06:43,115 - DEBUG - Initializing WebSocket
2026-03-08 22:06:43,116 - DEBUG - Validating WebSocket request
2026-03-08 22:06:43,123 - INFO - 127.0.0.1 - - [2026-03-08 22:06:43] "GET /static/assets/logo.png HTTP/1.1" 404 894 0.007057
2026-03-08 22:06:43,216 - DEBUG - Initializing WebSocket
2026-03-08 22:06:43,216 - DEBUG - Validating WebSocket request
2026-03-08 22:06:43,219 - INFO - 127.0.0.1 - - [2026-03-08 22:06:43] "GET /static/script.js HTTP/1.1" 200 14417 0.002596
2026-03-08 22:06:43,726 - DEBUG - Initializing WebSocket
2026-03-08 22:06:43,728 - DEBUG - Validating WebSocket request
2026-03-08 22:06:43,729 - DEBUG - Attempting to upgrade connection
2026-03-08 22:06:43,729 - DEBUG - WebSocket request accepted, switching protocols
2026-03-08 22:06:44,401 - DEBUG - Initializing WebSocket
2026-03-08 22:06:44,401 - DEBUG - Validating WebSocket request
2026-03-08 22:06:44,403 - INFO - 127.0.0.1 - - [2026-03-08 22:06:44] "GET /favicon.ico HTTP/1.1" 404 883 0.002631
2026-03-08 22:07:10,999 - DEBUG - Closed WebSocket
2026-03-08 22:07:11,001 - DEBUG - Failed to write closing frame -> closing socket
2026-03-08 22:07:11,001 - DEBUG - Closed WebSocket
2026-03-08 22:13:34,960 - INFO - Starting TFN Billing 3D Native App (Eel)
2026-03-08 22:13:34,960 - INFO - Initializing directories and files
2026-03-08 22:13:36,533 - DEBUG - Initializing WebSocket
2026-03-08 22:13:36,533 - DEBUG - Validating WebSocket request
2026-03-08 22:13:36,535 - INFO - 127.0.0.1 - - [2026-03-08 22:13:36] "GET /index.html HTTP/1.1" 200 19596 0.002056
2026-03-08 22:13:36,641 - DEBUG - Initializing WebSocket
2026-03-08 22:13:36,641 - DEBUG - Validating WebSocket request
2026-03-08 22:13:36,643 - INFO - 127.0.0.1 - - [2026-03-08 22:13:36] "GET /static/style.css HTTP/1.1" 200 20180 0.002261
2026-03-08 22:13:36,645 - DEBUG - Initializing WebSocket
2026-03-08 22:13:36,645 - DEBUG - Validating WebSocket request
2026-03-08 22:13:36,647 - INFO - 127.0.0.1 - - [2026-03-08 22:13:36] "GET /eel.js HTTP/1.1" 200 6144 0.001758
2026-03-08 22:13:36,668 - DEBUG - Initializing WebSocket
2026-03-08 22:13:36,668 - DEBUG - Validating WebSocket request
2026-03-08 22:13:36,674 - INFO - 127.0.0.1 - - [2026-03-08 22:13:36] "GET /static/assets/logo.png HTTP/1.1" 404 894 0.006310
2026-03-08 22:13:36,802 - DEBUG - Initializing WebSocket
2026-03-08 22:13:36,802 - DEBUG - Validating WebSocket request
2026-03-08 22:13:36,804 - INFO - 127.0.0.1 - - [2026-03-08 22:13:36] "GET /static/script.js HTTP/1.1" 200 16009 0.002579
2026-03-08 22:13:37,531 - DEBUG - Initializing WebSocket
2026-03-08 22:13:37,531 - DEBUG - Validating WebSocket request
2026-03-08 22:13:37,531 - DEBUG - Attempting to upgrade connection
2026-03-08 22:13:37,532 - DEBUG - WebSocket request accepted, switching protocols
2026-03-08 22:13:37,917 - DEBUG - Initializing WebSocket
2026-03-08 22:13:37,917 - DEBUG - Validating WebSocket request
2026-03-08 22:13:37,918 - INFO - 127.0.0.1 - - [2026-03-08 22:13:37] "GET /favicon.ico HTTP/1.1" 404 883 0.000604
2026-03-08 22:16:42,642 - DEBUG - Closed WebSocket
2026-03-08 22:16:42,645 - DEBUG - Failed to write closing frame -> closing socket
2026-03-08 22:16:42,645 - DEBUG - Closed WebSocket
2026-03-08 22:17:00,138 - INFO - Starting TFN Billing 3D Native App (Eel)
2026-03-08 22:17:00,139 - INFO - Initializing directories and files
2026-03-08 22:17:01,801 - DEBUG - Initializing WebSocket
2026-03-08 22:17:01,801 - DEBUG - Validating WebSocket request
2026-03-08 22:17:01,802 - INFO - 127.0.0.1 - - [2026-03-08 22:17:01] "GET /index.html HTTP/1.1" 200 19596 0.001782
2026-03-08 22:17:01,894 - DEBUG - Initializing WebSocket
2026-03-08 22:17:01,894 - DEBUG - Validating WebSocket request
2026-03-08 22:17:01,897 - INFO - 127.0.0.1 - - [2026-03-08 22:17:01] "GET /static/style.css HTTP/1.1" 200 20180 0.003503
2026-03-08 22:17:01,899 - DEBUG - Initializing WebSocket
2026-03-08 22:17:01,899 - DEBUG - Validating WebSocket request
2026-03-08 22:17:01,900 - INFO - 127.0.0.1 - - [2026-03-08 22:17:01] "GET /eel.js HTTP/1.1" 200 6167 0.001209
2026-03-08 22:17:01,910 - DEBUG - Initializing WebSocket
2026-03-08 22:17:01,911 - DEBUG - Validating WebSocket request
2026-03-08 22:17:01,919 - INFO - 127.0.0.1 - - [2026-03-08 22:17:01] "GET /static/assets/logo.png HTTP/1.1" 404 894 0.008824
2026-03-08 22:17:02,054 - DEBUG - Initializing WebSocket
2026-03-08 22:17:02,055 - DEBUG - Validating WebSocket request
2026-03-08 22:17:02,056 - INFO - 127.0.0.1 - - [2026-03-08 22:17:02] "GET /static/script.js HTTP/1.1" 200 16254 0.002074
2026-03-08 22:17:02,537 - DEBUG - Initializing WebSocket
2026-03-08 22:17:02,537 - DEBUG - Validating WebSocket request
2026-03-08 22:17:02,537 - DEBUG - Attempting to upgrade connection
2026-03-08 22:17:02,537 - DEBUG - WebSocket request accepted, switching protocols
2026-03-08 22:17:02,886 - DEBUG - Initializing WebSocket
2026-03-08 22:17:02,886 - DEBUG - Validating WebSocket request
2026-03-08 22:17:02,887 - INFO - 127.0.0.1 - - [2026-03-08 22:17:02] "GET /favicon.ico HTTP/1.1" 404 883 0.001349
2026-03-08 22:19:03,018 - INFO - Starting TFN Billing 3D Native App (Eel)
2026-03-08 22:19:03,019 - INFO - Initializing directories and files
2026-03-08 22:19:04,525 - DEBUG - Initializing WebSocket
2026-03-08 22:19:04,525 - DEBUG - Validating WebSocket request
2026-03-08 22:19:04,527 - INFO - 127.0.0.1 - - [2026-03-08 22:19:04] "GET /index.html HTTP/1.1" 200 19596 0.001707
2026-03-08 22:19:04,626 - DEBUG - Initializing WebSocket
2026-03-08 22:19:04,626 - DEBUG - Validating WebSocket request
2026-03-08 22:19:04,629 - INFO - 127.0.0.1 - - [2026-03-08 22:19:04] "GET /static/style.css HTTP/1.1" 200 20180 0.002858
2026-03-08 22:19:04,630 - DEBUG - Initializing WebSocket
2026-03-08 22:19:04,630 - DEBUG - Validating WebSocket request
2026-03-08 22:19:04,632 - INFO - 127.0.0.1 - - [2026-03-08 22:19:04] "GET /eel.js HTTP/1.1" 200 6176 0.001335
2026-03-08 22:19:04,642 - DEBUG - Initializing WebSocket
2026-03-08 22:19:04,642 - DEBUG - Validating WebSocket request
2026-03-08 22:19:04,649 - INFO - 127.0.0.1 - - [2026-03-08 22:19:04] "GET /static/assets/logo.png HTTP/1.1" 404 894 0.006876
2026-03-08 22:19:04,780 - DEBUG - Initializing WebSocket
2026-03-08 22:19:04,780 - DEBUG - Validating WebSocket request
2026-03-08 22:19:04,782 - INFO - 127.0.0.1 - - [2026-03-08 22:19:04] "GET /static/script.js HTTP/1.1" 200 16254 0.002084
2026-03-08 22:19:05,262 - DEBUG - Initializing WebSocket
2026-03-08 22:19:05,262 - DEBUG - Validating WebSocket request
2026-03-08 22:19:05,263 - DEBUG - Attempting to upgrade connection
2026-03-08 22:19:05,263 - DEBUG - WebSocket request accepted, switching protocols
2026-03-08 22:19:05,653 - DEBUG - Initializing WebSocket
2026-03-08 22:19:05,654 - DEBUG - Validating WebSocket request
2026-03-08 22:19:05,655 - INFO - 127.0.0.1 - - [2026-03-08 22:19:05] "GET /favicon.ico HTTP/1.1" 404 883 0.002124
2026-03-08 22:19:40,352 - DEBUG - Closed WebSocket
2026-03-08 22:19:40,358 - DEBUG - Failed to write closing frame -> closing socket
2026-03-08 22:19:40,359 - DEBUG - Closed WebSocket
2026-03-08 22:19:41,679 - DEBUG - Closed WebSocket
2026-03-08 22:19:41,691 - DEBUG - Failed to write closing frame -> closing socket
2026-03-08 22:19:41,691 - DEBUG - Closed WebSocket
2026-03-08 22:21:00,778 - INFO - Starting TFN Billing 3D Native App (Eel)
2026-03-08 22:21:00,778 - INFO - Initializing directories and files
2026-03-08 22:21:02,479 - DEBUG - Initializing WebSocket
2026-03-08 22:21:02,479 - DEBUG - Validating WebSocket request
2026-03-08 22:21:02,480 - INFO - 127.0.0.1 - - [2026-03-08 22:21:02] "GET /index.html HTTP/1.1" 200 19596 0.001965
2026-03-08 22:21:02,570 - DEBUG - Initializing WebSocket
2026-03-08 22:21:02,570 - DEBUG - Validating WebSocket request
2026-03-08 22:21:02,573 - INFO - 127.0.0.1 - - [2026-03-08 22:21:02] "GET /static/style.css HTTP/1.1" 200 20180 0.003438
2026-03-08 22:21:02,575 - DEBUG - Initializing WebSocket
2026-03-08 22:21:02,575 - DEBUG - Validating WebSocket request
2026-03-08 22:21:02,577 - INFO - 127.0.0.1 - - [2026-03-08 22:21:02] "GET /eel.js HTTP/1.1" 200 6176 0.001791
2026-03-08 22:21:02,589 - DEBUG - Initializing WebSocket
2026-03-08 22:21:02,590 - DEBUG - Validating WebSocket request
2026-03-08 22:21:02,596 - INFO - 127.0.0.1 - - [2026-03-08 22:21:02] "GET /static/assets/logo.png HTTP/1.1" 404 894 0.006776
2026-03-08 22:21:02,691 - DEBUG - Initializing WebSocket
2026-03-08 22:21:02,691 - DEBUG - Validating WebSocket request
2026-03-08 22:21:02,693 - INFO - 127.0.0.1 - - [2026-03-08 22:21:02] "GET /static/script.js HTTP/1.1" 200 16152 0.001780
2026-03-08 22:21:03,155 - DEBUG - Initializing WebSocket
2026-03-08 22:21:03,155 - DEBUG - Validating WebSocket request
2026-03-08 22:21:03,155 - DEBUG - Attempting to upgrade connection
2026-03-08 22:21:03,156 - DEBUG - WebSocket request accepted, switching protocols
2026-03-08 22:21:03,452 - DEBUG - Initializing WebSocket
2026-03-08 22:21:03,452 - DEBUG - Validating WebSocket request
2026-03-08 22:21:03,453 - INFO - 127.0.0.1 - - [2026-03-08 22:21:03] "GET /favicon.ico HTTP/1.1" 404 883 0.000871
2026-03-08 22:21:52,777 - DEBUG - Closed WebSocket
2026-03-08 22:21:52,778 - DEBUG - Failed to write closing frame -> closing socket
2026-03-08 22:21:52,778 - DEBUG - Closed WebSocket
2026-03-08 22:22:50,815 - INFO - Starting TFN Billing 3D Native App (Eel)
2026-03-08 22:22:50,816 - INFO - Initializing directories and files
2026-03-08 22:22:53,092 - DEBUG - Initializing WebSocket
2026-03-08 22:22:53,092 - DEBUG - Validating WebSocket request
2026-03-08 22:22:53,094 - INFO - 127.0.0.1 - - [2026-03-08 22:22:53] "GET /index.html HTTP/1.1" 200 19596 0.001927
2026-03-08 22:22:53,219 - DEBUG - Initializing WebSocket
2026-03-08 22:22:53,219 - DEBUG - Validating WebSocket request
2026-03-08 22:22:53,221 - INFO - 127.0.0.1 - - [2026-03-08 22:22:53] "GET /static/style.css HTTP/1.1" 200 20180 0.002116
2026-03-08 22:22:53,225 - DEBUG - Initializing WebSocket
2026-03-08 22:22:53,225 - DEBUG - Validating WebSocket request
2026-03-08 22:22:53,227 - INFO - 127.0.0.1 - - [2026-03-08 22:22:53] "GET /eel.js HTTP/1.1" 200 6176 0.001420
2026-03-08 22:22:53,241 - DEBUG - Initializing WebSocket
2026-03-08 22:22:53,241 - DEBUG - Validating WebSocket request
2026-03-08 22:22:53,247 - INFO - 127.0.0.1 - - [2026-03-08 22:22:53] "GET /static/assets/logo.png HTTP/1.1" 404 894 0.006350
2026-03-08 22:22:53,384 - DEBUG - Initializing WebSocket
2026-03-08 22:22:53,384 - DEBUG - Validating WebSocket request
2026-03-08 22:22:53,386 - INFO - 127.0.0.1 - - [2026-03-08 22:22:53] "GET /static/script.js HTTP/1.1" 200 16152 0.001875
2026-03-08 22:22:53,850 - DEBUG - Initializing WebSocket
2026-03-08 22:22:53,851 - DEBUG - Validating WebSocket request
2026-03-08 22:22:53,851 - DEBUG - Attempting to upgrade connection
2026-03-08 22:22:53,851 - DEBUG - WebSocket request accepted, switching protocols
2026-03-08 22:22:54,344 - DEBUG - Initializing WebSocket
2026-03-08 22:22:54,344 - DEBUG - Validating WebSocket request
2026-03-08 22:22:54,345 - INFO - 127.0.0.1 - - [2026-03-08 22:22:54] "GET /favicon.ico HTTP/1.1" 404 883 0.001248
2026-03-08 22:23:47,121 - DEBUG - Closed WebSocket
2026-03-08 22:23:47,128 - DEBUG - Failed to write closing frame -> closing socket
2026-03-08 22:23:47,128 - DEBUG - Closed WebSocket
2026-03-08 22:24:57,762 - INFO - Starting TFN Billing application
2026-03-08 22:24:57,762 - INFO - Initializing directories and files
2026-03-08 22:24:57,762 - INFO - Application directory: d:\T.F.N Billing
2026-03-08 22:24:57,763 - INFO - Changed working directory to: d:\T.F.N Billing
2026-03-08 22:24:59,084 - DEBUG - matplotlib data path: C:\Users\rakes\AppData\Roaming\Python\Python314\site-packages\matplotlib\mpl-data
2026-03-08 22:24:59,090 - DEBUG - CONFIGDIR=C:\Users\rakes\.matplotlib
2026-03-08 22:24:59,092 - DEBUG - interactive is False
2026-03-08 22:24:59,092 - DEBUG - platform is win32
2026-03-08 22:24:59,109 - INFO - All required packages are installed
2026-03-08 22:24:59,109 - INFO - Python path: ['d:\\T.F.N Billing', 'C:\\Python314\\python314.zip', 'C:\\Python314\\DLLs', 'C:\\Python314\\Lib', 'C:\\Python314', 'C:\\Users\\rakes\\AppData\\Roaming\\Python\\Python314\\site-packages', 'C:\\Python314\\Lib\\site-packages']
2026-03-08 22:24:59,109 - INFO - Current directory: d:\T.F.N Billing
2026-03-08 22:24:59,109 - INFO - Directory contents: ['.git', 'app.spec', 'app_ctk.py', 'app_eel.py', 'assets', 'backend.py', 'build', 'build.bat', 'customers.json', 'dist', 'dist.zip', 'invoice_log.json', 'invoice_tracker.json', 'launcher.py', 'launcher.spec', 'logs', 'main.py', 'output_invoices', 'README.md', 'requirements.txt', 'static', 'templates', 'tfn_billing_debug.log', 'Thunderstorm Bill Generator.spec', 'users.json', 'web', '__pycache__']
2026-03-08 22:24:59,109 - INFO - Importing main module
2026-03-08 22:24:59,381 - DEBUG - CACHEDIR=C:\Users\rakes\.matplotlib
2026-03-08 22:24:59,384 - DEBUG - Using fontManager instance from C:\Users\rakes\.matplotlib\fontlist-v390.json
2026-03-08 22:24:59,775 - INFO - Starting main application
2026-03-08 22:24:59,776 - INFO - Starting application
2026-03-08 22:24:59,776 - INFO - Initializing main application window
2026-03-08 22:25:00,231 - INFO - Created output_invoices directory
2026-03-08 22:25:00,242 - DEBUG - STREAM b'IHDR' 16 13
2026-03-08 22:25:00,242 - DEBUG - STREAM b'PLTE' 41 108
2026-03-08 22:25:00,242 - DEBUG - STREAM b'tRNS' 161 35
2026-03-08 22:25:00,242 - DEBUG - STREAM b'IDAT' 208 5693
2026-03-08 22:25:00,268 - INFO - Successfully set app icon from PNG
2026-03-08 22:25:00,314 - INFO - Successfully set app icon from ICO
2026-03-08 22:25:00,337 - INFO - Showing login window
2026-03-08 22:25:00,338 - DEBUG - Entering function: login_window
2026-03-08 22:25:00,338 - INFO - Creating login window
2026-03-08 22:25:00,364 - DEBUG - Login window icon set successfully
2026-03-08 22:25:00,364 - DEBUG - Login window centered on screen
2026-03-08 22:25:00,386 - DEBUG - Exiting function: login_window
2026-03-08 22:25:00,387 - INFO - Starting main event loop
2026-03-08 22:25:04,908 - INFO - Login attempt for user: admin
2026-03-08 22:25:04,910 - WARNING - Failed login attempt for user: admin
2026-03-08 22:25:06,621 - INFO - Login attempt for user: admin
2026-03-08 22:25:06,622 - INFO - Successful login for user: admin with role: admin
2026-03-08 22:25:06,673 - DEBUG - STREAM b'IHDR' 16 13
2026-03-08 22:25:06,673 - DEBUG - STREAM b'PLTE' 41 108
2026-03-08 22:25:06,673 - DEBUG - STREAM b'tRNS' 161 35
2026-03-08 22:25:06,674 - DEBUG - STREAM b'IDAT' 208 5693
2026-03-08 22:25:07,423 - DEBUG - Entering function: load_customers
2026-03-08 22:25:07,423 - DEBUG - Loading customers from: customers.json
2026-03-08 22:25:07,424 - DEBUG - Loaded 2 customers
2026-03-08 22:25:07,424 - DEBUG - Exiting function: load_customers
2026-03-08 22:25:07,473 - DEBUG - Entering function: __init__
2026-03-08 22:25:07,478 - DEBUG - Entering function: set_date
2026-03-08 22:25:07,478 - DEBUG - Set date from datetime object: 2026-03-08 22:25:07.473724
2026-03-08 22:25:07,478 - DEBUG - Exiting function: set_date
2026-03-08 22:25:07,478 - DEBUG - Initialized CustomDateEntry widget
2026-03-08 22:25:07,478 - DEBUG - Exiting function: __init__
2026-03-08 22:25:07,479 - DEBUG - Entering function: __init__
2026-03-08 22:25:07,481 - DEBUG - Entering function: set_date
2026-03-08 22:25:07,481 - DEBUG - Set date from datetime object: 2026-03-08 22:25:07.480055
2026-03-08 22:25:07,481 - DEBUG - Exiting function: set_date
2026-03-08 22:25:07,481 - DEBUG - Initialized CustomDateEntry widget
2026-03-08 22:25:07,481 - DEBUG - Exiting function: __init__
2026-03-08 22:25:30,087 - INFO - Starting TFN Billing application
2026-03-08 22:25:30,088 - INFO - Initializing directories and files
2026-03-08 22:25:30,088 - INFO - Application directory: d:\T.F.N Billing
2026-03-08 22:25:30,088 - INFO - Changed working directory to: d:\T.F.N Billing
2026-03-08 22:25:31,432 - DEBUG - matplotlib data path: C:\Users\rakes\AppData\Roaming\Python\Python314\site-packages\matplotlib\mpl-data
2026-03-08 22:25:31,441 - DEBUG - CONFIGDIR=C:\Users\rakes\.matplotlib
2026-03-08 22:25:31,444 - DEBUG - interactive is False
2026-03-08 22:25:31,445 - DEBUG - platform is win32
2026-03-08 22:25:31,467 - INFO - All required packages are installed
2026-03-08 22:25:31,467 - INFO - Python path: ['d:\\T.F.N Billing', 'C:\\Python314\\python314.zip', 'C:\\Python314\\DLLs', 'C:\\Python314\\Lib', 'C:\\Python314', 'C:\\Users\\rakes\\AppData\\Roaming\\Python\\Python314\\site-packages', 'C:\\Python314\\Lib\\site-packages']
2026-03-08 22:25:31,467 - INFO - Current directory: d:\T.F.N Billing
2026-03-08 22:25:31,468 - INFO - Directory contents: ['.git', 'app.spec', 'app_ctk.py', 'app_eel.py', 'assets', 'backend.py', 'build', 'build.bat', 'customers.json', 'dist', 'dist.zip', 'invoice_log.json', 'invoice_tracker.json', 'launcher.py', 'launcher.spec', 'logs', 'main.py', 'output_invoices', 'README.md', 'requirements.txt', 'static', 'templates', 'tfn_billing_debug.log', 'Thunderstorm Bill Generator.spec', 'users.json', 'web', '__pycache__']
2026-03-08 22:25:31,468 - INFO - Importing main module
2026-03-08 22:25:31,743 - DEBUG - CACHEDIR=C:\Users\rakes\.matplotlib
2026-03-08 22:25:31,747 - DEBUG - Using fontManager instance from C:\Users\rakes\.matplotlib\fontlist-v390.json
2026-03-08 22:25:32,090 - INFO - Starting main application
2026-03-08 22:25:32,090 - INFO - Starting application
2026-03-08 22:25:32,091 - INFO - Initializing main application window
2026-03-08 22:25:32,196 - INFO - Created output_invoices directory
2026-03-08 22:25:32,207 - DEBUG - STREAM b'IHDR' 16 13
2026-03-08 22:25:32,207 - DEBUG - STREAM b'PLTE' 41 108
2026-03-08 22:25:32,207 - DEBUG - STREAM b'tRNS' 161 35
2026-03-08 22:25:32,207 - DEBUG - STREAM b'IDAT' 208 5693
2026-03-08 22:25:32,239 - INFO - Successfully set app icon from PNG
2026-03-08 22:25:32,287 - INFO - Successfully set app icon from ICO
2026-03-08 22:25:32,301 - INFO - Showing login window
2026-03-08 22:25:32,302 - DEBUG - Entering function: login_window
2026-03-08 22:25:32,302 - INFO - Creating login window
2026-03-08 22:25:32,325 - DEBUG - Login window icon set successfully
2026-03-08 22:25:32,326 - DEBUG - Login window centered on screen
2026-03-08 22:25:32,356 - DEBUG - Exiting function: login_window
2026-03-08 22:25:32,356 - INFO - Starting main event loop
2026-03-08 22:26:02,950 - INFO - Application closed from login window
2026-03-08 22:27:17,038 - INFO - Starting TFN Billing application
2026-03-08 22:27:17,038 - INFO - Initializing directories and files
2026-03-08 22:27:17,039 - INFO - Application directory: d:\T.F.N Billing
2026-03-08 22:27:17,039 - INFO - Changed working directory to: d:\T.F.N Billing
2026-03-08 22:27:18,006 - DEBUG - matplotlib data path: C:\Users\rakes\AppData\Roaming\Python\Python314\site-packages\matplotlib\mpl-data
2026-03-08 22:27:18,015 - DEBUG - CONFIGDIR=C:\Users\rakes\.matplotlib
2026-03-08 22:27:18,017 - DEBUG - interactive is False
2026-03-08 22:27:18,017 - DEBUG - platform is win32
2026-03-08 22:27:18,038 - INFO - All required packages are installed
2026-03-08 22:27:18,038 - INFO - Python path: ['d:\\T.F.N Billing', 'C:\\Python314\\python314.zip', 'C:\\Python314\\DLLs', 'C:\\Python314\\Lib', 'C:\\Python314', 'C:\\Users\\rakes\\AppData\\Roaming\\Python\\Python314\\site-packages', 'C:\\Python314\\Lib\\site-packages']
2026-03-08 22:27:18,038 - INFO - Current directory: d:\T.F.N Billing
2026-03-08 22:27:18,038 - INFO - Directory contents: ['.git', 'app.spec', 'app_ctk.py', 'app_eel.py', 'assets', 'backend.py', 'build', 'build.bat', 'customers.json', 'dist', 'dist.zip', 'invoice_log.json', 'invoice_tracker.json', 'launcher.py', 'launcher.spec', 'logs', 'main.py', 'output_invoices', 'README.md', 'requirements.txt', 'static', 'templates', 'tfn_billing_debug.log', 'Thunderstorm Bill Generator.spec', 'users.json', 'web', '__pycache__']
2026-03-08 22:27:18,038 - INFO - Importing main module
2026-03-08 22:27:18,397 - DEBUG - CACHEDIR=C:\Users\rakes\.matplotlib
2026-03-08 22:27:18,402 - DEBUG - Using fontManager instance from C:\Users\rakes\.matplotlib\fontlist-v390.json
2026-03-08 22:27:18,777 - INFO - Starting main application
2026-03-08 22:27:18,777 - INFO - Starting application
2026-03-08 22:27:18,778 - INFO - Initializing main application window
2026-03-08 22:27:18,873 - INFO - Created output_invoices directory
2026-03-08 22:27:18,881 - DEBUG - STREAM b'IHDR' 16 13
2026-03-08 22:27:18,882 - DEBUG - STREAM b'PLTE' 41 108
2026-03-08 22:27:18,882 - DEBUG - STREAM b'tRNS' 161 35
2026-03-08 22:27:18,882 - DEBUG - STREAM b'IDAT' 208 5693
2026-03-08 22:27:18,914 - INFO - Successfully set app icon from PNG
2026-03-08 22:27:18,965 - INFO - Successfully set app icon from ICO
2026-03-08 22:27:18,975 - INFO - Showing login window
2026-03-08 22:27:18,976 - DEBUG - Entering function: login_window
2026-03-08 22:27:18,976 - INFO - Creating login window
2026-03-08 22:27:19,007 - DEBUG - Login window icon set successfully
2026-03-08 22:27:19,007 - DEBUG - Login window centered on screen
2026-03-08 22:27:19,024 - DEBUG - Exiting function: login_window
2026-03-08 22:27:19,024 - INFO - Starting main event loop
2026-03-08 22:27:22,096 - INFO - Login attempt for user: admin
2026-03-08 22:27:22,097 - WARNING - Failed login attempt for user: admin
2026-03-08 22:27:23,740 - INFO - Login attempt for user: admin
2026-03-08 22:27:23,740 - INFO - Successful login for user: admin with role: admin
2026-03-08 22:27:23,793 - DEBUG - STREAM b'IHDR' 16 13
2026-03-08 22:27:23,793 - DEBUG - STREAM b'PLTE' 41 108
2026-03-08 22:27:23,793 - DEBUG - STREAM b'tRNS' 161 35
2026-03-08 22:27:23,793 - DEBUG - STREAM b'IDAT' 208 5693
2026-03-08 22:27:24,318 - DEBUG - Entering function: load_customers
2026-03-08 22:27:24,318 - DEBUG - Loading customers from: customers.json
2026-03-08 22:27:24,319 - DEBUG - Loaded 2 customers
2026-03-08 22:27:24,319 - DEBUG - Exiting function: load_customers
2026-03-08 22:27:24,355 - DEBUG - Entering function: __init__
2026-03-08 22:27:24,358 - DEBUG - Entering function: set_date
2026-03-08 22:27:24,358 - DEBUG - Set date from datetime object: 2026-03-08 22:27:24.355434
2026-03-08 22:27:24,358 - DEBUG - Exiting function: set_date
2026-03-08 22:27:24,358 - DEBUG - Initialized CustomDateEntry widget
2026-03-08 22:27:24,358 - DEBUG - Exiting function: __init__
2026-03-08 22:27:24,359 - DEBUG - Entering function: __init__
2026-03-08 22:27:24,360 - DEBUG - Entering function: set_date
2026-03-08 22:27:24,360 - DEBUG - Set date from datetime object: 2026-03-08 22:27:24.359616
2026-03-08 22:27:24,360 - DEBUG - Exiting function: set_date
2026-03-08 22:27:24,360 - DEBUG - Initialized CustomDateEntry widget
2026-03-08 22:27:24,360 - DEBUG - Exiting function: __init__
2026-03-08 22:28:07,536 - INFO - Starting TFN Billing application
2026-03-08 22:28:07,536 - INFO - Initializing directories and files
2026-03-08 22:28:07,536 - INFO - Application directory: d:\T.F.N Billing
2026-03-08 22:28:07,536 - INFO - Changed working directory to: d:\T.F.N Billing
2026-03-08 22:28:08,456 - INFO - All required packages are installed
2026-03-08 22:28:08,456 - INFO - Python path: ['d:\\T.F.N Billing', 'C:\\Python314\\python314.zip', 'C:\\Python314\\DLLs', 'C:\\Python314\\Lib', 'C:\\Python314', 'C:\\Users\\rakes\\AppData\\Roaming\\Python\\Python314\\site-packages', 'C:\\Python314\\Lib\\site-packages']
2026-03-08 22:28:08,456 - INFO - Current directory: d:\T.F.N Billing
2026-03-08 22:28:08,456 - INFO - Directory contents: ['.git', 'app.spec', 'app_ctk.py', 'app_eel.py', 'assets', 'backend.py', 'build', 'build.bat', 'customers.json', 'dist', 'dist.zip', 'invoice_log.json', 'invoice_tracker.json', 'launcher.py', 'launcher.spec', 'logs', 'main.py', 'output_invoices', 'README.md', 'requirements.txt', 'static', 'templates', 'tfn_billing_debug.log', 'Thunderstorm Bill Generator.spec', 'users.json', 'web', '__pycache__']
2026-03-08 22:28:08,456 - INFO - Importing app_eel module
2026-03-08 22:28:08,843 - INFO - Starting main application
2026-03-08 22:28:09,501 - DEBUG - Initializing WebSocket
2026-03-08 22:28:09,502 - DEBUG - Validating WebSocket request
2026-03-08 22:28:09,503 - INFO - 127.0.0.1 - - [2026-03-08 22:28:09] "GET /index.html HTTP/1.1" 200 19596 0.001836
2026-03-08 22:28:09,616 - DEBUG - Initializing WebSocket
2026-03-08 22:28:09,617 - DEBUG - Validating WebSocket request
2026-03-08 22:28:09,619 - INFO - 127.0.0.1 - - [2026-03-08 22:28:09] "GET /static/style.css HTTP/1.1" 200 20180 0.002351
2026-03-08 22:28:09,621 - DEBUG - Initializing WebSocket
2026-03-08 22:28:09,622 - DEBUG - Validating WebSocket request
2026-03-08 22:28:09,623 - INFO - 127.0.0.1 - - [2026-03-08 22:28:09] "GET /eel.js HTTP/1.1" 200 6176 0.001977
2026-03-08 22:28:09,629 - DEBUG - Initializing WebSocket
2026-03-08 22:28:09,629 - DEBUG - Validating WebSocket request
2026-03-08 22:28:09,637 - INFO - 127.0.0.1 - - [2026-03-08 22:28:09] "GET /static/assets/logo.png HTTP/1.1" 404 894 0.008941
2026-03-08 22:28:09,741 - DEBUG - Initializing WebSocket
2026-03-08 22:28:09,742 - DEBUG - Validating WebSocket request
2026-03-08 22:28:09,744 - INFO - 127.0.0.1 - - [2026-03-08 22:28:09] "GET /static/script.js HTTP/1.1" 200 16152 0.002093
2026-03-08 22:28:10,218 - DEBUG - Initializing WebSocket
2026-03-08 22:28:10,218 - DEBUG - Validating WebSocket request
2026-03-08 22:28:10,218 - DEBUG - Attempting to upgrade connection
2026-03-08 22:28:10,218 - DEBUG - WebSocket request accepted, switching protocols
2026-03-08 22:28:10,822 - DEBUG - Initializing WebSocket
2026-03-08 22:28:10,823 - DEBUG - Validating WebSocket request
2026-03-08 22:28:10,824 - INFO - 127.0.0.1 - - [2026-03-08 22:28:10] "GET /favicon.ico HTTP/1.1" 404 883 0.001799
2026-03-08 22:28:14,242 - DEBUG - Starting new HTTPS connection (1): google.com:443
2026-03-08 22:28:14,919 - DEBUG - https://google.com:443 "GET / HTTP/1.1" 301 220
2026-03-08 22:28:14,922 - DEBUG - Starting new HTTPS connection (1): www.google.com:443
2026-03-08 22:28:15,675 - DEBUG - https://www.google.com:443 "GET / HTTP/1.1" 200 None
2026-03-08 22:29:15,590 - DEBUG - Closed WebSocket
2026-03-08 22:29:15,591 - DEBUG - Failed to write closing frame -> closing socket
2026-03-08 22:29:15,591 - DEBUG - Closed WebSocket
2026-03-08 22:29:35,811 - INFO - Starting TFN Billing application
2026-03-08 22:29:35,811 - INFO - Initializing directories and files
2026-03-08 22:29:35,811 - INFO - Application directory: d:\T.F.N Billing
2026-03-08 22:29:35,811 - INFO - Changed working directory to: d:\T.F.N Billing
2026-03-08 22:29:36,726 - INFO - All required packages are installed
2026-03-08 22:29:36,726 - INFO - Python path: ['d:\\T.F.N Billing', 'C:\\Python314\\python314.zip', 'C:\\Python314\\DLLs', 'C:\\Python314\\Lib', 'C:\\Python314', 'C:\\Users\\rakes\\AppData\\Roaming\\Python\\Python314\\site-packages', 'C:\\Python314\\Lib\\site-packages']
2026-03-08 22:29:36,726 - INFO - Current directory: d:\T.F.N Billing
2026-03-08 22:29:36,726 - INFO - Directory contents: ['.git', 'app.spec', 'app_ctk.py', 'app_eel.py', 'assets', 'backend.py', 'build', 'build.bat', 'customers.json', 'dist', 'dist.zip', 'invoice_log.json', 'invoice_tracker.json', 'launcher.py', 'launcher.spec', 'logs', 'main.py', 'output_invoices', 'README.md', 'requirements.txt', 'static', 'templates', 'tfn_billing_debug.log', 'Thunderstorm Bill Generator.spec', 'users.json', 'web', '__pycache__']
2026-03-08 22:29:36,726 - INFO - Importing app_eel module
2026-03-08 22:29:37,048 - INFO - Starting main application
2026-03-08 22:29:37,658 - DEBUG - Initializing WebSocket
2026-03-08 22:29:37,658 - DEBUG - Validating WebSocket request
2026-03-08 22:29:37,659 - INFO - 127.0.0.1 - - [2026-03-08 22:29:37] "GET /index.html HTTP/1.1" 200 19596 0.001309
2026-03-08 22:29:37,718 - DEBUG - Initializing WebSocket
2026-03-08 22:29:37,718 - DEBUG - Validating WebSocket request
2026-03-08 22:29:37,719 - INFO - 127.0.0.1 - - [2026-03-08 22:29:37] "GET /static/style.css HTTP/1.1" 200 20180 0.001730
2026-03-08 22:29:37,720 - DEBUG - Initializing WebSocket
2026-03-08 22:29:37,721 - DEBUG - Validating WebSocket request
2026-03-08 22:29:37,721 - INFO - 127.0.0.1 - - [2026-03-08 22:29:37] "GET /eel.js HTTP/1.1" 200 6176 0.000970
2026-03-08 22:29:37,729 - DEBUG - Initializing WebSocket
2026-03-08 22:29:37,729 - DEBUG - Validating WebSocket request
2026-03-08 22:29:37,733 - INFO - 127.0.0.1 - - [2026-03-08 22:29:37] "GET /static/assets/logo.png HTTP/1.1" 404 894 0.004103
2026-03-08 22:29:37,798 - DEBUG - Initializing WebSocket
2026-03-08 22:29:37,798 - DEBUG - Validating WebSocket request
2026-03-08 22:29:37,799 - INFO - 127.0.0.1 - - [2026-03-08 22:29:37] "GET /static/script.js HTTP/1.1" 200 16152 0.001225
2026-03-08 22:29:38,263 - DEBUG - Initializing WebSocket
2026-03-08 22:29:38,263 - DEBUG - Validating WebSocket request
2026-03-08 22:29:38,263 - DEBUG - Attempting to upgrade connection
2026-03-08 22:29:38,263 - DEBUG - WebSocket request accepted, switching protocols
2026-03-08 22:29:38,532 - DEBUG - Initializing WebSocket
2026-03-08 22:29:38,532 - DEBUG - Validating WebSocket request
2026-03-08 22:29:38,533 - INFO - 127.0.0.1 - - [2026-03-08 22:29:38] "GET /favicon.ico HTTP/1.1" 404 883 0.001549
2026-03-08 22:31:30,219 - DEBUG - Closed WebSocket
2026-03-08 22:31:30,220 - DEBUG - Failed to write closing frame -> closing socket
2026-03-08 22:31:30,220 - DEBUG - Closed WebSocket
2026-03-08 22:34:05,107 - INFO - Starting TFN Billing application
2026-03-08 22:34:05,108 - INFO - Initializing directories and files
2026-03-08 22:34:05,108 - INFO - Application directory: d:\T.F.N Billing
2026-03-08 22:34:05,109 - INFO - Changed working directory to: d:\T.F.N Billing
2026-03-08 22:34:07,530 - INFO - All required packages are installed
2026-03-08 22:34:07,531 - INFO - Python path: ['d:\\T.F.N Billing', 'C:\\Python314\\python314.zip', 'C:\\Python314\\DLLs', 'C:\\Python314\\Lib', 'C:\\Python314', 'C:\\Users\\rakes\\AppData\\Roaming\\Python\\Python314\\site-packages', 'C:\\Python314\\Lib\\site-packages']
2026-03-08 22:34:07,531 - INFO - Current directory: d:\T.F.N Billing
2026-03-08 22:34:07,531 - INFO - Directory contents: ['.git', 'app.spec', 'app_ctk.py', 'app_eel.py', 'assets', 'backend.py', 'build', 'build.bat', 'customers.json', 'dist', 'dist.zip', 'invoice_log.json', 'invoice_tracker.json', 'launcher.py', 'launcher.spec', 'logs', 'main.py', 'output_invoices', 'README.md', 'requirements.txt', 'static', 'templates', 'tfn_billing_debug.log', 'Thunderstorm Bill Generator.spec', 'users.json', 'web', '__pycache__']
2026-03-08 22:34:07,531 - INFO - Importing app_eel module
2026-03-08 22:34:08,184 - INFO - Starting main application
2026-03-08 22:34:09,118 - DEBUG - Initializing WebSocket
2026-03-08 22:34:09,118 - DEBUG - Validating WebSocket request
2026-03-08 22:34:09,121 - INFO - 127.0.0.1 - - [2026-03-08 22:34:09] "GET /index.html HTTP/1.1" 200 19596 0.003514
2026-03-08 22:34:09,234 - DEBUG - Initializing WebSocket
2026-03-08 22:34:09,235 - DEBUG - Validating WebSocket request
2026-03-08 22:34:09,238 - INFO - 127.0.0.1 - - [2026-03-08 22:34:09] "GET /static/style.css HTTP/1.1" 200 20180 0.004559
2026-03-08 22:34:09,240 - DEBUG - Initializing WebSocket
2026-03-08 22:34:09,240 - DEBUG - Validating WebSocket request
2026-03-08 22:34:09,241 - INFO - 127.0.0.1 - - [2026-03-08 22:34:09] "GET /eel.js HTTP/1.1" 200 6176 0.001212
2026-03-08 22:34:09,252 - DEBUG - Initializing WebSocket
2026-03-08 22:34:09,252 - DEBUG - Validating WebSocket request
2026-03-08 22:34:09,259 - INFO - 127.0.0.1 - - [2026-03-08 22:34:09] "GET /static/assets/logo.png HTTP/1.1" 404 894 0.007068
2026-03-08 22:34:09,385 - DEBUG - Initializing WebSocket
2026-03-08 22:34:09,386 - DEBUG - Validating WebSocket request
2026-03-08 22:34:09,389 - INFO - 127.0.0.1 - - [2026-03-08 22:34:09] "GET /static/script.js HTTP/1.1" 200 16152 0.003234
2026-03-08 22:34:10,003 - DEBUG - Initializing WebSocket
2026-03-08 22:34:10,003 - DEBUG - Validating WebSocket request
2026-03-08 22:34:10,003 - DEBUG - Attempting to upgrade connection
2026-03-08 22:34:10,003 - DEBUG - WebSocket request accepted, switching protocols
2026-03-08 22:34:10,541 - DEBUG - Initializing WebSocket
2026-03-08 22:34:10,542 - DEBUG - Validating WebSocket request
2026-03-08 22:34:10,543 - INFO - 127.0.0.1 - - [2026-03-08 22:34:10] "GET /favicon.ico HTTP/1.1" 404 883 0.001631
2026-03-08 22:35:17,396 - DEBUG - Closed WebSocket
2026-03-08 22:35:17,397 - DEBUG - Failed to write closing frame -> closing socket
2026-03-08 22:35:17,397 - DEBUG - Closed WebSocket
2026-03-08 22:36:27,978 - INFO - Starting TFN Billing application
2026-03-08 22:36:27,978 - INFO - Initializing directories and files
2026-03-08 22:36:27,978 - INFO - Application directory: d:\T.F.N Billing
2026-03-08 22:36:27,979 - INFO - Changed working directory to: d:\T.F.N Billing
2026-03-08 22:36:29,595 - INFO - All required packages are installed
2026-03-08 22:36:29,596 - INFO - Python path: ['d:\\T.F.N Billing', 'C:\\Python314\\python314.zip', 'C:\\Python314\\DLLs', 'C:\\Python314\\Lib', 'C:\\Python314', 'C:\\Users\\rakes\\AppData\\Roaming\\Python\\Python314\\site-packages', 'C:\\Python314\\Lib\\site-packages']
2026-03-08 22:36:29,596 - INFO - Current directory: d:\T.F.N Billing
2026-03-08 22:36:29,596 - INFO - Directory contents: ['.git', 'app.spec', 'app_ctk.py', 'app_eel.py', 'assets', 'backend.py', 'build', 'build.bat', 'customers.json', 'dist', 'dist.zip', 'invoice_log.json', 'invoice_tracker.json', 'launcher.py', 'launcher.spec', 'logs', 'main.py', 'output_invoices', 'README.md', 'requirements.txt', 'static', 'templates', 'tfn_billing_debug.log', 'Thunderstorm Bill Generator.spec', 'users.json', 'web', '__pycache__']
2026-03-08 22:36:29,596 - INFO - Importing app_eel module
2026-03-08 22:36:30,200 - INFO - Starting main application
2026-03-08 22:36:30,863 - DEBUG - Initializing WebSocket
2026-03-08 22:36:30,863 - DEBUG - Validating WebSocket request
2026-03-08 22:36:30,865 - INFO - 127.0.0.1 - - [2026-03-08 22:36:30] "GET /index.html HTTP/1.1" 200 19596 0.002371
2026-03-08 22:36:30,973 - DEBUG - Initializing WebSocket
2026-03-08 22:36:30,973 - DEBUG - Validating WebSocket request
2026-03-08 22:36:30,978 - INFO - 127.0.0.1 - - [2026-03-08 22:36:30] "GET /static/style.css HTTP/1.1" 200 20180 0.004582
2026-03-08 22:36:30,979 - DEBUG - Initializing WebSocket
2026-03-08 22:36:30,980 - DEBUG - Validating WebSocket request
2026-03-08 22:36:30,981 - INFO - 127.0.0.1 - - [2026-03-08 22:36:30] "GET /eel.js HTTP/1.1" 200 6176 0.001403
2026-03-08 22:36:30,997 - DEBUG - Initializing WebSocket
2026-03-08 22:36:30,997 - DEBUG - Validating WebSocket request
2026-03-08 22:36:31,003 - INFO - 127.0.0.1 - - [2026-03-08 22:36:31] "GET /static/assets/logo.png HTTP/1.1" 404 894 0.006256
2026-03-08 22:36:31,140 - DEBUG - Initializing WebSocket
2026-03-08 22:36:31,140 - DEBUG - Validating WebSocket request
2026-03-08 22:36:31,141 - INFO - 127.0.0.1 - - [2026-03-08 22:36:31] "GET /static/script.js HTTP/1.1" 200 16152 0.001576
2026-03-08 22:36:31,611 - DEBUG - Initializing WebSocket
2026-03-08 22:36:31,611 - DEBUG - Validating WebSocket request
2026-03-08 22:36:31,611 - DEBUG - Attempting to upgrade connection
2026-03-08 22:36:31,612 - DEBUG - WebSocket request accepted, switching protocols
2026-03-08 22:36:32,029 - DEBUG - Initializing WebSocket
2026-03-08 22:36:32,029 - DEBUG - Validating WebSocket request
2026-03-08 22:36:32,031 - INFO - 127.0.0.1 - - [2026-03-08 22:36:32] "GET /favicon.ico HTTP/1.1" 404 883 0.001778
2026-03-08 22:42:35,236 - INFO - Starting TFN Billing application
2026-03-08 22:42:35,237 - INFO - Initializing directories and files
2026-03-08 22:42:35,237 - INFO - Application directory: d:\T.F.N Billing
2026-03-08 22:42:35,237 - INFO - Changed working directory to: d:\T.F.N Billing
2026-03-08 22:42:36,629 - INFO - All required packages are installed
2026-03-08 22:42:36,629 - INFO - Python path: ['d:\\T.F.N Billing', 'C:\\Python314\\python314.zip', 'C:\\Python314\\DLLs', 'C:\\Python314\\Lib', 'C:\\Python314', 'C:\\Users\\rakes\\AppData\\Roaming\\Python\\Python314\\site-packages', 'C:\\Python314\\Lib\\site-packages']
2026-03-08 22:42:36,629 - INFO - Current directory: d:\T.F.N Billing
2026-03-08 22:42:36,630 - INFO - Directory contents: ['.git', 'app.spec', 'app_ctk.py', 'app_eel.py', 'assets', 'backend.py', 'build', 'build.bat', 'customers.json', 'dist', 'dist.zip', 'invoice_log.json', 'invoice_tracker.json', 'launcher.py', 'launcher.spec', 'logs', 'main.py', 'output_invoices', 'README.md', 'requirements.txt', 'static', 'templates', 'tfn_billing_debug.log', 'Thunderstorm Bill Generator.spec', 'users.json', 'web', '__pycache__']
2026-03-08 22:42:36,630 - INFO - Importing app_eel module
2026-03-08 22:42:37,025 - INFO - Starting main application
2026-03-08 22:42:37,656 - DEBUG - Initializing WebSocket
2026-03-08 22:42:37,656 - DEBUG - Validating WebSocket request
2026-03-08 22:42:37,658 - INFO - 127.0.0.1 - - [2026-03-08 22:42:37] "GET /index.html HTTP/1.1" 200 19596 0.001602
2026-03-08 22:42:37,741 - DEBUG - Initializing WebSocket
2026-03-08 22:42:37,741 - DEBUG - Validating WebSocket request
2026-03-08 22:42:37,746 - INFO - 127.0.0.1 - - [2026-03-08 22:42:37] "GET /static/style.css HTTP/1.1" 200 20180 0.004815
2026-03-08 22:42:37,748 - DEBUG - Initializing WebSocket
2026-03-08 22:42:37,748 - DEBUG - Validating WebSocket request
2026-03-08 22:42:37,753 - INFO - 127.0.0.1 - - [2026-03-08 22:42:37] "GET /eel.js HTTP/1.1" 200 6176 0.004953
2026-03-08 22:42:37,760 - DEBUG - Initializing WebSocket
2026-03-08 22:42:37,760 - DEBUG - Validating WebSocket request
2026-03-08 22:42:37,766 - INFO - 127.0.0.1 - - [2026-03-08 22:42:37] "GET /static/assets/logo.png HTTP/1.1" 404 894 0.006104
2026-03-08 22:42:37,882 - DEBUG - Initializing WebSocket
2026-03-08 22:42:37,882 - DEBUG - Validating WebSocket request
2026-03-08 22:42:37,885 - INFO - 127.0.0.1 - - [2026-03-08 22:42:37] "GET /static/script.js HTTP/1.1" 200 16152 0.003338
2026-03-08 22:42:38,332 - DEBUG - Initializing WebSocket
2026-03-08 22:42:38,333 - DEBUG - Validating WebSocket request
2026-03-08 22:42:38,333 - DEBUG - Attempting to upgrade connection
2026-03-08 22:42:38,333 - DEBUG - WebSocket request accepted, switching protocols
2026-03-08 22:42:38,736 - DEBUG - Initializing WebSocket
2026-03-08 22:42:38,736 - DEBUG - Validating WebSocket request
2026-03-08 22:42:38,737 - INFO - 127.0.0.1 - - [2026-03-08 22:42:38] "GET /favicon.ico HTTP/1.1" 404 883 0.001005
2026-03-08 22:42:59,776 - DEBUG - STREAM b'IHDR' 16 13
2026-03-08 22:42:59,777 - DEBUG - STREAM b'PLTE' 41 108
2026-03-08 22:42:59,778 - DEBUG - STREAM b'tRNS' 161 35
2026-03-08 22:42:59,778 - DEBUG - STREAM b'IDAT' 208 5693
2026-03-08 22:42:59,782 - DEBUG - STREAM b'IHDR' 16 13
2026-03-08 22:42:59,782 - DEBUG - STREAM b'PLTE' 41 108
2026-03-08 22:42:59,782 - DEBUG - STREAM b'tRNS' 161 35
2026-03-08 22:42:59,782 - DEBUG - STREAM b'IDAT' 208 5693
2026-03-08 22:42:59,783 - DEBUG - STREAM b'IHDR' 16 13
2026-03-08 22:42:59,783 - DEBUG - STREAM b'PLTE' 41 108
2026-03-08 22:42:59,783 - DEBUG - STREAM b'tRNS' 161 35
2026-03-08 22:42:59,784 - DEBUG - STREAM b'IDAT' 208 5693
2026-03-08 22:42:59,799 - DEBUG - STREAM b'IHDR' 16 13
2026-03-08 22:42:59,800 - DEBUG - STREAM b'PLTE' 41 108
2026-03-08 22:42:59,800 - DEBUG - STREAM b'tRNS' 161 35
2026-03-08 22:42:59,800 - DEBUG - STREAM b'IDAT' 208 5693
2026-03-08 22:44:08,403 - DEBUG - Closed WebSocket
2026-03-08 22:44:08,403 - DEBUG - Failed to write closing frame -> closing socket
2026-03-08 22:44:08,404 - DEBUG - Closed WebSocket
2026-03-08 22:44:09,414 - DEBUG - Closed WebSocket
2026-03-08 22:44:09,422 - DEBUG - Failed to write closing frame -> closing socket
2026-03-08 22:44:09,422 - DEBUG - Closed WebSocket
2026-03-08 22:46:11,529 - INFO - Starting TFN Billing application
2026-03-08 22:46:11,529 - INFO - Initializing directories and files
2026-03-08 22:46:11,529 - INFO - Application directory: d:\T.F.N Billing
2026-03-08 22:46:11,529 - INFO - Changed working directory to: d:\T.F.N Billing
2026-03-08 22:46:12,460 - INFO - All required packages are installed
2026-03-08 22:46:12,460 - INFO - Python path: ['d:\\T.F.N Billing', 'C:\\Python314\\python314.zip', 'C:\\Python314\\DLLs', 'C:\\Python314\\Lib', 'C:\\Python314', 'C:\\Users\\rakes\\AppData\\Roaming\\Python\\Python314\\site-packages', 'C:\\Python314\\Lib\\site-packages']
2026-03-08 22:46:12,460 - INFO - Current directory: d:\T.F.N Billing
2026-03-08 22:46:12,460 - INFO - Directory contents: ['.git', 'app.spec', 'app_ctk.py', 'app_eel.py', 'assets', 'backend.py', 'build', 'build.bat', 'customers.json', 'dist', 'dist.zip', 'invoice_log.json', 'invoice_tracker.json', 'launcher.py', 'launcher.spec', 'logs', 'main.py', 'output_invoices', 'README.md', 'requirements.txt', 'static', 'templates', 'tfn_billing_debug.log', 'Thunderstorm Bill Generator.spec', 'users.json', 'web', '__pycache__']
2026-03-08 22:46:12,460 - INFO - Importing app_eel module
2026-03-08 22:46:12,826 - INFO - Starting main application
2026-03-08 22:46:13,397 - DEBUG - Initializing WebSocket
2026-03-08 22:46:13,397 - DEBUG - Validating WebSocket request
2026-03-08 22:46:13,398 - INFO - 127.0.0.1 - - [2026-03-08 22:46:13] "GET /index.html HTTP/1.1" 200 19596 0.001090
2026-03-08 22:46:13,481 - DEBUG - Initializing WebSocket
2026-03-08 22:46:13,481 - DEBUG - Validating WebSocket request
2026-03-08 22:46:13,484 - INFO - 127.0.0.1 - - [2026-03-08 22:46:13] "GET /static/style.css HTTP/1.1" 200 20180 0.002771
2026-03-08 22:46:13,487 - DEBUG - Initializing WebSocket
2026-03-08 22:46:13,487 - DEBUG - Validating WebSocket request
2026-03-08 22:46:13,488 - INFO - 127.0.0.1 - - [2026-03-08 22:46:13] "GET /eel.js HTTP/1.1" 200 6176 0.001800
2026-03-08 22:46:13,498 - DEBUG - Initializing WebSocket
2026-03-08 22:46:13,498 - DEBUG - Validating WebSocket request
2026-03-08 22:46:13,503 - INFO - 127.0.0.1 - - [2026-03-08 22:46:13] "GET /static/assets/logo.png HTTP/1.1" 404 894 0.005513
2026-03-08 22:46:13,636 - DEBUG - Initializing WebSocket
2026-03-08 22:46:13,637 - DEBUG - Validating WebSocket request
2026-03-08 22:46:13,638 - INFO - 127.0.0.1 - - [2026-03-08 22:46:13] "GET /static/script.js HTTP/1.1" 200 16152 0.002171
2026-03-08 22:46:14,135 - DEBUG - Initializing WebSocket
2026-03-08 22:46:14,135 - DEBUG - Validating WebSocket request
2026-03-08 22:46:14,135 - DEBUG - Attempting to upgrade connection
2026-03-08 22:46:14,135 - DEBUG - WebSocket request accepted, switching protocols
2026-03-08 22:46:14,437 - DEBUG - Initializing WebSocket
2026-03-08 22:46:14,438 - DEBUG - Validating WebSocket request
2026-03-08 22:46:14,439 - INFO - 127.0.0.1 - - [2026-03-08 22:46:14] "GET /favicon.ico HTTP/1.1" 404 883 0.001505
2026-03-08 22:46:34,873 - DEBUG - STREAM b'IHDR' 16 13
2026-03-08 22:46:34,874 - DEBUG - STREAM b'PLTE' 41 108
2026-03-08 22:46:34,874 - DEBUG - STREAM b'tRNS' 161 35
2026-03-08 22:46:34,874 - DEBUG - STREAM b'IDAT' 208 5693
2026-03-08 22:46:34,878 - DEBUG - STREAM b'IHDR' 16 13
2026-03-08 22:46:34,879 - DEBUG - STREAM b'PLTE' 41 108
2026-03-08 22:46:34,879 - DEBUG - STREAM b'tRNS' 161 35
2026-03-08 22:46:34,879 - DEBUG - STREAM b'IDAT' 208 5693
2026-03-08 22:46:34,880 - DEBUG - STREAM b'IHDR' 16 13
2026-03-08 22:46:34,880 - DEBUG - STREAM b'PLTE' 41 108
2026-03-08 22:46:34,880 - DEBUG - STREAM b'tRNS' 161 35
2026-03-08 22:46:34,880 - DEBUG - STREAM b'IDAT' 208 5693
2026-03-08 22:46:34,891 - DEBUG - STREAM b'IHDR' 16 13
2026-03-08 22:46:34,892 - DEBUG - STREAM b'PLTE' 41 108
2026-03-08 22:46:34,892 - DEBUG - STREAM b'tRNS' 161 35
2026-03-08 22:46:34,892 - DEBUG - STREAM b'IDAT' 208 5693
2026-03-08 22:47:36,496 - DEBUG - Closed WebSocket
2026-03-08 22:47:36,497 - DEBUG - Failed to write closing frame -> closing socket
2026-03-08 22:47:36,497 - DEBUG - Closed WebSocket
2026-03-08 22:50:03,932 - INFO - Starting TFN Billing application
2026-03-08 22:50:03,932 - INFO - Initializing directories and files
2026-03-08 22:50:03,932 - INFO - Application directory: d:\T.F.N Billing
2026-03-08 22:50:03,932 - INFO - Changed working directory to: d:\T.F.N Billing
2026-03-08 22:50:04,882 - INFO - All required packages are installed
2026-03-08 22:50:04,882 - INFO - Python path: ['d:\\T.F.N Billing', 'C:\\Python314\\python314.zip', 'C:\\Python314\\DLLs', 'C:\\Python314\\Lib', 'C:\\Python314', 'C:\\Users\\rakes\\AppData\\Roaming\\Python\\Python314\\site-packages', 'C:\\Python314\\Lib\\site-packages']
2026-03-08 22:50:04,882 - INFO - Current directory: d:\T.F.N Billing
2026-03-08 22:50:04,882 - INFO - Directory contents: ['.git', 'app.spec', 'app_ctk.py', 'app_eel.py', 'assets', 'backend.py', 'build', 'build.bat', 'customers.json', 'dist', 'dist.zip', 'invoice_log.json', 'invoice_tracker.json', 'launcher.py', 'launcher.spec', 'logs', 'main.py', 'output_invoices', 'README.md', 'requirements.txt', 'static', 'templates', 'tfn_billing_debug.log', 'Thunderstorm Bill Generator.spec', 'users.json', 'web', '__pycache__']
2026-03-08 22:50:04,882 - INFO - Importing app_eel module
2026-03-08 22:50:05,222 - INFO - Starting main application
2026-03-08 22:50:05,863 - DEBUG - Initializing WebSocket
2026-03-08 22:50:05,863 - DEBUG - Validating WebSocket request
2026-03-08 22:50:05,865 - INFO - 127.0.0.1 - - [2026-03-08 22:50:05] "GET /index.html HTTP/1.1" 200 19596 0.001742
2026-03-08 22:50:05,985 - DEBUG - Initializing WebSocket
2026-03-08 22:50:05,985 - DEBUG - Validating WebSocket request
2026-03-08 22:50:05,988 - INFO - 127.0.0.1 - - [2026-03-08 22:50:05] "GET /static/style.css HTTP/1.1" 200 20232 0.002544
2026-03-08 22:50:05,992 - DEBUG - Initializing WebSocket
2026-03-08 22:50:05,992 - DEBUG - Validating WebSocket request
2026-03-08 22:50:05,993 - INFO - 127.0.0.1 - - [2026-03-08 22:50:05] "GET /eel.js HTTP/1.1" 200 6176 0.001356
2026-03-08 22:50:06,007 - DEBUG - Initializing WebSocket
2026-03-08 22:50:06,007 - DEBUG - Validating WebSocket request
2026-03-08 22:50:06,012 - INFO - 127.0.0.1 - - [2026-03-08 22:50:06] "GET /static/assets/logo.png HTTP/1.1" 404 894 0.005719
2026-03-08 22:50:06,093 - DEBUG - Initializing WebSocket
2026-03-08 22:50:06,093 - DEBUG - Validating WebSocket request
2026-03-08 22:50:06,097 - INFO - 127.0.0.1 - - [2026-03-08 22:50:06] "GET /static/script.js HTTP/1.1" 200 16152 0.003963
2026-03-08 22:50:06,576 - DEBUG - Initializing WebSocket
2026-03-08 22:50:06,576 - DEBUG - Validating WebSocket request
2026-03-08 22:50:06,576 - DEBUG - Attempting to upgrade connection
2026-03-08 22:50:06,577 - DEBUG - WebSocket request accepted, switching protocols
2026-03-08 22:50:06,917 - DEBUG - Initializing WebSocket
2026-03-08 22:50:06,917 - DEBUG - Validating WebSocket request
2026-03-08 22:50:06,919 - INFO - 127.0.0.1 - - [2026-03-08 22:50:06] "GET /favicon.ico HTTP/1.1" 404 883 0.001503
2026-03-08 22:54:23,088 - INFO - Starting TFN Billing application
2026-03-08 22:54:23,088 - INFO - Initializing directories and files
2026-03-08 22:54:23,089 - INFO - Application directory: d:\T.F.N Billing
2026-03-08 22:54:23,089 - INFO - Changed working directory to: d:\T.F.N Billing
2026-03-08 22:54:24,226 - INFO - All required packages are installed
2026-03-08 22:54:24,226 - INFO - Python path: ['d:\\T.F.N Billing', 'C:\\Python314\\python314.zip', 'C:\\Python314\\DLLs', 'C:\\Python314\\Lib', 'C:\\Python314', 'C:\\Users\\rakes\\AppData\\Roaming\\Python\\Python314\\site-packages', 'C:\\Python314\\Lib\\site-packages']
2026-03-08 22:54:24,226 - INFO - Current directory: d:\T.F.N Billing
2026-03-08 22:54:24,227 - INFO - Directory contents: ['.git', 'app.spec', 'app_ctk.py', 'app_eel.py', 'assets', 'backend.py', 'build', 'build.bat', 'customers.json', 'dist', 'dist.zip', 'invoice_log.json', 'invoice_tracker.json', 'launcher.py', 'launcher.spec', 'logs', 'main.py', 'output_invoices', 'README.md', 'requirements.txt', 'static', 'templates', 'tfn_billing_debug.log', 'Thunderstorm Bill Generator.spec', 'users.json', 'web', '__pycache__']
2026-03-08 22:54:24,227 - INFO - Importing app_eel module
2026-03-08 22:54:24,732 - INFO - Starting main application
2026-03-08 22:54:25,380 - DEBUG - Initializing WebSocket
2026-03-08 22:54:25,380 - DEBUG - Validating WebSocket request
2026-03-08 22:54:25,381 - INFO - 127.0.0.1 - - [2026-03-08 22:54:25] "GET /index.html HTTP/1.1" 200 19942 0.001255
2026-03-08 22:54:25,458 - DEBUG - Initializing WebSocket
2026-03-08 22:54:25,459 - DEBUG - Validating WebSocket request
2026-03-08 22:54:25,461 - INFO - 127.0.0.1 - - [2026-03-08 22:54:25] "GET /static/style.css HTTP/1.1" 200 20232 0.002225
2026-03-08 22:54:25,462 - DEBUG - Initializing WebSocket
2026-03-08 22:54:25,462 - DEBUG - Validating WebSocket request
2026-03-08 22:54:25,463 - INFO - 127.0.0.1 - - [2026-03-08 22:54:25] "GET /eel.js HTTP/1.1" 200 6176 0.001255
2026-03-08 22:54:25,475 - DEBUG - Initializing WebSocket
2026-03-08 22:54:25,475 - DEBUG - Validating WebSocket request
2026-03-08 22:54:25,481 - INFO - 127.0.0.1 - - [2026-03-08 22:54:25] "GET /static/assets/logo.png HTTP/1.1" 404 894 0.006137
2026-03-08 22:54:25,617 - DEBUG - Initializing WebSocket
2026-03-08 22:54:25,617 - DEBUG - Validating WebSocket request
2026-03-08 22:54:25,619 - INFO - 127.0.0.1 - - [2026-03-08 22:54:25] "GET /static/script.js HTTP/1.1" 200 16785 0.001865
2026-03-08 22:54:26,082 - DEBUG - Initializing WebSocket
2026-03-08 22:54:26,082 - DEBUG - Validating WebSocket request
2026-03-08 22:54:26,082 - DEBUG - Attempting to upgrade connection
2026-03-08 22:54:26,083 - DEBUG - WebSocket request accepted, switching protocols
2026-03-08 22:54:26,510 - DEBUG - Initializing WebSocket
2026-03-08 22:54:26,510 - DEBUG - Validating WebSocket request
2026-03-08 22:54:26,511 - INFO - 127.0.0.1 - - [2026-03-08 22:54:26] "GET /favicon.ico HTTP/1.1" 404 883 0.001350
2026-03-08 22:54:44,722 - DEBUG - STREAM b'IHDR' 16 13
2026-03-08 22:54:44,723 - DEBUG - STREAM b'PLTE' 41 108
2026-03-08 22:54:44,723 - DEBUG - STREAM b'tRNS' 161 35
2026-03-08 22:54:44,723 - DEBUG - STREAM b'IDAT' 208 5693
2026-03-08 22:54:44,731 - DEBUG - STREAM b'IHDR' 16 13
2026-03-08 22:54:44,731 - DEBUG - STREAM b'PLTE' 41 108
2026-03-08 22:54:44,732 - DEBUG - STREAM b'tRNS' 161 35
2026-03-08 22:54:44,732 - DEBUG - STREAM b'IDAT' 208 5693
2026-03-08 22:54:44,733 - DEBUG - STREAM b'IHDR' 16 13
2026-03-08 22:54:44,733 - DEBUG - STREAM b'PLTE' 41 108
2026-03-08 22:54:44,733 - DEBUG - STREAM b'tRNS' 161 35
2026-03-08 22:54:44,733 - DEBUG - STREAM b'IDAT' 208 5693
2026-03-08 22:54:44,748 - DEBUG - STREAM b'IHDR' 16 13
2026-03-08 22:54:44,748 - DEBUG - STREAM b'PLTE' 41 108
2026-03-08 22:54:44,748 - DEBUG - STREAM b'tRNS' 161 35
2026-03-08 22:54:44,748 - DEBUG - STREAM b'IDAT' 208 5693
2026-03-08 22:55:41,493 - DEBUG - STREAM b'IHDR' 16 13
2026-03-08 22:55:41,493 - DEBUG - STREAM b'PLTE' 41 108
2026-03-08 22:55:41,494 - DEBUG - STREAM b'tRNS' 161 35
2026-03-08 22:55:41,494 - DEBUG - STREAM b'IDAT' 208 5693
2026-03-08 22:55:41,496 - DEBUG - STREAM b'IHDR' 16 13
2026-03-08 22:55:41,496 - DEBUG - STREAM b'PLTE' 41 108
2026-03-08 22:55:41,496 - DEBUG - STREAM b'tRNS' 161 35
2026-03-08 22:55:41,496 - DEBUG - STREAM b'IDAT' 208 5693
2026-03-08 22:55:41,496 - DEBUG - STREAM b'IHDR' 16 13
2026-03-08 22:55:41,496 - DEBUG - STREAM b'PLTE' 41 108
2026-03-08 22:55:41,497 - DEBUG - STREAM b'tRNS' 161 35
2026-03-08 22:55:41,497 - DEBUG - STREAM b'IDAT' 208 5693
2026-03-08 22:55:41,504 - DEBUG - STREAM b'IHDR' 16 13
2026-03-08 22:55:41,504 - DEBUG - STREAM b'PLTE' 41 108
2026-03-08 22:55:41,505 - DEBUG - STREAM b'tRNS' 161 35
2026-03-08 22:55:41,505 - DEBUG - STREAM b'IDAT' 208 5693
2026-03-08 22:57:51,592 - INFO - Starting TFN Billing application
2026-03-08 22:57:51,592 - INFO - Initializing directories and files
2026-03-08 22:57:51,592 - INFO - Application directory: d:\T.F.N Billing
2026-03-08 22:57:51,592 - INFO - Changed working directory to: d:\T.F.N Billing
2026-03-08 22:57:53,219 - INFO - All required packages are installed
2026-03-08 22:57:53,220 - INFO - Python path: ['d:\\T.F.N Billing', 'C:\\Python314\\python314.zip', 'C:\\Python314\\DLLs', 'C:\\Python314\\Lib', 'C:\\Python314', 'C:\\Users\\rakes\\AppData\\Roaming\\Python\\Python314\\site-packages', 'C:\\Python314\\Lib\\site-packages']
2026-03-08 22:57:53,220 - INFO - Current directory: d:\T.F.N Billing
2026-03-08 22:57:53,220 - INFO - Directory contents: ['.git', 'app_eel.py', 'assets', 'backend.py', 'build', 'build.bat', 'customers.json', 'dist', 'dist.zip', 'invoice_log.json', 'invoice_tracker.json', 'launcher.py', 'launcher.spec', 'logs', 'output_invoices', 'README.md', 'requirements.txt', 'tfn_billing_debug.log', 'users.json', 'web', '__pycache__']
2026-03-08 22:57:53,220 - INFO - Importing app_eel module
2026-03-08 22:57:53,694 - INFO - Starting main application
2026-03-08 22:57:54,412 - DEBUG - Initializing WebSocket
2026-03-08 22:57:54,413 - DEBUG - Validating WebSocket request
2026-03-08 22:57:54,414 - INFO - 127.0.0.1 - - [2026-03-08 22:57:54] "GET /index.html HTTP/1.1" 200 19942 0.001577
2026-03-08 22:57:54,516 - DEBUG - Initializing WebSocket
2026-03-08 22:57:54,516 - DEBUG - Validating WebSocket request
2026-03-08 22:57:54,521 - INFO - 127.0.0.1 - - [2026-03-08 22:57:54] "GET /static/style.css HTTP/1.1" 200 20232 0.004565
2026-03-08 22:57:54,522 - DEBUG - Initializing WebSocket
2026-03-08 22:57:54,523 - DEBUG - Validating WebSocket request
2026-03-08 22:57:54,524 - INFO - 127.0.0.1 - - [2026-03-08 22:57:54] "GET /eel.js HTTP/1.1" 200 6176 0.002329
2026-03-08 22:57:54,531 - DEBUG - Initializing WebSocket
2026-03-08 22:57:54,531 - DEBUG - Validating WebSocket request
2026-03-08 22:57:54,537 - INFO - 127.0.0.1 - - [2026-03-08 22:57:54] "GET /static/assets/logo.png HTTP/1.1" 404 894 0.006371
2026-03-08 22:57:54,673 - DEBUG - Initializing WebSocket
2026-03-08 22:57:54,674 - DEBUG - Validating WebSocket request
2026-03-08 22:57:54,676 - INFO - 127.0.0.1 - - [2026-03-08 22:57:54] "GET /static/script.js HTTP/1.1" 200 16785 0.002783
2026-03-08 22:57:55,443 - DEBUG - Initializing WebSocket
2026-03-08 22:57:55,443 - DEBUG - Validating WebSocket request
2026-03-08 22:57:55,443 - DEBUG - Attempting to upgrade connection
2026-03-08 22:57:55,444 - DEBUG - WebSocket request accepted, switching protocols
2026-03-08 22:57:56,027 - DEBUG - Initializing WebSocket
2026-03-08 22:57:56,027 - DEBUG - Validating WebSocket request
2026-03-08 22:57:56,028 - INFO - 127.0.0.1 - - [2026-03-08 22:57:56] "GET /favicon.ico HTTP/1.1" 404 883 0.001115
2026-03-08 22:58:06,685 - DEBUG - Closed WebSocket
2026-03-08 22:58:06,686 - DEBUG - Failed to write closing frame -> closing socket
2026-03-08 22:58:06,687 - DEBUG - Closed WebSocket
2026-03-08 22:58:32,075 - DEBUG - Closed WebSocket
2026-03-08 22:58:32,078 - DEBUG - Failed to write closing frame -> closing socket
2026-03-08 22:58:32,078 - DEBUG - Closed WebSocket
2026-03-08 22:59:03,591 - DEBUG - Closed WebSocket
2026-03-08 22:59:03,603 - DEBUG - Failed to write closing frame -> closing socket
2026-03-08 22:59:03,603 - DEBUG - Closed WebSocket
2026-03-08 22:59:09,136 - INFO - Starting TFN Billing application
2026-03-08 22:59:09,137 - INFO - Initializing directories and files
2026-03-08 22:59:09,137 - INFO - Application directory: d:\T.F.N Billing
2026-03-08 22:59:09,138 - INFO - Changed working directory to: d:\T.F.N Billing
2026-03-08 22:59:10,906 - INFO - All required packages are installed
2026-03-08 22:59:10,906 - INFO - Python path: ['d:\\T.F.N Billing', 'C:\\Python314\\python314.zip', 'C:\\Python314\\DLLs', 'C:\\Python314\\Lib', 'C:\\Python314', 'C:\\Users\\rakes\\AppData\\Roaming\\Python\\Python314\\site-packages', 'C:\\Python314\\Lib\\site-packages']
2026-03-08 22:59:10,906 - INFO - Current directory: d:\T.F.N Billing
2026-03-08 22:59:10,906 - INFO - Directory contents: ['.git', 'app_eel.py', 'assets', 'backend.py', 'build', 'build.bat', 'customers.json', 'dist', 'dist.zip', 'invoice_log.json', 'invoice_tracker.json', 'launcher.py', 'launcher.spec', 'logs', 'output_invoices', 'README.md', 'requirements.txt', 'tfn_billing_debug.log', 'users.json', 'web', '__pycache__']
2026-03-08 22:59:10,906 - INFO - Importing app_eel module
2026-03-08 22:59:11,405 - INFO - Starting main application
2026-03-08 22:59:13,540 - DEBUG - Initializing WebSocket
2026-03-08 22:59:13,541 - DEBUG - Validating WebSocket request
2026-03-08 22:59:13,542 - INFO - 127.0.0.1 - - [2026-03-08 22:59:13] "GET /index.html HTTP/1.1" 200 19942 0.001584
2026-03-08 22:59:13,700 - DEBUG - Initializing WebSocket
2026-03-08 22:59:13,700 - DEBUG - Validating WebSocket request
2026-03-08 22:59:13,702 - INFO - 127.0.0.1 - - [2026-03-08 22:59:13] "GET /static/style.css HTTP/1.1" 200 20232 0.002083
2026-03-08 22:59:13,704 - DEBUG - Initializing WebSocket
2026-03-08 22:59:13,705 - DEBUG - Validating WebSocket request
2026-03-08 22:59:13,707 - INFO - 127.0.0.1 - - [2026-03-08 22:59:13] "GET /eel.js HTTP/1.1" 200 6176 0.002963
2026-03-08 22:59:14,006 - DEBUG - Initializing WebSocket
2026-03-08 22:59:14,006 - DEBUG - Validating WebSocket request
2026-03-08 22:59:14,009 - INFO - 127.0.0.1 - - [2026-03-08 22:59:14] "GET /static/assets/logo.png HTTP/1.1" 404 894 0.003369
2026-03-08 22:59:16,602 - DEBUG - Initializing WebSocket
2026-03-08 22:59:16,603 - DEBUG - Validating WebSocket request
2026-03-08 22:59:16,605 - INFO - 127.0.0.1 - - [2026-03-08 22:59:16] "GET /static/script.js HTTP/1.1" 200 16785 0.003804
2026-03-08 22:59:17,092 - DEBUG - Initializing WebSocket
2026-03-08 22:59:17,092 - DEBUG - Validating WebSocket request
2026-03-08 22:59:17,092 - DEBUG - Attempting to upgrade connection
2026-03-08 22:59:17,093 - DEBUG - WebSocket request accepted, switching protocols
2026-03-08 22:59:17,449 - ERROR - Error loading customers: Expecting value: line 1 column 1 (char 0)
2026-03-08 22:59:17,584 - DEBUG - Initializing WebSocket
2026-03-08 22:59:17,584 - DEBUG - Validating WebSocket request
2026-03-08 22:59:17,586 - INFO - 127.0.0.1 - - [2026-03-08 22:59:17] "GET /favicon.ico HTTP/1.1" 404 883 0.001478
2026-03-08 23:02:09,746 - DEBUG - Closed WebSocket
2026-03-08 23:02:09,756 - DEBUG - Failed to write closing frame -> closing socket
2026-03-08 23:02:09,756 - DEBUG - Closed WebSocket
2026-03-08 23:02:24,509 - INFO - Starting TFN Billing application
2026-03-08 23:02:24,509 - INFO - Initializing directories and files
2026-03-08 23:02:24,509 - INFO - Application directory: d:\T.F.N Billing
2026-03-08 23:02:24,510 - INFO - Changed working directory to: d:\T.F.N Billing
2026-03-08 23:02:26,233 - INFO - All required packages are installed
2026-03-08 23:02:26,234 - INFO - Python path: ['d:\\T.F.N Billing', 'C:\\Python314\\python314.zip', 'C:\\Python314\\DLLs', 'C:\\Python314\\Lib', 'C:\\Python314', 'C:\\Users\\rakes\\AppData\\Roaming\\Python\\Python314\\site-packages', 'C:\\Python314\\Lib\\site-packages']
2026-03-08 23:02:26,234 - INFO - Current directory: d:\T.F.N Billing
2026-03-08 23:02:26,234 - INFO - Directory contents: ['.git', 'app_eel.py', 'assets', 'backend.py', 'build', 'build.bat', 'customers.json', 'dist', 'dist.zip', 'invoice_log.json', 'invoice_tracker.json', 'launcher.py', 'launcher.spec', 'logs', 'output_invoices', 'README.md', 'requirements.txt', 'tfn_billing_debug.log', 'users.json', 'web', '__pycache__']
2026-03-08 23:02:26,234 - INFO - Importing app_eel module
2026-03-08 23:02:27,019 - INFO - Starting main application
2026-03-08 23:02:27,923 - DEBUG - Initializing WebSocket
2026-03-08 23:02:27,924 - DEBUG - Validating WebSocket request
2026-03-08 23:02:27,927 - INFO - 127.0.0.1 - - [2026-03-08 23:02:27] "GET /index.html HTTP/1.1" 200 19942 0.003572
2026-03-08 23:02:28,144 - DEBUG - Initializing WebSocket
2026-03-08 23:02:28,144 - DEBUG - Validating WebSocket request
2026-03-08 23:02:28,146 - INFO - 127.0.0.1 - - [2026-03-08 23:02:28] "GET /static/style.css HTTP/1.1" 200 20296 0.002076
2026-03-08 23:02:28,147 - DEBUG - Initializing WebSocket
2026-03-08 23:02:28,147 - DEBUG - Validating WebSocket request
2026-03-08 23:02:28,148 - INFO - 127.0.0.1 - - [2026-03-08 23:02:28] "GET /eel.js HTTP/1.1" 200 6176 0.001009
2026-03-08 23:02:28,172 - DEBUG - Initializing WebSocket
2026-03-08 23:02:28,172 - DEBUG - Validating WebSocket request
2026-03-08 23:02:28,179 - INFO - 127.0.0.1 - - [2026-03-08 23:02:28] "GET /static/assets/logo.png HTTP/1.1" 404 894 0.007075
2026-03-08 23:02:28,474 - DEBUG - Initializing WebSocket
2026-03-08 23:02:28,475 - DEBUG - Validating WebSocket request
2026-03-08 23:02:28,477 - INFO - 127.0.0.1 - - [2026-03-08 23:02:28] "GET /static/script.js HTTP/1.1" 200 17769 0.002897
2026-03-08 23:02:29,091 - DEBUG - Initializing WebSocket
2026-03-08 23:02:29,092 - DEBUG - Validating WebSocket request
2026-03-08 23:02:29,092 - DEBUG - Attempting to upgrade connection
2026-03-08 23:02:29,092 - DEBUG - WebSocket request accepted, switching protocols
2026-03-08 23:02:29,923 - DEBUG - Initializing WebSocket
2026-03-08 23:02:29,924 - DEBUG - Validating WebSocket request
2026-03-08 23:02:29,925 - INFO - 127.0.0.1 - - [2026-03-08 23:02:29] "GET /favicon.ico HTTP/1.1" 404 883 0.001647
2026-03-08 23:03:28,339 - DEBUG - Closed WebSocket
2026-03-08 23:03:28,340 - DEBUG - Failed to write closing frame -> closing socket
2026-03-08 23:03:28,341 - DEBUG - Closed WebSocket
2026-03-08 23:03:43,677 - INFO - Starting TFN Billing application
2026-03-08 23:03:43,677 - INFO - Initializing directories and files
2026-03-08 23:03:43,677 - INFO - Application directory: d:\T.F.N Billing
2026-03-08 23:03:43,677 - INFO - Changed working directory to: d:\T.F.N Billing
2026-03-08 23:03:44,627 - INFO - All required packages are installed
2026-03-08 23:03:44,627 - INFO - Python path: ['d:\\T.F.N Billing', 'C:\\Python314\\python314.zip', 'C:\\Python314\\DLLs', 'C:\\Python314\\Lib', 'C:\\Python314', 'C:\\Users\\rakes\\AppData\\Roaming\\Python\\Python314\\site-packages', 'C:\\Python314\\Lib\\site-packages']
2026-03-08 23:03:44,627 - INFO - Current directory: d:\T.F.N Billing
2026-03-08 23:03:44,627 - INFO - Directory contents: ['.git', 'app_eel.py', 'assets', 'backend.py', 'build', 'build.bat', 'customers.json', 'dist', 'dist.zip', 'invoice_log.json', 'invoice_tracker.json', 'launcher.py', 'launcher.spec', 'logs', 'output_invoices', 'README.md', 'requirements.txt', 'tfn_billing_debug.log', 'users.json', 'web', '__pycache__']
2026-03-08 23:03:44,628 - INFO - Importing app_eel module
2026-03-08 23:03:44,964 - INFO - Starting main application
2026-03-08 23:03:45,638 - DEBUG - Initializing WebSocket
2026-03-08 23:03:45,638 - DEBUG - Validating WebSocket request
2026-03-08 23:03:45,639 - INFO - 127.0.0.1 - - [2026-03-08 23:03:45] "GET /index.html HTTP/1.1" 200 19942 0.001470
2026-03-08 23:03:45,745 - DEBUG - Initializing WebSocket
2026-03-08 23:03:45,746 - DEBUG - Validating WebSocket request
2026-03-08 23:03:45,748 - INFO - 127.0.0.1 - - [2026-03-08 23:03:45] "GET /static/style.css HTTP/1.1" 200 20296 0.002791
2026-03-08 23:03:45,749 - DEBUG - Initializing WebSocket
2026-03-08 23:03:45,750 - DEBUG - Validating WebSocket request
2026-03-08 23:03:45,750 - INFO - 127.0.0.1 - - [2026-03-08 23:03:45] "GET /eel.js HTTP/1.1" 200 6176 0.000983
2026-03-08 23:03:45,759 - DEBUG - Initializing WebSocket
2026-03-08 23:03:45,759 - DEBUG - Validating WebSocket request
2026-03-08 23:03:45,765 - INFO - 127.0.0.1 - - [2026-03-08 23:03:45] "GET /static/assets/logo.png HTTP/1.1" 404 894 0.006366
2026-03-08 23:03:45,839 - DEBUG - Initializing WebSocket
2026-03-08 23:03:45,839 - DEBUG - Validating WebSocket request
2026-03-08 23:03:45,841 - INFO - 127.0.0.1 - - [2026-03-08 23:03:45] "GET /static/script.js HTTP/1.1" 200 17769 0.001449
2026-03-08 23:03:46,637 - DEBUG - Initializing WebSocket
2026-03-08 23:03:46,637 - DEBUG - Validating WebSocket request
2026-03-08 23:03:46,637 - DEBUG - Attempting to upgrade connection
2026-03-08 23:03:46,638 - DEBUG - WebSocket request accepted, switching protocols
2026-03-08 23:03:46,961 - DEBUG - Initializing WebSocket
2026-03-08 23:03:46,961 - DEBUG - Validating WebSocket request
2026-03-08 23:03:46,962 - INFO - 127.0.0.1 - - [2026-03-08 23:03:46] "GET /favicon.ico HTTP/1.1" 404 883 0.001159
2026-03-08 23:10:48,602 - INFO - Starting TFN Billing application
2026-03-08 23:10:48,602 - INFO - Initializing directories and files
2026-03-08 23:10:48,602 - INFO - Application directory: d:\T.F.N Billing
2026-03-08 23:10:48,602 - INFO - Changed working directory to: d:\T.F.N Billing
2026-03-08 23:10:50,135 - DEBUG - Closed WebSocket
2026-03-08 23:10:50,145 - DEBUG - Failed to write closing frame -> closing socket
2026-03-08 23:10:50,145 - DEBUG - Closed WebSocket
2026-03-08 23:10:51,045 - INFO - All required packages are installed
2026-03-08 23:10:51,045 - INFO - Python path: ['d:\\T.F.N Billing', 'C:\\Python314\\python314.zip', 'C:\\Python314\\DLLs', 'C:\\Python314\\Lib', 'C:\\Python314', 'C:\\Users\\rakes\\AppData\\Roaming\\Python\\Python314\\site-packages', 'C:\\Python314\\Lib\\site-packages']
2026-03-08 23:10:51,046 - INFO - Current directory: d:\T.F.N Billing
2026-03-08 23:10:51,046 - INFO - Directory contents: ['.git', 'app_eel.py', 'assets', 'backend.py', 'build', 'build.bat', 'customers.json', 'dist', 'dist.zip', 'exports', 'invoice_log.json', 'invoice_tracker.json', 'launcher.py', 'launcher.spec', 'logs', 'output_invoices', 'README.md', 'requirements.txt', 'tfn_billing_debug.log', 'users.json', 'web', '__pycache__']
2026-03-08 23:10:51,046 - INFO - Importing app_eel module
2026-03-08 23:10:52,233 - INFO - Starting main application
2026-03-08 23:10:53,397 - DEBUG - Initializing WebSocket
2026-03-08 23:10:53,397 - DEBUG - Validating WebSocket request
2026-03-08 23:10:53,399 - INFO - 127.0.0.1 - - [2026-03-08 23:10:53] "GET /index.html HTTP/1.1" 200 19977 0.002539
2026-03-08 23:10:53,477 - DEBUG - Initializing WebSocket
2026-03-08 23:10:53,478 - DEBUG - Validating WebSocket request
2026-03-08 23:10:53,480 - INFO - 127.0.0.1 - - [2026-03-08 23:10:53] "GET /static/style.css HTTP/1.1" 200 20296 0.002765
2026-03-08 23:10:53,483 - DEBUG - Initializing WebSocket
2026-03-08 23:10:53,484 - DEBUG - Validating WebSocket request
2026-03-08 23:10:53,485 - INFO - 127.0.0.1 - - [2026-03-08 23:10:53] "GET /eel.js HTTP/1.1" 200 6197 0.001848
2026-03-08 23:10:53,489 - DEBUG - Initializing WebSocket
2026-03-08 23:10:53,492 - DEBUG - Validating WebSocket request
2026-03-08 23:10:53,502 - INFO - 127.0.0.1 - - [2026-03-08 23:10:53] "GET /static/assets/logo.png HTTP/1.1" 404 894 0.012672
2026-03-08 23:10:53,589 - DEBUG - Initializing WebSocket
2026-03-08 23:10:53,589 - DEBUG - Validating WebSocket request
2026-03-08 23:10:53,592 - INFO - 127.0.0.1 - - [2026-03-08 23:10:53] "GET /static/script.js HTTP/1.1" 200 19331 0.002578
2026-03-08 23:10:58,063 - DEBUG - Initializing WebSocket
2026-03-08 23:10:58,064 - DEBUG - Validating WebSocket request
2026-03-08 23:10:58,064 - DEBUG - Attempting to upgrade connection
2026-03-08 23:10:58,064 - DEBUG - WebSocket request accepted, switching protocols
2026-03-08 23:10:58,554 - DEBUG - Initializing WebSocket
2026-03-08 23:10:58,554 - DEBUG - Validating WebSocket request
2026-03-08 23:10:58,556 - INFO - 127.0.0.1 - - [2026-03-08 23:10:58] "GET /favicon.ico HTTP/1.1" 404 883 0.001434
2026-03-08 23:18:13,290 - INFO - Starting TFN Billing application
2026-03-08 23:18:13,290 - INFO - Initializing directories and files
2026-03-08 23:18:13,290 - INFO - Application directory: d:\T.F.N Billing
2026-03-08 23:18:13,291 - INFO - Changed working directory to: d:\T.F.N Billing
2026-03-08 23:18:14,644 - INFO - All required packages are installed
2026-03-08 23:18:14,644 - INFO - Python path: ['d:\\T.F.N Billing', 'C:\\Python314\\python314.zip', 'C:\\Python314\\DLLs', 'C:\\Python314\\Lib', 'C:\\Python314', 'C:\\Users\\rakes\\AppData\\Roaming\\Python\\Python314\\site-packages', 'C:\\Python314\\Lib\\site-packages']
2026-03-08 23:18:14,644 - INFO - Current directory: d:\T.F.N Billing
2026-03-08 23:18:14,644 - INFO - Directory contents: ['.git', 'app_eel.py', 'assets', 'backend.py', 'build', 'build.bat', 'customers.json', 'dist', 'dist.zip', 'exports', 'invoice_log.json', 'invoice_tracker.json', 'launcher.py', 'launcher.spec', 'logs', 'output_invoices', 'README.md', 'requirements.txt', 'tfn_billing_debug.log', 'users.json', 'web', '__pycache__']
2026-03-08 23:18:14,644 - INFO - Importing app_eel module
2026-03-08 23:18:15,155 - INFO - Starting main application
2026-03-08 23:18:15,843 - DEBUG - Initializing WebSocket
2026-03-08 23:18:15,843 - DEBUG - Validating WebSocket request
2026-03-08 23:18:15,845 - INFO - 127.0.0.1 - - [2026-03-08 23:18:15] "GET /index.html HTTP/1.1" 200 26053 0.002293
2026-03-08 23:18:15,980 - DEBUG - Initializing WebSocket
2026-03-08 23:18:15,980 - DEBUG - Validating WebSocket request
2026-03-08 23:18:15,983 - INFO - 127.0.0.1 - - [2026-03-08 23:18:15] "GET /static/style.css HTTP/1.1" 200 20296 0.002782
2026-03-08 23:18:15,984 - DEBUG - Initializing WebSocket
2026-03-08 23:18:15,984 - DEBUG - Validating WebSocket request
2026-03-08 23:18:15,985 - INFO - 127.0.0.1 - - [2026-03-08 23:18:15] "GET /eel.js HTTP/1.1" 200 6221 0.001147
2026-03-08 23:18:15,996 - DEBUG - Initializing WebSocket
2026-03-08 23:18:15,996 - DEBUG - Validating WebSocket request
2026-03-08 23:18:16,002 - INFO - 127.0.0.1 - - [2026-03-08 23:18:16] "GET /static/assets/logo.png HTTP/1.1" 404 894 0.006312
2026-03-08 23:18:16,139 - DEBUG - Initializing WebSocket
2026-03-08 23:18:16,140 - DEBUG - Validating WebSocket request
2026-03-08 23:18:16,142 - INFO - 127.0.0.1 - - [2026-03-08 23:18:16] "GET /static/script.js HTTP/1.1" 200 23223 0.002623
2026-03-08 23:18:16,625 - DEBUG - Initializing WebSocket
2026-03-08 23:18:16,626 - DEBUG - Validating WebSocket request
2026-03-08 23:18:16,626 - DEBUG - Attempting to upgrade connection
2026-03-08 23:18:16,627 - DEBUG - WebSocket request accepted, switching protocols
2026-03-08 23:18:17,245 - DEBUG - Initializing WebSocket
2026-03-08 23:18:17,245 - DEBUG - Validating WebSocket request
2026-03-08 23:18:17,247 - INFO - 127.0.0.1 - - [2026-03-08 23:18:17] "GET /favicon.ico HTTP/1.1" 404 883 0.001732
2026-03-08 23:18:32,235 - DEBUG - Closed WebSocket
2026-03-08 23:18:32,236 - DEBUG - Failed to write closing frame -> closing socket
2026-03-08 23:18:32,236 - DEBUG - Closed WebSocket
2026-03-08 23:18:44,239 - INFO - Starting TFN Billing application
2026-03-08 23:18:44,240 - INFO - Initializing directories and files
2026-03-08 23:18:44,240 - INFO - Application directory: d:\T.F.N Billing
2026-03-08 23:18:44,240 - INFO - Changed working directory to: d:\T.F.N Billing
2026-03-08 23:18:45,557 - INFO - All required packages are installed
2026-03-08 23:18:45,557 - INFO - Python path: ['d:\\T.F.N Billing', 'C:\\Python314\\python314.zip', 'C:\\Python314\\DLLs', 'C:\\Python314\\Lib', 'C:\\Python314', 'C:\\Users\\rakes\\AppData\\Roaming\\Python\\Python314\\site-packages', 'C:\\Python314\\Lib\\site-packages']
2026-03-08 23:18:45,557 - INFO - Current directory: d:\T.F.N Billing
2026-03-08 23:18:45,558 - INFO - Directory contents: ['.git', 'app_eel.py', 'assets', 'backend.py', 'build', 'build.bat', 'customers.json', 'dist', 'dist.zip', 'exports', 'invoice_log.json', 'invoice_tracker.json', 'launcher.py', 'launcher.spec', 'logs', 'output_invoices', 'README.md', 'requirements.txt', 'tfn_billing_debug.log', 'users.json', 'web', '__pycache__']
2026-03-08 23:18:45,558 - INFO - Importing app_eel module
2026-03-08 23:18:46,100 - INFO - Starting main application
2026-03-08 23:18:46,878 - DEBUG - Initializing WebSocket
2026-03-08 23:18:46,879 - DEBUG - Validating WebSocket request
2026-03-08 23:18:46,880 - INFO - 127.0.0.1 - - [2026-03-08 23:18:46] "GET /index.html HTTP/1.1" 200 26053 0.001900
2026-03-08 23:18:46,948 - DEBUG - Initializing WebSocket
2026-03-08 23:18:46,949 - DEBUG - Validating WebSocket request
2026-03-08 23:18:46,951 - INFO - 127.0.0.1 - - [2026-03-08 23:18:46] "GET /static/style.css HTTP/1.1" 200 20296 0.002763
2026-03-08 23:18:46,953 - DEBUG - Initializing WebSocket
2026-03-08 23:18:46,953 - DEBUG - Validating WebSocket request
2026-03-08 23:18:46,954 - INFO - 127.0.0.1 - - [2026-03-08 23:18:46] "GET /eel.js HTTP/1.1" 200 6221 0.001259
2026-03-08 23:18:46,961 - DEBUG - Initializing WebSocket
2026-03-08 23:18:46,961 - DEBUG - Validating WebSocket request
2026-03-08 23:18:46,966 - INFO - 127.0.0.1 - - [2026-03-08 23:18:46] "GET /static/assets/logo.png HTTP/1.1" 404 894 0.005753
2026-03-08 23:18:47,078 - DEBUG - Initializing WebSocket
2026-03-08 23:18:47,079 - DEBUG - Validating WebSocket request
2026-03-08 23:18:47,081 - INFO - 127.0.0.1 - - [2026-03-08 23:18:47] "GET /static/script.js HTTP/1.1" 200 23223 0.002430
2026-03-08 23:18:47,530 - DEBUG - Initializing WebSocket
2026-03-08 23:18:47,530 - DEBUG - Validating WebSocket request
2026-03-08 23:18:47,530 - DEBUG - Attempting to upgrade connection
2026-03-08 23:18:47,530 - DEBUG - WebSocket request accepted, switching protocols
2026-03-08 23:18:48,049 - DEBUG - Initializing WebSocket
2026-03-08 23:18:48,049 - DEBUG - Validating WebSocket request
2026-03-08 23:18:48,051 - INFO - 127.0.0.1 - - [2026-03-08 23:18:48] "GET /favicon.ico HTTP/1.1" 404 883 0.001913
2026-03-08 23:20:45,981 - DEBUG - Closed WebSocket
2026-03-08 23:20:45,987 - DEBUG - Failed to write closing frame -> closing socket
2026-03-08 23:20:45,987 - DEBUG - Closed WebSocket
2026-03-08 23:25:49,136 - INFO - Starting TFN Billing application
2026-03-08 23:25:49,136 - INFO - Initializing directories and files
2026-03-08 23:25:49,136 - INFO - Application directory: d:\T.F.N Billing
2026-03-08 23:25:49,136 - INFO - Changed working directory to: d:\T.F.N Billing
2026-03-08 23:25:50,546 - INFO - All required packages are installed
2026-03-08 23:25:50,546 - INFO - Python path: ['d:\\T.F.N Billing', 'C:\\Python314\\python314.zip', 'C:\\Python314\\DLLs', 'C:\\Python314\\Lib', 'C:\\Python314', 'C:\\Users\\rakes\\AppData\\Roaming\\Python\\Python314\\site-packages', 'C:\\Python314\\Lib\\site-packages']
2026-03-08 23:25:50,546 - INFO - Current directory: d:\T.F.N Billing
2026-03-08 23:25:50,546 - INFO - Directory contents: ['.git', 'app_eel.py', 'assets', 'backend.py', 'build', 'build.bat', 'customers.json', 'dist', 'dist.zip', 'exports', 'invoice_log.json', 'invoice_tracker.json', 'launcher.py', 'launcher.spec', 'logs', 'output_invoices', 'README.md', 'requirements.txt', 'tfn_billing_debug.log', 'users.json', 'web', '__pycache__']
2026-03-08 23:25:50,546 - INFO - Importing app_eel module
2026-03-08 23:25:51,038 - INFO - Starting main application
2026-03-08 23:25:53,059 - DEBUG - Initializing WebSocket
2026-03-08 23:25:53,059 - DEBUG - Validating WebSocket request
2026-03-08 23:25:53,063 - INFO - 127.0.0.1 - - [2026-03-08 23:25:53] "GET /index.html HTTP/1.1" 200 26061 0.003765
2026-03-08 23:25:53,131 - DEBUG - Initializing WebSocket
2026-03-08 23:25:53,132 - DEBUG - Validating WebSocket request
2026-03-08 23:25:53,133 - INFO - 127.0.0.1 - - [2026-03-08 23:25:53] "GET /static/style.css HTTP/1.1" 200 20296 0.001736
2026-03-08 23:25:53,135 - DEBUG - Initializing WebSocket
2026-03-08 23:25:53,135 - DEBUG - Validating WebSocket request
2026-03-08 23:25:53,136 - INFO - 127.0.0.1 - - [2026-03-08 23:25:53] "GET /eel.js HTTP/1.1" 200 6221 0.001206
2026-03-08 23:25:53,140 - DEBUG - Initializing WebSocket
2026-03-08 23:25:53,140 - DEBUG - Validating WebSocket request
2026-03-08 23:25:53,150 - INFO - 127.0.0.1 - - [2026-03-08 23:25:53] "GET /static/assets/logo.png HTTP/1.1" 404 894 0.009822
2026-03-08 23:25:53,276 - DEBUG - Initializing WebSocket
2026-03-08 23:25:53,277 - DEBUG - Validating WebSocket request
2026-03-08 23:25:53,279 - INFO - 127.0.0.1 - - [2026-03-08 23:25:53] "GET /static/script.js HTTP/1.1" 200 23223 0.002605
2026-03-08 23:25:54,073 - DEBUG - Initializing WebSocket
2026-03-08 23:25:54,073 - DEBUG - Validating WebSocket request
2026-03-08 23:25:54,073 - DEBUG - Attempting to upgrade connection
2026-03-08 23:25:54,074 - DEBUG - WebSocket request accepted, switching protocols
2026-03-08 23:25:59,443 - DEBUG - Initializing WebSocket
2026-03-08 23:25:59,443 - DEBUG - Validating WebSocket request
2026-03-08 23:25:59,447 - INFO - 127.0.0.1 - - [2026-03-08 23:25:59] "GET /favicon.ico HTTP/1.1" 404 883 0.003839
2026-03-08 23:27:52,335 - DEBUG - Closed WebSocket
2026-03-08 23:27:52,337 - DEBUG - Failed to write closing frame -> closing socket
2026-03-08 23:27:52,337 - DEBUG - Closed WebSocket
2026-03-08 23:44:39,840 - INFO - Starting TFN Billing application
2026-03-08 23:44:39,840 - INFO - Initializing directories and files
2026-03-08 23:44:39,840 - INFO - Application directory: d:\T.F.N Billing
2026-03-08 23:44:39,840 - INFO - Changed working directory to: d:\T.F.N Billing
2026-03-08 23:44:41,143 - INFO - All required packages are installed
2026-03-08 23:44:41,143 - INFO - Python path: ['d:\\T.F.N Billing', 'C:\\Python314\\python314.zip', 'C:\\Python314\\DLLs', 'C:\\Python314\\Lib', 'C:\\Python314', 'C:\\Users\\rakes\\AppData\\Roaming\\Python\\Python314\\site-packages', 'C:\\Python314\\Lib\\site-packages']
2026-03-08 23:44:41,143 - INFO - Current directory: d:\T.F.N Billing
2026-03-08 23:44:41,143 - INFO - Directory contents: ['.git', 'app_eel.py', 'assets', 'backend.py', 'build', 'build.bat', 'customers.json', 'dist', 'dist.zip', 'exports', 'invoice_log.json', 'invoice_tracker.json', 'launcher.py', 'launcher.spec', 'logs', 'output_invoices', 'README.md', 'requirements.txt', 'tfn_billing_debug.log', 'users.json', 'web', '__pycache__']
2026-03-08 23:44:41,143 - INFO - Importing app_eel module
2026-03-08 23:44:41,615 - INFO - Starting main application
2026-03-08 23:44:42,336 - DEBUG - Initializing WebSocket
2026-03-08 23:44:42,336 - DEBUG - Validating WebSocket request
2026-03-08 23:44:42,338 - INFO - 127.0.0.1 - - [2026-03-08 23:44:42] "GET /index.html HTTP/1.1" 200 27521 0.002481
2026-03-08 23:44:42,475 - DEBUG - Initializing WebSocket
2026-03-08 23:44:42,475 - DEBUG - Validating WebSocket request
2026-03-08 23:44:42,478 - INFO - 127.0.0.1 - - [2026-03-08 23:44:42] "GET /static/style.css HTTP/1.1" 200 31432 0.002697
2026-03-08 23:44:42,479 - DEBUG - Initializing WebSocket
2026-03-08 23:44:42,479 - DEBUG - Validating WebSocket request
2026-03-08 23:44:42,480 - INFO - 127.0.0.1 - - [2026-03-08 23:44:42] "GET /eel.js HTTP/1.1" 200 6233 0.001200
2026-03-08 23:44:42,496 - DEBUG - Initializing WebSocket
2026-03-08 23:44:42,496 - DEBUG - Validating WebSocket request
2026-03-08 23:44:42,505 - INFO - 127.0.0.1 - - [2026-03-08 23:44:42] "GET /static/assets/logo.png HTTP/1.1" 404 894 0.008295
2026-03-08 23:44:42,613 - DEBUG - Initializing WebSocket
2026-03-08 23:44:42,614 - DEBUG - Validating WebSocket request
2026-03-08 23:44:42,617 - INFO - 127.0.0.1 - - [2026-03-08 23:44:42] "GET /static/script.js HTTP/1.1" 200 28334 0.003707
2026-03-08 23:44:43,123 - DEBUG - Initializing WebSocket
2026-03-08 23:44:43,123 - DEBUG - Validating WebSocket request
2026-03-08 23:44:43,124 - DEBUG - Attempting to upgrade connection
2026-03-08 23:44:43,124 - DEBUG - WebSocket request accepted, switching protocols
2026-03-08 23:44:43,734 - DEBUG - Initializing WebSocket
2026-03-08 23:44:43,734 - DEBUG - Validating WebSocket request
2026-03-08 23:44:43,736 - INFO - 127.0.0.1 - - [2026-03-08 23:44:43] "GET /favicon.ico HTTP/1.1" 404 883 0.001906
2026-03-08 23:50:56,146 - INFO - Starting TFN Billing application
2026-03-08 23:50:56,146 - INFO - Initializing directories and files
2026-03-08 23:50:56,146 - INFO - Application directory: d:\T.F.N Billing
2026-03-08 23:50:56,146 - INFO - Changed working directory to: d:\T.F.N Billing
2026-03-08 23:50:57,348 - INFO - All required packages are installed
2026-03-08 23:50:57,348 - INFO - Python path: ['d:\\T.F.N Billing', 'C:\\Python314\\python314.zip', 'C:\\Python314\\DLLs', 'C:\\Python314\\Lib', 'C:\\Python314', 'C:\\Users\\rakes\\AppData\\Roaming\\Python\\Python314\\site-packages', 'C:\\Python314\\Lib\\site-packages']
2026-03-08 23:50:57,349 - INFO - Current directory: d:\T.F.N Billing
2026-03-08 23:50:57,349 - INFO - Directory contents: ['.git', 'app_eel.py', 'assets', 'backend.py', 'build', 'build.bat', 'customers.json', 'dist', 'dist.zip', 'exports', 'invoice_log.json', 'invoice_tracker.json', 'launcher.py', 'launcher.spec', 'logs', 'output_invoices', 'README.md', 'requirements.txt', 'tfn_billing_debug.log', 'users.json', 'web', '__pycache__']
2026-03-08 23:50:57,349 - INFO - Importing app_eel module
2026-03-08 23:50:57,849 - INFO - Starting main application
2026-03-08 23:50:58,507 - DEBUG - Initializing WebSocket
2026-03-08 23:50:58,508 - DEBUG - Validating WebSocket request
2026-03-08 23:50:58,509 - INFO - 127.0.0.1 - - [2026-03-08 23:50:58] "GET /index.html HTTP/1.1" 200 27521 0.001744
2026-03-08 23:50:58,589 - DEBUG - Initializing WebSocket
2026-03-08 23:50:58,590 - DEBUG - Validating WebSocket request
2026-03-08 23:50:58,595 - INFO - 127.0.0.1 - - [2026-03-08 23:50:58] "GET /static/style.css HTTP/1.1" 200 34169 0.005381
2026-03-08 23:50:58,596 - DEBUG - Initializing WebSocket
2026-03-08 23:50:58,596 - DEBUG - Validating WebSocket request
2026-03-08 23:50:58,598 - INFO - 127.0.0.1 - - [2026-03-08 23:50:58] "GET /eel.js HTTP/1.1" 200 6233 0.001358
2026-03-08 23:50:58,605 - DEBUG - Initializing WebSocket
2026-03-08 23:50:58,606 - DEBUG - Validating WebSocket request
2026-03-08 23:50:58,613 - INFO - 127.0.0.1 - - [2026-03-08 23:50:58] "GET /static/assets/logo.png HTTP/1.1" 404 894 0.007701
2026-03-08 23:50:58,740 - DEBUG - Initializing WebSocket
2026-03-08 23:50:58,741 - DEBUG - Validating WebSocket request
2026-03-08 23:50:58,743 - INFO - 127.0.0.1 - - [2026-03-08 23:50:58] "GET /static/script.js HTTP/1.1" 200 29122 0.002576
2026-03-08 23:50:59,223 - DEBUG - Initializing WebSocket
2026-03-08 23:50:59,224 - DEBUG - Validating WebSocket request
2026-03-08 23:50:59,224 - DEBUG - Attempting to upgrade connection
2026-03-08 23:50:59,224 - DEBUG - WebSocket request accepted, switching protocols
2026-03-08 23:50:59,732 - DEBUG - Initializing WebSocket
2026-03-08 23:50:59,733 - DEBUG - Validating WebSocket request
2026-03-08 23:50:59,734 - INFO - 127.0.0.1 - - [2026-03-08 23:50:59] "GET /favicon.ico HTTP/1.1" 404 883 0.001978
2026-03-08 23:53:43,626 - DEBUG - Closed WebSocket
2026-03-08 23:53:43,629 - DEBUG - Failed to write closing frame -> closing socket
2026-03-08 23:53:43,631 - DEBUG - Closed WebSocket
2026-03-08 23:54:07,702 - INFO - Starting TFN Billing application
2026-03-08 23:54:07,703 - INFO - Initializing directories and files
2026-03-08 23:54:07,703 - INFO - Application directory: d:\T.F.N Billing
2026-03-08 23:54:07,703 - INFO - Changed working directory to: d:\T.F.N Billing
2026-03-08 23:54:09,383 - INFO - All required packages are installed
2026-03-08 23:54:09,383 - INFO - Python path: ['d:\\T.F.N Billing', 'C:\\Python314\\python314.zip', 'C:\\Python314\\DLLs', 'C:\\Python314\\Lib', 'C:\\Python314', 'C:\\Users\\rakes\\AppData\\Roaming\\Python\\Python314\\site-packages', 'C:\\Python314\\Lib\\site-packages']
2026-03-08 23:54:09,383 - INFO - Current directory: d:\T.F.N Billing
2026-03-08 23:54:09,383 - INFO - Directory contents: ['.git', 'app_eel.py', 'assets', 'backend.py', 'build', 'build.bat', 'customers.json', 'dist', 'dist.zip', 'exports', 'invoice_log.json', 'invoice_tracker.json', 'launcher.py', 'launcher.spec', 'logs', 'output_invoices', 'README.md', 'requirements.txt', 'tfn_billing_debug.log', 'users.json', 'web', '__pycache__']
2026-03-08 23:54:09,383 - INFO - Importing app_eel module
2026-03-08 23:54:09,916 - INFO - Starting main application
2026-03-08 23:54:10,758 - DEBUG - Initializing WebSocket
2026-03-08 23:54:10,758 - DEBUG - Validating WebSocket request
2026-03-08 23:54:10,759 - INFO - 127.0.0.1 - - [2026-03-08 23:54:10] "GET /index.html HTTP/1.1" 200 27521 0.001674
2026-03-08 23:54:10,833 - DEBUG - Initializing WebSocket
2026-03-08 23:54:10,834 - DEBUG - Validating WebSocket request
2026-03-08 23:54:10,837 - INFO - 127.0.0.1 - - [2026-03-08 23:54:10] "GET /static/style.css HTTP/1.1" 200 34177 0.003664
2026-03-08 23:54:10,838 - DEBUG - Initializing WebSocket
2026-03-08 23:54:10,838 - DEBUG - Validating WebSocket request
2026-03-08 23:54:10,839 - INFO - 127.0.0.1 - - [2026-03-08 23:54:10] "GET /eel.js HTTP/1.1" 200 6233 0.000835
2026-03-08 23:54:10,850 - DEBUG - Initializing WebSocket
2026-03-08 23:54:10,851 - DEBUG - Validating WebSocket request
2026-03-08 23:54:10,857 - INFO - 127.0.0.1 - - [2026-03-08 23:54:10] "GET /static/assets/logo.png HTTP/1.1" 404 894 0.006231
2026-03-08 23:54:10,935 - DEBUG - Initializing WebSocket
2026-03-08 23:54:10,935 - DEBUG - Validating WebSocket request
2026-03-08 23:54:10,937 - INFO - 127.0.0.1 - - [2026-03-08 23:54:10] "GET /static/script.js HTTP/1.1" 200 29122 0.002131
2026-03-08 23:54:11,418 - DEBUG - Initializing WebSocket
2026-03-08 23:54:11,418 - DEBUG - Validating WebSocket request
2026-03-08 23:54:11,418 - DEBUG - Attempting to upgrade connection
2026-03-08 23:54:11,419 - DEBUG - WebSocket request accepted, switching protocols
2026-03-08 23:54:12,025 - DEBUG - Initializing WebSocket
2026-03-08 23:54:12,025 - DEBUG - Validating WebSocket request
2026-03-08 23:54:12,027 - INFO - 127.0.0.1 - - [2026-03-08 23:54:12] "GET /favicon.ico HTTP/1.1" 404 883 0.001685
2026-03-08 23:55:54,082 - DEBUG - Initializing WebSocket
2026-03-08 23:55:54,082 - DEBUG - Validating WebSocket request
2026-03-08 23:55:54,085 - INFO - 127.0.0.1 - - [2026-03-08 23:55:54] "GET /index.html HTTP/1.1" 200 27521 0.002954
2026-03-08 23:55:54,102 - DEBUG - Closed WebSocket
2026-03-08 23:55:54,103 - DEBUG - Failed to write closing frame -> closing socket
2026-03-08 23:55:54,104 - DEBUG - Closed WebSocket
2026-03-08 23:55:54,225 - DEBUG - Initializing WebSocket
2026-03-08 23:55:54,225 - DEBUG - Validating WebSocket request
2026-03-08 23:55:54,228 - INFO - 127.0.0.1 - - [2026-03-08 23:55:54] "GET /static/style.css HTTP/1.1" 200 34340 0.003182
2026-03-08 23:55:54,229 - DEBUG - Initializing WebSocket
2026-03-08 23:55:54,230 - DEBUG - Validating WebSocket request
2026-03-08 23:55:54,232 - INFO - 127.0.0.1 - - [2026-03-08 23:55:54] "GET /eel.js HTTP/1.1" 200 6233 0.001516
2026-03-08 23:55:54,246 - DEBUG - Initializing WebSocket
2026-03-08 23:55:54,246 - DEBUG - Validating WebSocket request
2026-03-08 23:55:54,247 - INFO - 127.0.0.1 - - [2026-03-08 23:55:54] "GET /static/assets/logo.png HTTP/1.1" 404 894 0.001245
2026-03-08 23:55:54,345 - DEBUG - Initializing WebSocket
2026-03-08 23:55:54,346 - DEBUG - Validating WebSocket request
2026-03-08 23:55:54,348 - INFO - 127.0.0.1 - - [2026-03-08 23:55:54] "GET /static/script.js HTTP/1.1" 200 29122 0.002852
2026-03-08 23:55:54,779 - DEBUG - Initializing WebSocket
2026-03-08 23:55:54,779 - DEBUG - Validating WebSocket request
2026-03-08 23:55:54,780 - DEBUG - Attempting to upgrade connection
2026-03-08 23:55:54,780 - DEBUG - WebSocket request accepted, switching protocols
2026-03-08 23:56:34,745 - DEBUG - Initializing WebSocket
2026-03-08 23:56:34,746 - DEBUG - Validating WebSocket request
2026-03-08 23:56:34,748 - INFO - 127.0.0.1 - - [2026-03-08 23:56:34] "GET /index.html HTTP/1.1" 200 27521 0.003074
2026-03-08 23:56:34,770 - DEBUG - Closed WebSocket
2026-03-08 23:56:34,772 - DEBUG - Failed to write closing frame -> closing socket
2026-03-08 23:56:34,772 - DEBUG - Closed WebSocket
2026-03-08 23:56:34,909 - DEBUG - Initializing WebSocket
2026-03-08 23:56:34,910 - DEBUG - Validating WebSocket request
2026-03-08 23:56:34,914 - INFO - 127.0.0.1 - - [2026-03-08 23:56:34] "GET /static/style.css HTTP/1.1" 200 34319 0.004784
2026-03-08 23:56:34,916 - DEBUG - Initializing WebSocket
2026-03-08 23:56:34,916 - DEBUG - Validating WebSocket request
2026-03-08 23:56:34,917 - INFO - 127.0.0.1 - - [2026-03-08 23:56:34] "GET /eel.js HTTP/1.1" 200 6233 0.001107
2026-03-08 23:56:34,918 - DEBUG - Initializing WebSocket
2026-03-08 23:56:34,919 - DEBUG - Validating WebSocket request
2026-03-08 23:56:34,920 - INFO - 127.0.0.1 - - [2026-03-08 23:56:34] "GET /static/assets/logo.png HTTP/1.1" 404 894 0.001518
2026-03-08 23:56:35,036 - DEBUG - Initializing WebSocket
2026-03-08 23:56:35,036 - DEBUG - Validating WebSocket request
2026-03-08 23:56:35,041 - INFO - 127.0.0.1 - - [2026-03-08 23:56:35] "GET /static/script.js HTTP/1.1" 200 29122 0.005160
2026-03-08 23:56:35,401 - DEBUG - Initializing WebSocket
2026-03-08 23:56:35,402 - DEBUG - Validating WebSocket request
2026-03-08 23:56:35,402 - DEBUG - Attempting to upgrade connection
2026-03-08 23:56:35,402 - DEBUG - WebSocket request accepted, switching protocols
2026-03-08 23:57:44,133 - DEBUG - Initializing WebSocket
2026-03-08 23:57:44,134 - DEBUG - Validating WebSocket request
2026-03-08 23:57:44,135 - INFO - 127.0.0.1 - - [2026-03-08 23:57:44] "GET /index.html HTTP/1.1" 200 27521 0.001109
2026-03-08 23:57:44,150 - DEBUG - Closed WebSocket
2026-03-08 23:57:44,151 - DEBUG - Failed to write closing frame -> closing socket
2026-03-08 23:57:44,151 - DEBUG - Closed WebSocket
2026-03-08 23:57:44,226 - DEBUG - Initializing WebSocket
2026-03-08 23:57:44,226 - DEBUG - Validating WebSocket request
2026-03-08 23:57:44,229 - INFO - 127.0.0.1 - - [2026-03-08 23:57:44] "GET /static/style.css HTTP/1.1" 200 34123 0.002529
2026-03-08 23:57:44,230 - DEBUG - Initializing WebSocket
2026-03-08 23:57:44,230 - DEBUG - Validating WebSocket request
2026-03-08 23:57:44,231 - INFO - 127.0.0.1 - - [2026-03-08 23:57:44] "GET /eel.js HTTP/1.1" 200 6233 0.001061
2026-03-08 23:57:44,234 - DEBUG - Initializing WebSocket
2026-03-08 23:57:44,235 - DEBUG - Validating WebSocket request
2026-03-08 23:57:44,236 - INFO - 127.0.0.1 - - [2026-03-08 23:57:44] "GET /static/assets/logo.png HTTP/1.1" 404 894 0.002081
2026-03-08 23:57:44,329 - DEBUG - Initializing WebSocket
2026-03-08 23:57:44,329 - DEBUG - Validating WebSocket request
2026-03-08 23:57:44,332 - INFO - 127.0.0.1 - - [2026-03-08 23:57:44] "GET /static/script.js HTTP/1.1" 200 29122 0.002689
2026-03-08 23:57:44,717 - DEBUG - Initializing WebSocket
2026-03-08 23:57:44,717 - DEBUG - Validating WebSocket request
2026-03-08 23:57:44,717 - DEBUG - Attempting to upgrade connection
2026-03-08 23:57:44,717 - DEBUG - WebSocket request accepted, switching protocols
2026-03-08 23:59:07,915 - DEBUG - Initializing WebSocket
2026-03-08 23:59:07,916 - DEBUG - Validating WebSocket request
2026-03-08 23:59:07,919 - INFO - 127.0.0.1 - - [2026-03-08 23:59:07] "GET /index.html HTTP/1.1" 200 27521 0.003533
2026-03-08 23:59:07,943 - DEBUG - Closed WebSocket
2026-03-08 23:59:07,944 - DEBUG - Failed to write closing frame -> closing socket
2026-03-08 23:59:07,944 - DEBUG - Closed WebSocket
2026-03-08 23:59:08,058 - DEBUG - Initializing WebSocket
2026-03-08 23:59:08,059 - DEBUG - Validating WebSocket request
2026-03-08 23:59:08,062 - INFO - 127.0.0.1 - - [2026-03-08 23:59:08] "GET /static/style.css HTTP/1.1" 200 34124 0.003800
2026-03-08 23:59:08,070 - DEBUG - Initializing WebSocket
2026-03-08 23:59:08,071 - DEBUG - Validating WebSocket request
2026-03-08 23:59:08,072 - INFO - 127.0.0.1 - - [2026-03-08 23:59:08] "GET /eel.js HTTP/1.1" 200 6233 0.001372
2026-03-08 23:59:08,073 - DEBUG - Initializing WebSocket
2026-03-08 23:59:08,073 - DEBUG - Validating WebSocket request
2026-03-08 23:59:08,075 - INFO - 127.0.0.1 - - [2026-03-08 23:59:08] "GET /static/assets/logo.png HTTP/1.1" 404 894 0.001539
2026-03-08 23:59:08,195 - DEBUG - Initializing WebSocket
2026-03-08 23:59:08,195 - DEBUG - Validating WebSocket request
2026-03-08 23:59:08,198 - INFO - 127.0.0.1 - - [2026-03-08 23:59:08] "GET /static/script.js HTTP/1.1" 200 29122 0.002506
2026-03-08 23:59:08,606 - DEBUG - Initializing WebSocket
2026-03-08 23:59:08,606 - DEBUG - Validating WebSocket request
2026-03-08 23:59:08,606 - DEBUG - Attempting to upgrade connection
2026-03-08 23:59:08,607 - DEBUG - WebSocket request accepted, switching protocols
2026-03-09 00:00:13,862 - DEBUG - Closed WebSocket
2026-03-09 00:00:13,864 - DEBUG - Failed to write closing frame -> closing socket
2026-03-09 00:00:13,864 - DEBUG - Closed WebSocket
2026-03-09 00:04:14,335 - INFO - Starting TFN Billing application
2026-03-09 00:04:14,335 - INFO - Initializing directories and files
2026-03-09 00:04:14,335 - INFO - Application directory: d:\T.F.N Billing
2026-03-09 00:04:14,336 - INFO - Changed working directory to: d:\T.F.N Billing
2026-03-09 00:04:16,049 - INFO - All required packages are installed
2026-03-09 00:04:16,050 - INFO - Python path: ['d:\\T.F.N Billing', 'C:\\Python314\\python314.zip', 'C:\\Python314\\DLLs', 'C:\\Python314\\Lib', 'C:\\Python314', 'C:\\Users\\rakes\\AppData\\Roaming\\Python\\Python314\\site-packages', 'C:\\Python314\\Lib\\site-packages']
2026-03-09 00:04:16,050 - INFO - Current directory: d:\T.F.N Billing
2026-03-09 00:04:16,050 - INFO - Directory contents: ['.git', 'app_eel.py', 'assets', 'backend.py', 'build', 'build.bat', 'customers.json', 'dist', 'dist.zip', 'exports', 'invoice_log.json', 'invoice_tracker.json', 'launcher.py', 'launcher.spec', 'logs', 'output_invoices', 'README.md', 'requirements.txt', 'tfn_billing_debug.log', 'users.json', 'web', '__pycache__']
2026-03-09 00:04:16,050 - INFO - Importing app_eel module
2026-03-09 00:04:16,682 - INFO - Starting main application
2026-03-09 00:04:17,427 - DEBUG - Initializing WebSocket
2026-03-09 00:04:17,427 - DEBUG - Validating WebSocket request
2026-03-09 00:04:17,431 - INFO - 127.0.0.1 - - [2026-03-09 00:04:17] "GET /index.html HTTP/1.1" 200 27516 0.003460
2026-03-09 00:04:17,574 - DEBUG - Initializing WebSocket
2026-03-09 00:04:17,575 - DEBUG - Validating WebSocket request
2026-03-09 00:04:17,579 - INFO - 127.0.0.1 - - [2026-03-09 00:04:17] "GET /static/style.css HTTP/1.1" 200 34125 0.004375
2026-03-09 00:04:17,581 - DEBUG - Initializing WebSocket
2026-03-09 00:04:17,581 - DEBUG - Validating WebSocket request
2026-03-09 00:04:17,582 - INFO - 127.0.0.1 - - [2026-03-09 00:04:17] "GET /eel.js HTTP/1.1" 200 6233 0.001801
2026-03-09 00:04:17,596 - DEBUG - Initializing WebSocket
2026-03-09 00:04:17,597 - DEBUG - Validating WebSocket request
2026-03-09 00:04:17,607 - INFO - 127.0.0.1 - - [2026-03-09 00:04:17] "GET /static/assets/logo.png HTTP/1.1" 404 894 0.010943
2026-03-09 00:04:17,729 - DEBUG - Initializing WebSocket
2026-03-09 00:04:17,729 - DEBUG - Validating WebSocket request
2026-03-09 00:04:17,732 - INFO - 127.0.0.1 - - [2026-03-09 00:04:17] "GET /static/script.js HTTP/1.1" 200 29042 0.002419
2026-03-09 00:04:18,475 - DEBUG - Initializing WebSocket
2026-03-09 00:04:18,475 - DEBUG - Validating WebSocket request
2026-03-09 00:04:18,475 - DEBUG - Attempting to upgrade connection
2026-03-09 00:04:18,475 - DEBUG - WebSocket request accepted, switching protocols
2026-03-09 00:04:18,900 - DEBUG - Initializing WebSocket
2026-03-09 00:04:18,902 - DEBUG - Validating WebSocket request
2026-03-09 00:04:18,906 - INFO - 127.0.0.1 - - [2026-03-09 00:04:18] "GET /favicon.ico HTTP/1.1" 404 883 0.004858
2026-03-09 00:05:33,969 - DEBUG - Initializing WebSocket
2026-03-09 00:05:33,970 - DEBUG - Validating WebSocket request
2026-03-09 00:05:33,972 - INFO - 127.0.0.1 - - [2026-03-09 00:05:33] "GET /index.html HTTP/1.1" 200 27516 0.002710
2026-03-09 00:05:33,996 - DEBUG - Closed WebSocket
2026-03-09 00:05:33,997 - DEBUG - Failed to write closing frame -> closing socket
2026-03-09 00:05:33,997 - DEBUG - Closed WebSocket
2026-03-09 00:05:34,089 - DEBUG - Initializing WebSocket
2026-03-09 00:05:34,090 - DEBUG - Validating WebSocket request
2026-03-09 00:05:34,092 - INFO - 127.0.0.1 - - [2026-03-09 00:05:34] "GET /static/style.css HTTP/1.1" 200 34125 0.002230
2026-03-09 00:05:34,093 - DEBUG - Initializing WebSocket
2026-03-09 00:05:34,093 - DEBUG - Validating WebSocket request
2026-03-09 00:05:34,094 - INFO - 127.0.0.1 - - [2026-03-09 00:05:34] "GET /eel.js HTTP/1.1" 200 6233 0.001414
2026-03-09 00:05:34,110 - DEBUG - Initializing WebSocket
2026-03-09 00:05:34,110 - DEBUG - Validating WebSocket request
2026-03-09 00:05:34,113 - INFO - 127.0.0.1 - - [2026-03-09 00:05:34] "GET /static/assets/logo.png HTTP/1.1" 404 894 0.002930
2026-03-09 00:05:34,192 - DEBUG - Initializing WebSocket
2026-03-09 00:05:34,193 - DEBUG - Validating WebSocket request
2026-03-09 00:05:34,195 - INFO - 127.0.0.1 - - [2026-03-09 00:05:34] "GET /static/script.js HTTP/1.1" 200 29042 0.002457
2026-03-09 00:05:34,570 - DEBUG - Initializing WebSocket
2026-03-09 00:05:34,570 - DEBUG - Validating WebSocket request
2026-03-09 00:05:34,570 - DEBUG - Attempting to upgrade connection
2026-03-09 00:05:34,570 - DEBUG - WebSocket request accepted, switching protocols
2026-03-09 00:05:53,218 - DEBUG - Initializing WebSocket
2026-03-09 00:05:53,218 - DEBUG - Validating WebSocket request
2026-03-09 00:05:53,220 - INFO - 127.0.0.1 - - [2026-03-09 00:05:53] "GET /index.html HTTP/1.1" 200 27516 0.002004
2026-03-09 00:05:53,235 - DEBUG - Closed WebSocket
2026-03-09 00:05:53,236 - DEBUG - Failed to write closing frame -> closing socket
2026-03-09 00:05:53,237 - DEBUG - Closed WebSocket
2026-03-09 00:05:53,293 - DEBUG - Initializing WebSocket
2026-03-09 00:05:53,293 - DEBUG - Validating WebSocket request
2026-03-09 00:05:53,296 - INFO - 127.0.0.1 - - [2026-03-09 00:05:53] "GET /static/style.css HTTP/1.1" 200 34460 0.003133
2026-03-09 00:05:53,298 - DEBUG - Initializing WebSocket
2026-03-09 00:05:53,298 - DEBUG - Validating WebSocket request
2026-03-09 00:05:53,299 - INFO - 127.0.0.1 - - [2026-03-09 00:05:53] "GET /eel.js HTTP/1.1" 200 6233 0.001459
2026-03-09 00:05:53,301 - DEBUG - Initializing WebSocket
2026-03-09 00:05:53,301 - DEBUG - Validating WebSocket request
2026-03-09 00:05:53,303 - INFO - 127.0.0.1 - - [2026-03-09 00:05:53] "GET /static/assets/logo.png HTTP/1.1" 404 894 0.001864
2026-03-09 00:05:53,359 - DEBUG - Initializing WebSocket
2026-03-09 00:05:53,360 - DEBUG - Validating WebSocket request
2026-03-09 00:05:53,361 - INFO - 127.0.0.1 - - [2026-03-09 00:05:53] "GET /static/script.js HTTP/1.1" 200 29042 0.001863
2026-03-09 00:05:53,723 - DEBUG - Initializing WebSocket
2026-03-09 00:05:53,723 - DEBUG - Validating WebSocket request
2026-03-09 00:05:53,723 - DEBUG - Attempting to upgrade connection
2026-03-09 00:05:53,724 - DEBUG - WebSocket request accepted, switching protocols
2026-03-09 00:06:58,951 - DEBUG - Initializing WebSocket
2026-03-09 00:06:58,951 - DEBUG - Validating WebSocket request
2026-03-09 00:06:58,954 - INFO - 127.0.0.1 - - [2026-03-09 00:06:58] "GET /index.html HTTP/1.1" 200 27516 0.002876
2026-03-09 00:06:58,980 - DEBUG - Closed WebSocket
2026-03-09 00:06:58,982 - DEBUG - Failed to write closing frame -> closing socket
2026-03-09 00:06:58,982 - DEBUG - Closed WebSocket
2026-03-09 00:06:59,062 - DEBUG - Initializing WebSocket
2026-03-09 00:06:59,062 - DEBUG - Validating WebSocket request
2026-03-09 00:06:59,065 - INFO - 127.0.0.1 - - [2026-03-09 00:06:59] "GET /static/style.css HTTP/1.1" 200 34460 0.003173
2026-03-09 00:06:59,067 - DEBUG - Initializing WebSocket
2026-03-09 00:06:59,068 - DEBUG - Validating WebSocket request
2026-03-09 00:06:59,069 - INFO - 127.0.0.1 - - [2026-03-09 00:06:59] "GET /eel.js HTTP/1.1" 200 6233 0.001641
2026-03-09 00:06:59,070 - DEBUG - Initializing WebSocket
2026-03-09 00:06:59,070 - DEBUG - Validating WebSocket request
2026-03-09 00:06:59,072 - INFO - 127.0.0.1 - - [2026-03-09 00:06:59] "GET /static/assets/logo.png HTTP/1.1" 404 894 0.001452
2026-03-09 00:06:59,180 - DEBUG - Initializing WebSocket
2026-03-09 00:06:59,180 - DEBUG - Validating WebSocket request
2026-03-09 00:06:59,182 - INFO - 127.0.0.1 - - [2026-03-09 00:06:59] "GET /static/script.js HTTP/1.1" 200 29042 0.002360
2026-03-09 00:06:59,561 - DEBUG - Initializing WebSocket
2026-03-09 00:06:59,561 - DEBUG - Validating WebSocket request
2026-03-09 00:06:59,561 - DEBUG - Attempting to upgrade connection
2026-03-09 00:06:59,561 - DEBUG - WebSocket request accepted, switching protocols
2026-03-09 00:07:14,334 - DEBUG - Initializing WebSocket
2026-03-09 00:07:14,335 - DEBUG - Validating WebSocket request
2026-03-09 00:07:14,336 - INFO - 127.0.0.1 - - [2026-03-09 00:07:14] "GET /index.html HTTP/1.1" 200 27516 0.001440
2026-03-09 00:07:14,348 - DEBUG - Closed WebSocket
2026-03-09 00:07:14,349 - DEBUG - Failed to write closing frame -> closing socket
2026-03-09 00:07:14,350 - DEBUG - Closed WebSocket
2026-03-09 00:07:14,401 - DEBUG - Initializing WebSocket
2026-03-09 00:07:14,401 - DEBUG - Validating WebSocket request
2026-03-09 00:07:14,403 - INFO - 127.0.0.1 - - [2026-03-09 00:07:14] "GET /static/style.css HTTP/1.1" 200 34460 0.002317
2026-03-09 00:07:14,405 - DEBUG - Initializing WebSocket
2026-03-09 00:07:14,405 - DEBUG - Validating WebSocket request
2026-03-09 00:07:14,406 - INFO - 127.0.0.1 - - [2026-03-09 00:07:14] "GET /eel.js HTTP/1.1" 200 6233 0.001272
2026-03-09 00:07:14,408 - DEBUG - Initializing WebSocket
2026-03-09 00:07:14,408 - DEBUG - Validating WebSocket request
2026-03-09 00:07:14,409 - INFO - 127.0.0.1 - - [2026-03-09 00:07:14] "GET /static/assets/logo.png HTTP/1.1" 404 894 0.001338
2026-03-09 00:07:14,466 - DEBUG - Initializing WebSocket
2026-03-09 00:07:14,467 - DEBUG - Validating WebSocket request
2026-03-09 00:07:14,468 - INFO - 127.0.0.1 - - [2026-03-09 00:07:14] "GET /static/script.js HTTP/1.1" 200 29042 0.002154
2026-03-09 00:07:14,813 - DEBUG - Initializing WebSocket
2026-03-09 00:07:14,813 - DEBUG - Validating WebSocket request
2026-03-09 00:07:14,813 - DEBUG - Attempting to upgrade connection
2026-03-09 00:07:14,813 - DEBUG - WebSocket request accepted, switching protocols
2026-03-09 00:08:14,861 - DEBUG - Initializing WebSocket
2026-03-09 00:08:14,861 - DEBUG - Validating WebSocket request
2026-03-09 00:08:14,864 - INFO - 127.0.0.1 - - [2026-03-09 00:08:14] "GET /index.html HTTP/1.1" 200 27516 0.003055
2026-03-09 00:08:14,891 - DEBUG - Closed WebSocket
2026-03-09 00:08:14,893 - DEBUG - Failed to write closing frame -> closing socket
2026-03-09 00:08:14,893 - DEBUG - Closed WebSocket
2026-03-09 00:08:14,969 - DEBUG - Initializing WebSocket
2026-03-09 00:08:14,969 - DEBUG - Validating WebSocket request
2026-03-09 00:08:14,971 - INFO - 127.0.0.1 - - [2026-03-09 00:08:14] "GET /static/style.css HTTP/1.1" 200 34459 0.002645
2026-03-09 00:08:14,973 - DEBUG - Initializing WebSocket
2026-03-09 00:08:14,973 - DEBUG - Validating WebSocket request
2026-03-09 00:08:14,974 - INFO - 127.0.0.1 - - [2026-03-09 00:08:14] "GET /eel.js HTTP/1.1" 200 6233 0.001374
2026-03-09 00:08:14,976 - DEBUG - Initializing WebSocket
2026-03-09 00:08:14,976 - DEBUG - Validating WebSocket request
2026-03-09 00:08:14,977 - INFO - 127.0.0.1 - - [2026-03-09 00:08:14] "GET /static/assets/logo.png HTTP/1.1" 404 894 0.001315
2026-03-09 00:08:15,094 - DEBUG - Initializing WebSocket
2026-03-09 00:08:15,094 - DEBUG - Validating WebSocket request
2026-03-09 00:08:15,101 - INFO - 127.0.0.1 - - [2026-03-09 00:08:15] "GET /static/script.js HTTP/1.1" 200 29042 0.007321
2026-03-09 00:08:15,487 - DEBUG - Initializing WebSocket
2026-03-09 00:08:15,487 - DEBUG - Validating WebSocket request
2026-03-09 00:08:15,487 - DEBUG - Attempting to upgrade connection
2026-03-09 00:08:15,487 - DEBUG - WebSocket request accepted, switching protocols
2026-03-09 00:09:36,357 - DEBUG - Initializing WebSocket
2026-03-09 00:09:36,357 - DEBUG - Validating WebSocket request
2026-03-09 00:09:36,360 - INFO - 127.0.0.1 - - [2026-03-09 00:09:36] "GET /index.html HTTP/1.1" 200 27516 0.003419
2026-03-09 00:09:36,387 - DEBUG - Closed WebSocket
2026-03-09 00:09:36,388 - DEBUG - Failed to write closing frame -> closing socket
2026-03-09 00:09:36,388 - DEBUG - Closed WebSocket
2026-03-09 00:09:36,472 - DEBUG - Initializing WebSocket
2026-03-09 00:09:36,473 - DEBUG - Validating WebSocket request
2026-03-09 00:09:36,477 - INFO - 127.0.0.1 - - [2026-03-09 00:09:36] "GET /static/style.css HTTP/1.1" 200 34493 0.004238
2026-03-09 00:09:36,479 - DEBUG - Initializing WebSocket
2026-03-09 00:09:36,479 - DEBUG - Validating WebSocket request
2026-03-09 00:09:36,480 - INFO - 127.0.0.1 - - [2026-03-09 00:09:36] "GET /eel.js HTTP/1.1" 200 6233 0.001398
2026-03-09 00:09:36,482 - DEBUG - Initializing WebSocket
2026-03-09 00:09:36,482 - DEBUG - Validating WebSocket request
2026-03-09 00:09:36,483 - INFO - 127.0.0.1 - - [2026-03-09 00:09:36] "GET /static/assets/logo.png HTTP/1.1" 404 894 0.001663
2026-03-09 00:09:36,602 - DEBUG - Initializing WebSocket
2026-03-09 00:09:36,602 - DEBUG - Validating WebSocket request
2026-03-09 00:09:36,604 - INFO - 127.0.0.1 - - [2026-03-09 00:09:36] "GET /static/script.js HTTP/1.1" 200 29042 0.002733
2026-03-09 00:09:37,024 - DEBUG - Initializing WebSocket
2026-03-09 00:09:37,025 - DEBUG - Validating WebSocket request
2026-03-09 00:09:37,025 - DEBUG - Attempting to upgrade connection
2026-03-09 00:09:37,025 - DEBUG - WebSocket request accepted, switching protocols
2026-03-09 00:10:28,693 - DEBUG - Initializing WebSocket
2026-03-09 00:10:28,694 - DEBUG - Validating WebSocket request
2026-03-09 00:10:28,697 - INFO - 127.0.0.1 - - [2026-03-09 00:10:28] "GET /index.html HTTP/1.1" 200 27516 0.003311
2026-03-09 00:10:28,727 - DEBUG - Closed WebSocket
2026-03-09 00:10:28,730 - DEBUG - Failed to write closing frame -> closing socket
2026-03-09 00:10:28,731 - DEBUG - Closed WebSocket
2026-03-09 00:10:28,813 - DEBUG - Initializing WebSocket
2026-03-09 00:10:28,813 - DEBUG - Validating WebSocket request
2026-03-09 00:10:28,816 - INFO - 127.0.0.1 - - [2026-03-09 00:10:28] "GET /static/style.css HTTP/1.1" 200 34462 0.002900
2026-03-09 00:10:28,818 - DEBUG - Initializing WebSocket
2026-03-09 00:10:28,818 - DEBUG - Validating WebSocket request
2026-03-09 00:10:28,819 - INFO - 127.0.0.1 - - [2026-03-09 00:10:28] "GET /eel.js HTTP/1.1" 200 6233 0.001141
2026-03-09 00:10:28,820 - DEBUG - Initializing WebSocket
2026-03-09 00:10:28,820 - DEBUG - Validating WebSocket request
2026-03-09 00:10:28,822 - INFO - 127.0.0.1 - - [2026-03-09 00:10:28] "GET /static/assets/logo.png HTTP/1.1" 404 894 0.001387
2026-03-09 00:10:28,941 - DEBUG - Initializing WebSocket
2026-03-09 00:10:28,942 - DEBUG - Validating WebSocket request
2026-03-09 00:10:28,944 - INFO - 127.0.0.1 - - [2026-03-09 00:10:28] "GET /static/script.js HTTP/1.1" 200 29042 0.002837
2026-03-09 00:10:29,297 - DEBUG - Initializing WebSocket
2026-03-09 00:10:29,297 - DEBUG - Validating WebSocket request
2026-03-09 00:10:29,297 - DEBUG - Attempting to upgrade connection
2026-03-09 00:10:29,297 - DEBUG - WebSocket request accepted, switching protocols
2026-03-09 00:11:42,911 - DEBUG - Initializing WebSocket
2026-03-09 00:11:42,911 - DEBUG - Validating WebSocket request
2026-03-09 00:11:42,914 - INFO - 127.0.0.1 - - [2026-03-09 00:11:42] "GET /index.html HTTP/1.1" 200 27516 0.002973
2026-03-09 00:11:42,954 - DEBUG - Closed WebSocket
2026-03-09 00:11:42,955 - DEBUG - Failed to write closing frame -> closing socket
2026-03-09 00:11:42,955 - DEBUG - Closed WebSocket
2026-03-09 00:11:43,052 - DEBUG - Initializing WebSocket
2026-03-09 00:11:43,052 - DEBUG - Validating WebSocket request
2026-03-09 00:11:43,055 - INFO - 127.0.0.1 - - [2026-03-09 00:11:43] "GET /static/style.css HTTP/1.1" 200 34353 0.002805
2026-03-09 00:11:43,057 - DEBUG - Initializing WebSocket
2026-03-09 00:11:43,057 - DEBUG - Validating WebSocket request
2026-03-09 00:11:43,058 - INFO - 127.0.0.1 - - [2026-03-09 00:11:43] "GET /eel.js HTTP/1.1" 200 6233 0.001437
2026-03-09 00:11:43,060 - DEBUG - Initializing WebSocket
2026-03-09 00:11:43,060 - DEBUG - Validating WebSocket request
2026-03-09 00:11:43,062 - INFO - 127.0.0.1 - - [2026-03-09 00:11:43] "GET /static/assets/logo.png HTTP/1.1" 404 894 0.001982
2026-03-09 00:11:43,175 - DEBUG - Initializing WebSocket
2026-03-09 00:11:43,175 - DEBUG - Validating WebSocket request
2026-03-09 00:11:43,179 - INFO - 127.0.0.1 - - [2026-03-09 00:11:43] "GET /static/script.js HTTP/1.1" 200 29042 0.004098
2026-03-09 00:11:43,586 - DEBUG - Initializing WebSocket
2026-03-09 00:11:43,586 - DEBUG - Validating WebSocket request
2026-03-09 00:11:43,586 - DEBUG - Attempting to upgrade connection
2026-03-09 00:11:43,587 - DEBUG - WebSocket request accepted, switching protocols
2026-03-09 00:13:33,813 - DEBUG - Initializing WebSocket
2026-03-09 00:13:33,814 - DEBUG - Validating WebSocket request
2026-03-09 00:13:33,816 - INFO - 127.0.0.1 - - [2026-03-09 00:13:33] "GET /index.html HTTP/1.1" 200 27516 0.002912
2026-03-09 00:13:33,836 - DEBUG - Closed WebSocket
2026-03-09 00:13:33,837 - DEBUG - Failed to write closing frame -> closing socket
2026-03-09 00:13:33,838 - DEBUG - Closed WebSocket
2026-03-09 00:13:33,904 - DEBUG - Initializing WebSocket
2026-03-09 00:13:33,904 - DEBUG - Validating WebSocket request
2026-03-09 00:13:33,907 - INFO - 127.0.0.1 - - [2026-03-09 00:13:33] "GET /static/style.css HTTP/1.1" 200 34125 0.002710
2026-03-09 00:13:33,908 - DEBUG - Initializing WebSocket
2026-03-09 00:13:33,908 - DEBUG - Validating WebSocket request
2026-03-09 00:13:33,909 - INFO - 127.0.0.1 - - [2026-03-09 00:13:33] "GET /eel.js HTTP/1.1" 200 6233 0.000964
2026-03-09 00:13:33,910 - DEBUG - Initializing WebSocket
2026-03-09 00:13:33,910 - DEBUG - Validating WebSocket request
2026-03-09 00:13:33,912 - INFO - 127.0.0.1 - - [2026-03-09 00:13:33] "GET /static/assets/logo.png HTTP/1.1" 404 894 0.001806
2026-03-09 00:13:34,003 - DEBUG - Initializing WebSocket
2026-03-09 00:13:34,003 - DEBUG - Validating WebSocket request
2026-03-09 00:13:34,005 - INFO - 127.0.0.1 - - [2026-03-09 00:13:34] "GET /static/script.js HTTP/1.1" 200 29042 0.002439
2026-03-09 00:13:34,373 - DEBUG - Initializing WebSocket
2026-03-09 00:13:34,373 - DEBUG - Validating WebSocket request
2026-03-09 00:13:34,373 - DEBUG - Attempting to upgrade connection
2026-03-09 00:13:34,373 - DEBUG - WebSocket request accepted, switching protocols
2026-03-09 00:14:54,590 - DEBUG - Initializing WebSocket
2026-03-09 00:14:54,590 - DEBUG - Validating WebSocket request
2026-03-09 00:14:54,592 - INFO - 127.0.0.1 - - [2026-03-09 00:14:54] "GET /index.html HTTP/1.1" 200 27516 0.002021
2026-03-09 00:14:54,614 - DEBUG - Closed WebSocket
2026-03-09 00:14:54,614 - DEBUG - Failed to write closing frame -> closing socket
2026-03-09 00:14:54,614 - DEBUG - Closed WebSocket
2026-03-09 00:14:54,706 - DEBUG - Initializing WebSocket
2026-03-09 00:14:54,706 - DEBUG - Validating WebSocket request
2026-03-09 00:14:54,708 - INFO - 127.0.0.1 - - [2026-03-09 00:14:54] "GET /static/style.css HTTP/1.1" 200 34152 0.002242
2026-03-09 00:14:54,710 - DEBUG - Initializing WebSocket
2026-03-09 00:14:54,710 - DEBUG - Validating WebSocket request
2026-03-09 00:14:54,711 - INFO - 127.0.0.1 - - [2026-03-09 00:14:54] "GET /eel.js HTTP/1.1" 200 6233 0.001337
2026-03-09 00:14:54,712 - DEBUG - Initializing WebSocket
2026-03-09 00:14:54,712 - DEBUG - Validating WebSocket request
2026-03-09 00:14:54,714 - INFO - 127.0.0.1 - - [2026-03-09 00:14:54] "GET /static/assets/logo.png HTTP/1.1" 404 894 0.001304
2026-03-09 00:14:54,824 - DEBUG - Initializing WebSocket
2026-03-09 00:14:54,824 - DEBUG - Validating WebSocket request
2026-03-09 00:14:54,827 - INFO - 127.0.0.1 - - [2026-03-09 00:14:54] "GET /static/script.js HTTP/1.1" 200 29042 0.002917
2026-03-09 00:14:55,487 - DEBUG - Initializing WebSocket
2026-03-09 00:14:55,487 - DEBUG - Validating WebSocket request
2026-03-09 00:14:55,487 - DEBUG - Attempting to upgrade connection
2026-03-09 00:14:55,487 - DEBUG - WebSocket request accepted, switching protocols
2026-03-09 00:15:38,051 - DEBUG - Initializing WebSocket
2026-03-09 00:15:38,051 - DEBUG - Validating WebSocket request
2026-03-09 00:15:38,053 - INFO - 127.0.0.1 - - [2026-03-09 00:15:38] "GET /index.html HTTP/1.1" 200 27516 0.001468
2026-03-09 00:15:38,068 - DEBUG - Closed WebSocket
2026-03-09 00:15:38,068 - DEBUG - Failed to write closing frame -> closing socket
2026-03-09 00:15:38,069 - DEBUG - Closed WebSocket
2026-03-09 00:15:38,144 - DEBUG - Initializing WebSocket
2026-03-09 00:15:38,144 - DEBUG - Validating WebSocket request
2026-03-09 00:15:38,147 - INFO - 127.0.0.1 - - [2026-03-09 00:15:38] "GET /static/style.css HTTP/1.1" 200 34430 0.003092
2026-03-09 00:15:38,148 - DEBUG - Initializing WebSocket
2026-03-09 00:15:38,149 - DEBUG - Validating WebSocket request
2026-03-09 00:15:38,150 - INFO - 127.0.0.1 - - [2026-03-09 00:15:38] "GET /eel.js HTTP/1.1" 200 6233 0.001115
2026-03-09 00:15:38,152 - DEBUG - Initializing WebSocket
2026-03-09 00:15:38,152 - DEBUG - Validating WebSocket request
2026-03-09 00:15:38,154 - INFO - 127.0.0.1 - - [2026-03-09 00:15:38] "GET /static/assets/logo.png HTTP/1.1" 404 894 0.001414
2026-03-09 00:15:38,258 - DEBUG - Initializing WebSocket
2026-03-09 00:15:38,258 - DEBUG - Validating WebSocket request
2026-03-09 00:15:38,263 - INFO - 127.0.0.1 - - [2026-03-09 00:15:38] "GET /static/script.js HTTP/1.1" 200 29042 0.004907
2026-03-09 00:15:38,615 - DEBUG - Initializing WebSocket
2026-03-09 00:15:38,615 - DEBUG - Validating WebSocket request
2026-03-09 00:15:38,615 - DEBUG - Attempting to upgrade connection
2026-03-09 00:15:38,616 - DEBUG - WebSocket request accepted, switching protocols
2026-03-09 00:16:36,048 - DEBUG - Initializing WebSocket
2026-03-09 00:16:36,049 - DEBUG - Validating WebSocket request
2026-03-09 00:16:36,051 - INFO - 127.0.0.1 - - [2026-03-09 00:16:36] "GET /index.html HTTP/1.1" 200 27516 0.002625
2026-03-09 00:16:36,079 - DEBUG - Closed WebSocket
2026-03-09 00:16:36,080 - DEBUG - Failed to write closing frame -> closing socket
2026-03-09 00:16:36,080 - DEBUG - Closed WebSocket
2026-03-09 00:16:36,149 - DEBUG - Initializing WebSocket
2026-03-09 00:16:36,150 - DEBUG - Validating WebSocket request
2026-03-09 00:16:36,152 - INFO - 127.0.0.1 - - [2026-03-09 00:16:36] "GET /static/style.css HTTP/1.1" 200 36582 0.002398
2026-03-09 00:16:36,153 - DEBUG - Initializing WebSocket
2026-03-09 00:16:36,154 - DEBUG - Validating WebSocket request
2026-03-09 00:16:36,155 - INFO - 127.0.0.1 - - [2026-03-09 00:16:36] "GET /eel.js HTTP/1.1" 200 6233 0.001963
2026-03-09 00:16:36,157 - DEBUG - Initializing WebSocket
2026-03-09 00:16:36,157 - DEBUG - Validating WebSocket request
2026-03-09 00:16:36,159 - INFO - 127.0.0.1 - - [2026-03-09 00:16:36] "GET /static/assets/logo.png HTTP/1.1" 404 894 0.002104
2026-03-09 00:16:36,265 - DEBUG - Initializing WebSocket
2026-03-09 00:16:36,265 - DEBUG - Validating WebSocket request
2026-03-09 00:16:36,267 - INFO - 127.0.0.1 - - [2026-03-09 00:16:36] "GET /static/script.js HTTP/1.1" 200 29042 0.002678
2026-03-09 00:16:36,637 - DEBUG - Initializing WebSocket
2026-03-09 00:16:36,637 - DEBUG - Validating WebSocket request
2026-03-09 00:16:36,637 - DEBUG - Attempting to upgrade connection
2026-03-09 00:16:36,637 - DEBUG - WebSocket request accepted, switching protocols
2026-03-09 00:17:16,838 - DEBUG - Initializing WebSocket
2026-03-09 00:17:16,838 - DEBUG - Validating WebSocket request
2026-03-09 00:17:16,842 - INFO - 127.0.0.1 - - [2026-03-09 00:17:16] "GET /index.html HTTP/1.1" 200 27516 0.003754
2026-03-09 00:17:16,863 - DEBUG - Closed WebSocket
2026-03-09 00:17:16,864 - DEBUG - Failed to write closing frame -> closing socket
2026-03-09 00:17:16,864 - DEBUG - Closed WebSocket
2026-03-09 00:17:16,961 - DEBUG - Initializing WebSocket
2026-03-09 00:17:16,961 - DEBUG - Validating WebSocket request
2026-03-09 00:17:16,965 - INFO - 127.0.0.1 - - [2026-03-09 00:17:16] "GET /static/style.css HTTP/1.1" 200 36582 0.003852
2026-03-09 00:17:16,966 - DEBUG - Initializing WebSocket
2026-03-09 00:17:16,966 - DEBUG - Validating WebSocket request
2026-03-09 00:17:16,967 - INFO - 127.0.0.1 - - [2026-03-09 00:17:16] "GET /eel.js HTTP/1.1" 200 6233 0.000948
2026-03-09 00:17:16,968 - DEBUG - Initializing WebSocket
2026-03-09 00:17:16,969 - DEBUG - Validating WebSocket request
2026-03-09 00:17:16,971 - INFO - 127.0.0.1 - - [2026-03-09 00:17:16] "GET /static/assets/logo.png HTTP/1.1" 404 894 0.002070
2026-03-09 00:17:17,059 - DEBUG - Initializing WebSocket
2026-03-09 00:17:17,060 - DEBUG - Validating WebSocket request
2026-03-09 00:17:17,063 - INFO - 127.0.0.1 - - [2026-03-09 00:17:17] "GET /static/script.js HTTP/1.1" 200 29042 0.003234
2026-03-09 00:17:17,437 - DEBUG - Initializing WebSocket
2026-03-09 00:17:17,437 - DEBUG - Validating WebSocket request
2026-03-09 00:17:17,437 - DEBUG - Attempting to upgrade connection
2026-03-09 00:17:17,437 - DEBUG - WebSocket request accepted, switching protocols
2026-03-09 00:17:45,349 - DEBUG - Initializing WebSocket
2026-03-09 00:17:45,349 - DEBUG - Validating WebSocket request
2026-03-09 00:17:45,351 - INFO - 127.0.0.1 - - [2026-03-09 00:17:45] "GET /index.html HTTP/1.1" 200 27519 0.002743
2026-03-09 00:17:45,388 - DEBUG - Closed WebSocket
2026-03-09 00:17:45,390 - DEBUG - Failed to write closing frame -> closing socket
2026-03-09 00:17:45,390 - DEBUG - Closed WebSocket
2026-03-09 00:17:45,482 - DEBUG - Initializing WebSocket
2026-03-09 00:17:45,482 - DEBUG - Validating WebSocket request
2026-03-09 00:17:45,486 - INFO - 127.0.0.1 - - [2026-03-09 00:17:45] "GET /static/style.css HTTP/1.1" 200 36582 0.004597
2026-03-09 00:17:45,491 - DEBUG - Initializing WebSocket
2026-03-09 00:17:45,491 - DEBUG - Validating WebSocket request
2026-03-09 00:17:45,493 - INFO - 127.0.0.1 - - [2026-03-09 00:17:45] "GET /eel.js HTTP/1.1" 200 6233 0.004801
2026-03-09 00:17:45,494 - DEBUG - Initializing WebSocket
2026-03-09 00:17:45,495 - DEBUG - Validating WebSocket request
2026-03-09 00:17:45,497 - INFO - 127.0.0.1 - - [2026-03-09 00:17:45] "GET /static/assets/logo.png HTTP/1.1" 404 894 0.002254
2026-03-09 00:17:45,592 - DEBUG - Initializing WebSocket
2026-03-09 00:17:45,593 - DEBUG - Validating WebSocket request
2026-03-09 00:17:45,596 - INFO - 127.0.0.1 - - [2026-03-09 00:17:45] "GET /static/script.js HTTP/1.1" 200 29162 0.003336
2026-03-09 00:17:46,044 - DEBUG - Initializing WebSocket
2026-03-09 00:17:46,044 - DEBUG - Validating WebSocket request
2026-03-09 00:17:46,044 - DEBUG - Attempting to upgrade connection
2026-03-09 00:17:46,044 - DEBUG - WebSocket request accepted, switching protocols
2026-03-09 00:17:54,093 - DEBUG - Initializing WebSocket
2026-03-09 00:17:54,093 - DEBUG - Validating WebSocket request
2026-03-09 00:17:54,096 - INFO - 127.0.0.1 - - [2026-03-09 00:17:54] "GET /index.html HTTP/1.1" 200 27519 0.003189
2026-03-09 00:17:54,111 - DEBUG - Closed WebSocket
2026-03-09 00:17:54,112 - DEBUG - Failed to write closing frame -> closing socket
2026-03-09 00:17:54,112 - DEBUG - Closed WebSocket
2026-03-09 00:17:54,163 - DEBUG - Initializing WebSocket
2026-03-09 00:17:54,163 - DEBUG - Validating WebSocket request
2026-03-09 00:17:54,165 - INFO - 127.0.0.1 - - [2026-03-09 00:17:54] "GET /static/style.css HTTP/1.1" 200 36582 0.002193
2026-03-09 00:17:54,166 - DEBUG - Initializing WebSocket
2026-03-09 00:17:54,166 - DEBUG - Validating WebSocket request
2026-03-09 00:17:54,167 - INFO - 127.0.0.1 - - [2026-03-09 00:17:54] "GET /eel.js HTTP/1.1" 200 6233 0.001068
2026-03-09 00:17:54,170 - DEBUG - Initializing WebSocket
2026-03-09 00:17:54,170 - DEBUG - Validating WebSocket request
2026-03-09 00:17:54,172 - INFO - 127.0.0.1 - - [2026-03-09 00:17:54] "GET /static/assets/logo.png HTTP/1.1" 404 894 0.001590
2026-03-09 00:17:54,179 - DEBUG - Initializing WebSocket
2026-03-09 00:17:54,179 - DEBUG - Validating WebSocket request
2026-03-09 00:17:54,182 - INFO - 127.0.0.1 - - [2026-03-09 00:17:54] "GET /static/script.js HTTP/1.1" 200 29162 0.003285
2026-03-09 00:17:54,526 - DEBUG - Initializing WebSocket
2026-03-09 00:17:54,526 - DEBUG - Validating WebSocket request
2026-03-09 00:17:54,526 - DEBUG - Attempting to upgrade connection
2026-03-09 00:17:54,526 - DEBUG - WebSocket request accepted, switching protocols
2026-03-09 00:18:40,884 - DEBUG - Initializing WebSocket
2026-03-09 00:18:40,884 - DEBUG - Validating WebSocket request
2026-03-09 00:18:40,887 - INFO - 127.0.0.1 - - [2026-03-09 00:18:40] "GET /index.html HTTP/1.1" 200 27519 0.002506
2026-03-09 00:18:40,899 - DEBUG - Closed WebSocket
2026-03-09 00:18:40,900 - DEBUG - Failed to write closing frame -> closing socket
2026-03-09 00:18:40,900 - DEBUG - Closed WebSocket
2026-03-09 00:18:40,985 - DEBUG - Initializing WebSocket
2026-03-09 00:18:40,986 - DEBUG - Validating WebSocket request
2026-03-09 00:18:40,989 - INFO - 127.0.0.1 - - [2026-03-09 00:18:40] "GET /static/style.css HTTP/1.1" 200 36582 0.005186
2026-03-09 00:18:40,991 - DEBUG - Initializing WebSocket
2026-03-09 00:18:40,991 - DEBUG - Validating WebSocket request
2026-03-09 00:18:40,996 - INFO - 127.0.0.1 - - [2026-03-09 00:18:40] "GET /eel.js HTTP/1.1" 200 6233 0.004663
2026-03-09 00:18:40,998 - DEBUG - Initializing WebSocket
2026-03-09 00:18:40,998 - DEBUG - Validating WebSocket request
2026-03-09 00:18:41,000 - INFO - 127.0.0.1 - - [2026-03-09 00:18:41] "GET /static/assets/logo.png HTTP/1.1" 404 894 0.001611
2026-03-09 00:18:41,001 - DEBUG - Initializing WebSocket
2026-03-09 00:18:41,001 - DEBUG - Validating WebSocket request
2026-03-09 00:18:41,005 - INFO - 127.0.0.1 - - [2026-03-09 00:18:41] "GET /static/script.js HTTP/1.1" 200 29283 0.003895
2026-03-09 00:18:41,426 - DEBUG - Initializing WebSocket
2026-03-09 00:18:41,427 - DEBUG - Validating WebSocket request
2026-03-09 00:18:41,427 - DEBUG - Attempting to upgrade connection
2026-03-09 00:18:41,427 - DEBUG - WebSocket request accepted, switching protocols
2026-03-09 00:20:49,484 - DEBUG - Closed WebSocket
2026-03-09 00:20:49,484 - DEBUG - Failed to write closing frame -> closing socket
2026-03-09 00:20:49,484 - DEBUG - Closed WebSocket
2026-03-09 00:24:34,045 - INFO - Starting TFN Billing application
2026-03-09 00:24:34,046 - INFO - Initializing directories and files
2026-03-09 00:24:34,046 - INFO - Application directory: d:\T.F.N Billing
2026-03-09 00:24:34,046 - INFO - Changed working directory to: d:\T.F.N Billing
2026-03-09 00:24:35,222 - INFO - All required packages are installed
2026-03-09 00:24:35,222 - INFO - Python path: ['d:\\T.F.N Billing', 'C:\\Python314\\python314.zip', 'C:\\Python314\\DLLs', 'C:\\Python314\\Lib', 'C:\\Python314', 'C:\\Users\\rakes\\AppData\\Roaming\\Python\\Python314\\site-packages', 'C:\\Python314\\Lib\\site-packages']
2026-03-09 00:24:35,222 - INFO - Current directory: d:\T.F.N Billing
2026-03-09 00:24:35,222 - INFO - Directory contents: ['.git', 'app_eel.py', 'assets', 'backend.py', 'build', 'build.bat', 'customers.json', 'dist', 'dist.zip', 'exports', 'invoice_log.json', 'invoice_tracker.json', 'launcher.py', 'launcher.spec', 'logs', 'output_invoices', 'README.md', 'requirements.txt', 'tfn_billing_debug.log', 'users.json', 'web', '__pycache__']
2026-03-09 00:24:35,222 - INFO - Importing app_eel module
2026-03-09 00:24:35,622 - INFO - Starting main application
2026-03-09 00:24:36,324 - DEBUG - Initializing WebSocket
2026-03-09 00:24:36,324 - DEBUG - Validating WebSocket request
2026-03-09 00:24:36,327 - INFO - 127.0.0.1 - - [2026-03-09 00:24:36] "GET /index.html HTTP/1.1" 200 28097 0.002848
2026-03-09 00:24:36,441 - DEBUG - Initializing WebSocket
2026-03-09 00:24:36,442 - DEBUG - Validating WebSocket request
2026-03-09 00:24:36,449 - INFO - 127.0.0.1 - - [2026-03-09 00:24:36] "GET /static/style.css HTTP/1.1" 200 36582 0.007143
2026-03-09 00:24:36,450 - DEBUG - Initializing WebSocket
2026-03-09 00:24:36,451 - DEBUG - Validating WebSocket request
2026-03-09 00:24:36,452 - INFO - 127.0.0.1 - - [2026-03-09 00:24:36] "GET /eel.js HTTP/1.1" 200 6233 0.001296
2026-03-09 00:24:36,462 - DEBUG - Initializing WebSocket
2026-03-09 00:24:36,463 - DEBUG - Validating WebSocket request
2026-03-09 00:24:36,470 - INFO - 127.0.0.1 - - [2026-03-09 00:24:36] "GET /static/assets/logo.png HTTP/1.1" 404 894 0.008180
2026-03-09 00:24:36,590 - DEBUG - Initializing WebSocket
2026-03-09 00:24:36,591 - DEBUG - Validating WebSocket request
2026-03-09 00:24:36,593 - INFO - 127.0.0.1 - - [2026-03-09 00:24:36] "GET /static/script.js HTTP/1.1" 200 29283 0.002484
2026-03-09 00:24:37,040 - DEBUG - Initializing WebSocket
2026-03-09 00:24:37,040 - DEBUG - Validating WebSocket request
2026-03-09 00:24:37,040 - DEBUG - Attempting to upgrade connection
2026-03-09 00:24:37,040 - DEBUG - WebSocket request accepted, switching protocols
2026-03-09 00:24:37,390 - DEBUG - Initializing WebSocket
2026-03-09 00:24:37,390 - DEBUG - Validating WebSocket request
2026-03-09 00:24:37,392 - INFO - 127.0.0.1 - - [2026-03-09 00:24:37] "GET /favicon.ico HTTP/1.1" 404 883 0.001951
2026-03-09 00:26:37,416 - DEBUG - Closed WebSocket
2026-03-09 00:26:37,419 - DEBUG - Failed to write closing frame -> closing socket
2026-03-09 00:26:37,419 - DEBUG - Closed WebSocket
2026-03-09 00:26:40,888 - INFO - Starting TFN Billing application
2026-03-09 00:26:40,889 - INFO - Initializing directories and files
2026-03-09 00:26:40,889 - INFO - Application directory: d:\T.F.N Billing
2026-03-09 00:26:40,889 - INFO - Changed working directory to: d:\T.F.N Billing
2026-03-09 00:26:45,081 - INFO - All required packages are installed
2026-03-09 00:26:45,081 - INFO - Python path: ['d:\\T.F.N Billing', 'C:\\Python314\\python314.zip', 'C:\\Python314\\DLLs', 'C:\\Python314\\Lib', 'C:\\Python314', 'C:\\Users\\rakes\\AppData\\Roaming\\Python\\Python314\\site-packages', 'C:\\Python314\\Lib\\site-packages']
2026-03-09 00:26:45,081 - INFO - Current directory: d:\T.F.N Billing
2026-03-09 00:26:45,083 - INFO - Directory contents: ['.git', 'app_eel.py', 'assets', 'backend.py', 'build.bat', 'customers.json', 'exports', 'invoice_log.json', 'invoice_tracker.json', 'launcher.py', 'launcher.spec', 'logs', 'output_invoices', 'README.md', 'requirements.txt', 'tfn_billing_debug.log', 'users.json', 'web']
2026-03-09 00:26:45,083 - INFO - Importing app_eel module
2026-03-09 00:26:46,158 - INFO - Starting main application
2026-03-09 00:26:47,122 - DEBUG - Initializing WebSocket
2026-03-09 00:26:47,122 - DEBUG - Validating WebSocket request
2026-03-09 00:26:47,126 - INFO - 127.0.0.1 - - [2026-03-09 00:26:47] "GET /index.html HTTP/1.1" 200 28561 0.004262
2026-03-09 00:26:47,288 - DEBUG - Initializing WebSocket
2026-03-09 00:26:47,289 - DEBUG - Validating WebSocket request
2026-03-09 00:26:47,291 - INFO - 127.0.0.1 - - [2026-03-09 00:26:47] "GET /static/style.css HTTP/1.1" 200 40373 0.002564
2026-03-09 00:26:47,292 - DEBUG - Initializing WebSocket
2026-03-09 00:26:47,292 - DEBUG - Validating WebSocket request
2026-03-09 00:26:47,293 - INFO - 127.0.0.1 - - [2026-03-09 00:26:47] "GET /eel.js HTTP/1.1" 200 6233 0.001181
2026-03-09 00:26:47,315 - DEBUG - Initializing WebSocket
2026-03-09 00:26:47,316 - DEBUG - Validating WebSocket request
2026-03-09 00:26:47,325 - INFO - 127.0.0.1 - - [2026-03-09 00:26:47] "GET /static/assets/logo.png HTTP/1.1" 404 894 0.010017
2026-03-09 00:26:47,427 - DEBUG - Initializing WebSocket
2026-03-09 00:26:47,430 - DEBUG - Validating WebSocket request
2026-03-09 00:26:47,432 - INFO - 127.0.0.1 - - [2026-03-09 00:26:47] "GET /static/script.js HTTP/1.1" 200 29283 0.005042
2026-03-09 00:26:47,987 - DEBUG - Initializing WebSocket
2026-03-09 00:26:47,988 - DEBUG - Validating WebSocket request
2026-03-09 00:26:47,988 - DEBUG - Attempting to upgrade connection
2026-03-09 00:26:47,988 - DEBUG - WebSocket request accepted, switching protocols
2026-03-09 00:26:48,681 - DEBUG - Initializing WebSocket
2026-03-09 00:26:48,681 - DEBUG - Validating WebSocket request
2026-03-09 00:26:48,682 - INFO - 127.0.0.1 - - [2026-03-09 00:26:48] "GET /favicon.ico HTTP/1.1" 404 883 0.001488
2026-03-09 00:27:07,887 - DEBUG - Initializing WebSocket
2026-03-09 00:27:07,887 - DEBUG - Validating WebSocket request
2026-03-09 00:27:07,889 - INFO - 127.0.0.1 - - [2026-03-09 00:27:07] "GET /index.html HTTP/1.1" 200 27519 0.002335
2026-03-09 00:27:07,910 - DEBUG - Closed WebSocket
2026-03-09 00:27:07,912 - DEBUG - Failed to write closing frame -> closing socket
2026-03-09 00:27:07,912 - DEBUG - Closed WebSocket
2026-03-09 00:27:07,991 - DEBUG - Initializing WebSocket
2026-03-09 00:27:07,991 - DEBUG - Validating WebSocket request
2026-03-09 00:27:07,993 - INFO - 127.0.0.1 - - [2026-03-09 00:27:07] "GET /static/style.css HTTP/1.1" 200 36582 0.002093
2026-03-09 00:27:07,994 - DEBUG - Initializing WebSocket
2026-03-09 00:27:07,995 - DEBUG - Validating WebSocket request
2026-03-09 00:27:07,996 - INFO - 127.0.0.1 - - [2026-03-09 00:27:07] "GET /eel.js HTTP/1.1" 200 6233 0.001507
2026-03-09 00:27:07,997 - DEBUG - Initializing WebSocket
2026-03-09 00:27:07,998 - DEBUG - Validating WebSocket request
2026-03-09 00:27:07,999 - INFO - 127.0.0.1 - - [2026-03-09 00:27:07] "GET /static/assets/logo.png HTTP/1.1" 404 894 0.001660
2026-03-09 00:27:08,047 - DEBUG - Initializing WebSocket
2026-03-09 00:27:08,047 - DEBUG - Validating WebSocket request
2026-03-09 00:27:08,049 - INFO - 127.0.0.1 - - [2026-03-09 00:27:08] "GET /static/script.js HTTP/1.1" 200 29283 0.001682
2026-03-09 00:27:08,304 - DEBUG - Initializing WebSocket
2026-03-09 00:27:08,305 - DEBUG - Validating WebSocket request
2026-03-09 00:27:08,307 - INFO - 127.0.0.1 - - [2026-03-09 00:27:08] "GET /index.html HTTP/1.1" 200 27519 0.002340
2026-03-09 00:27:08,398 - DEBUG - Initializing WebSocket
2026-03-09 00:27:08,399 - DEBUG - Validating WebSocket request
2026-03-09 00:27:08,399 - DEBUG - Attempting to upgrade connection
2026-03-09 00:27:08,399 - DEBUG - WebSocket request accepted, switching protocols
2026-03-09 00:27:08,470 - DEBUG - Closed WebSocket
2026-03-09 00:27:08,471 - DEBUG - Failed to write closing frame -> closing socket
2026-03-09 00:27:08,471 - DEBUG - Closed WebSocket
2026-03-09 00:27:08,552 - DEBUG - Initializing WebSocket
2026-03-09 00:27:08,552 - DEBUG - Validating WebSocket request
2026-03-09 00:27:08,559 - INFO - 127.0.0.1 - - [2026-03-09 00:27:08] "GET /static/style.css HTTP/1.1" 200 36582 0.014775
2026-03-09 00:27:08,561 - DEBUG - Initializing WebSocket
2026-03-09 00:27:08,561 - DEBUG - Validating WebSocket request
2026-03-09 00:27:08,562 - INFO - 127.0.0.1 - - [2026-03-09 00:27:08] "GET /eel.js HTTP/1.1" 200 6233 0.001067
2026-03-09 00:27:08,563 - DEBUG - Initializing WebSocket
2026-03-09 00:27:08,563 - DEBUG - Validating WebSocket request
2026-03-09 00:27:08,566 - INFO - 127.0.0.1 - - [2026-03-09 00:27:08] "GET /static/assets/logo.png HTTP/1.1" 404 894 0.002718
2026-03-09 00:27:08,569 - DEBUG - Initializing WebSocket
2026-03-09 00:27:08,570 - DEBUG - Validating WebSocket request
2026-03-09 00:27:08,573 - INFO - 127.0.0.1 - - [2026-03-09 00:27:08] "GET /static/script.js HTTP/1.1" 200 29283 0.003506
2026-03-09 00:27:08,955 - DEBUG - Initializing WebSocket
2026-03-09 00:27:08,955 - DEBUG - Validating WebSocket request
2026-03-09 00:27:08,955 - DEBUG - Attempting to upgrade connection
2026-03-09 00:27:08,955 - DEBUG - WebSocket request accepted, switching protocols
2026-03-09 00:28:12,288 - DEBUG - Closed WebSocket
2026-03-09 00:28:12,290 - DEBUG - Failed to write closing frame -> closing socket
2026-03-09 00:28:12,290 - DEBUG - Closed WebSocket
2026-03-09 00:29:44,972 - INFO - Starting TFN Billing application
2026-03-09 00:29:44,973 - INFO - Initializing directories and files
2026-03-09 00:29:44,973 - INFO - Application directory: d:\T.F.N Billing
2026-03-09 00:29:44,973 - INFO - Changed working directory to: d:\T.F.N Billing
2026-03-09 00:29:46,027 - INFO - All required packages are installed
2026-03-09 00:29:46,027 - INFO - Python path: ['d:\\T.F.N Billing', 'C:\\Python314\\python314.zip', 'C:\\Python314\\DLLs', 'C:\\Python314\\Lib', 'C:\\Python314', 'C:\\Users\\rakes\\AppData\\Roaming\\Python\\Python314\\site-packages', 'C:\\Python314\\Lib\\site-packages']
2026-03-09 00:29:46,027 - INFO - Current directory: d:\T.F.N Billing
2026-03-09 00:29:46,027 - INFO - Directory contents: ['.git', 'app_eel.py', 'assets', 'backend.py', 'build.bat', 'customers.json', 'exports', 'invoice_log.json', 'invoice_tracker.json', 'launcher.py', 'launcher.spec', 'logs', 'output_invoices', 'README.md', 'requirements.txt', 'tfn_billing_debug.log', 'users.json', 'web', '__pycache__']
2026-03-09 00:29:46,027 - INFO - Importing app_eel module
2026-03-09 00:29:46,449 - INFO - Starting main application
2026-03-09 00:29:47,329 - DEBUG - Initializing WebSocket
2026-03-09 00:29:47,330 - DEBUG - Validating WebSocket request
2026-03-09 00:29:47,334 - INFO - 127.0.0.1 - - [2026-03-09 00:29:47] "GET /index.html HTTP/1.1" 200 27519 0.003953
2026-03-09 00:29:47,690 - DEBUG - Initializing WebSocket
2026-03-09 00:29:47,691 - DEBUG - Validating WebSocket request
2026-03-09 00:29:47,696 - INFO - 127.0.0.1 - - [2026-03-09 00:29:47] "GET /static/style.css HTTP/1.1" 200 36582 0.004972
2026-03-09 00:29:47,697 - DEBUG - Initializing WebSocket
2026-03-09 00:29:47,698 - DEBUG - Validating WebSocket request
2026-03-09 00:29:47,700 - INFO - 127.0.0.1 - - [2026-03-09 00:29:47] "GET /eel.js HTTP/1.1" 200 6233 0.002888
2026-03-09 00:29:47,758 - DEBUG - Initializing WebSocket
2026-03-09 00:29:47,758 - DEBUG - Validating WebSocket request
2026-03-09 00:29:47,778 - INFO - 127.0.0.1 - - [2026-03-09 00:29:47] "GET /static/assets/logo.png HTTP/1.1" 404 894 0.019913
2026-03-09 00:29:48,024 - DEBUG - Initializing WebSocket
2026-03-09 00:29:48,025 - DEBUG - Validating WebSocket request
2026-03-09 00:29:48,030 - INFO - 127.0.0.1 - - [2026-03-09 00:29:48] "GET /static/script.js HTTP/1.1" 200 29283 0.005982
2026-03-09 00:29:48,820 - DEBUG - Initializing WebSocket
2026-03-09 00:29:48,821 - DEBUG - Validating WebSocket request
2026-03-09 00:29:48,821 - DEBUG - Attempting to upgrade connection
2026-03-09 00:29:48,821 - DEBUG - WebSocket request accepted, switching protocols
2026-03-09 00:29:50,021 - DEBUG - Initializing WebSocket
2026-03-09 00:29:50,022 - DEBUG - Validating WebSocket request
2026-03-09 00:29:50,025 - INFO - 127.0.0.1 - - [2026-03-09 00:29:50] "GET /favicon.ico HTTP/1.1" 404 883 0.004417
2026-03-09 00:34:28,985 - DEBUG - STREAM b'IHDR' 16 13
2026-03-09 00:34:28,986 - DEBUG - STREAM b'PLTE' 41 108
2026-03-09 00:34:28,987 - DEBUG - STREAM b'tRNS' 161 35
2026-03-09 00:34:28,987 - DEBUG - STREAM b'IDAT' 208 5693
2026-03-09 00:34:29,001 - DEBUG - STREAM b'IHDR' 16 13
2026-03-09 00:34:29,002 - DEBUG - STREAM b'PLTE' 41 108
2026-03-09 00:34:29,002 - DEBUG - STREAM b'tRNS' 161 35
2026-03-09 00:34:29,002 - DEBUG - STREAM b'IDAT' 208 5693
2026-03-09 00:34:29,004 - DEBUG - STREAM b'IHDR' 16 13
2026-03-09 00:34:29,004 - DEBUG - STREAM b'PLTE' 41 108
2026-03-09 00:34:29,005 - DEBUG - STREAM b'tRNS' 161 35
2026-03-09 00:34:29,005 - DEBUG - STREAM b'IDAT' 208 5693
2026-03-09 00:34:29,039 - DEBUG - STREAM b'IHDR' 16 13
2026-03-09 00:34:29,040 - DEBUG - STREAM b'PLTE' 41 108
2026-03-09 00:34:29,040 - DEBUG - STREAM b'tRNS' 161 35
2026-03-09 00:34:29,040 - DEBUG - STREAM b'IDAT' 208 5693
2026-03-09 00:34:39,282 - DEBUG - Initializing WebSocket
2026-03-09 00:34:39,283 - DEBUG - Validating WebSocket request
2026-03-09 00:34:39,292 - INFO - 127.0.0.1 - - [2026-03-09 00:34:39] "GET /index.html HTTP/1.1" 200 28561 0.010033
2026-03-09 00:34:39,331 - DEBUG - Closed WebSocket
2026-03-09 00:34:39,335 - DEBUG - Failed to write closing frame -> closing socket
2026-03-09 00:34:39,335 - DEBUG - Closed WebSocket
2026-03-09 00:34:39,426 - DEBUG - Initializing WebSocket
2026-03-09 00:34:39,426 - DEBUG - Validating WebSocket request
2026-03-09 00:34:39,430 - INFO - 127.0.0.1 - - [2026-03-09 00:34:39] "GET /static/style.css HTTP/1.1" 200 40373 0.003685
2026-03-09 00:34:39,433 - DEBUG - Initializing WebSocket
2026-03-09 00:34:39,434 - DEBUG - Validating WebSocket request
2026-03-09 00:34:39,436 - INFO - 127.0.0.1 - - [2026-03-09 00:34:39] "GET /eel.js HTTP/1.1" 200 6233 0.002316
2026-03-09 00:34:39,449 - DEBUG - Initializing WebSocket
2026-03-09 00:34:39,450 - DEBUG - Validating WebSocket request
2026-03-09 00:34:39,452 - INFO - 127.0.0.1 - - [2026-03-09 00:34:39] "GET /static/assets/logo.png HTTP/1.1" 404 894 0.002529
2026-03-09 00:34:39,587 - DEBUG - Initializing WebSocket
2026-03-09 00:34:39,588 - DEBUG - Validating WebSocket request
2026-03-09 00:34:39,590 - INFO - 127.0.0.1 - - [2026-03-09 00:34:39] "GET /static/script.js HTTP/1.1" 200 29283 0.003004
2026-03-09 00:34:40,035 - DEBUG - Initializing WebSocket
2026-03-09 00:34:40,035 - DEBUG - Validating WebSocket request
2026-03-09 00:34:40,035 - DEBUG - Attempting to upgrade connection
2026-03-09 00:34:40,035 - DEBUG - WebSocket request accepted, switching protocols
2026-03-09 00:35:36,156 - DEBUG - Initializing WebSocket
2026-03-09 00:35:36,156 - DEBUG - Validating WebSocket request
2026-03-09 00:35:36,158 - INFO - 127.0.0.1 - - [2026-03-09 00:35:36] "GET /index.html HTTP/1.1" 200 27519 0.002085
2026-03-09 00:35:36,179 - DEBUG - Closed WebSocket
2026-03-09 00:35:36,182 - DEBUG - Failed to write closing frame -> closing socket
2026-03-09 00:35:36,183 - DEBUG - Closed WebSocket
2026-03-09 00:35:36,283 - DEBUG - Initializing WebSocket
2026-03-09 00:35:36,284 - DEBUG - Validating WebSocket request
2026-03-09 00:35:36,286 - INFO - 127.0.0.1 - - [2026-03-09 00:35:36] "GET /static/style.css HTTP/1.1" 200 36582 0.002443
2026-03-09 00:35:36,288 - DEBUG - Initializing WebSocket
2026-03-09 00:35:36,288 - DEBUG - Validating WebSocket request
2026-03-09 00:35:36,289 - INFO - 127.0.0.1 - - [2026-03-09 00:35:36] "GET /eel.js HTTP/1.1" 200 6233 0.001763
2026-03-09 00:35:36,291 - DEBUG - Initializing WebSocket
2026-03-09 00:35:36,291 - DEBUG - Validating WebSocket request
2026-03-09 00:35:36,293 - INFO - 127.0.0.1 - - [2026-03-09 00:35:36] "GET /static/assets/logo.png HTTP/1.1" 404 894 0.001578
2026-03-09 00:35:36,397 - DEBUG - Initializing WebSocket
2026-03-09 00:35:36,397 - DEBUG - Validating WebSocket request
2026-03-09 00:35:36,399 - INFO - 127.0.0.1 - - [2026-03-09 00:35:36] "GET /static/script.js HTTP/1.1" 200 29283 0.002689
2026-03-09 00:35:36,775 - DEBUG - Initializing WebSocket
2026-03-09 00:35:36,775 - DEBUG - Validating WebSocket request
2026-03-09 00:35:36,775 - DEBUG - Attempting to upgrade connection
2026-03-09 00:35:36,775 - DEBUG - WebSocket request accepted, switching protocols
2026-03-09 00:37:44,357 - DEBUG - STREAM b'IHDR' 16 13
2026-03-09 00:37:44,358 - DEBUG - STREAM b'PLTE' 41 108
2026-03-09 00:37:44,358 - DEBUG - STREAM b'tRNS' 161 35
2026-03-09 00:37:44,358 - DEBUG - STREAM b'IDAT' 208 5693
2026-03-09 00:37:44,364 - DEBUG - STREAM b'IHDR' 16 13
2026-03-09 00:37:44,364 - DEBUG - STREAM b'PLTE' 41 108
2026-03-09 00:37:44,365 - DEBUG - STREAM b'tRNS' 161 35
2026-03-09 00:37:44,365 - DEBUG - STREAM b'IDAT' 208 5693
2026-03-09 00:37:44,367 - DEBUG - STREAM b'IHDR' 16 13
2026-03-09 00:37:44,367 - DEBUG - STREAM b'PLTE' 41 108
2026-03-09 00:37:44,367 - DEBUG - STREAM b'tRNS' 161 35
2026-03-09 00:37:44,367 - DEBUG - STREAM b'IDAT' 208 5693
2026-03-09 00:37:44,385 - DEBUG - STREAM b'IHDR' 16 13
2026-03-09 00:37:44,385 - DEBUG - STREAM b'PLTE' 41 108
2026-03-09 00:37:44,385 - DEBUG - STREAM b'tRNS' 161 35
2026-03-09 00:37:44,385 - DEBUG - STREAM b'IDAT' 208 5693
2026-03-09 00:40:19,768 - DEBUG - Initializing WebSocket
2026-03-09 00:40:19,768 - DEBUG - Validating WebSocket request
2026-03-09 00:40:19,772 - INFO - 127.0.0.1 - - [2026-03-09 00:40:19] "GET /index.html HTTP/1.1" 200 27499 0.004105
2026-03-09 00:40:19,821 - DEBUG - Closed WebSocket
2026-03-09 00:40:19,822 - DEBUG - Failed to write closing frame -> closing socket
2026-03-09 00:40:19,822 - DEBUG - Closed WebSocket
2026-03-09 00:40:19,934 - DEBUG - Initializing WebSocket
2026-03-09 00:40:19,934 - DEBUG - Validating WebSocket request
2026-03-09 00:40:19,938 - INFO - 127.0.0.1 - - [2026-03-09 00:40:19] "GET /static/style.css HTTP/1.1" 200 38177 0.003683
2026-03-09 00:40:19,940 - DEBUG - Initializing WebSocket
2026-03-09 00:40:19,940 - DEBUG - Validating WebSocket request
2026-03-09 00:40:19,942 - INFO - 127.0.0.1 - - [2026-03-09 00:40:19] "GET /eel.js HTTP/1.1" 200 6233 0.001896
2026-03-09 00:40:19,944 - DEBUG - Initializing WebSocket
2026-03-09 00:40:19,945 - DEBUG - Validating WebSocket request
2026-03-09 00:40:19,947 - INFO - 127.0.0.1 - - [2026-03-09 00:40:19] "GET /static/assets/logo.png HTTP/1.1" 404 894 0.002950
2026-03-09 00:40:20,043 - DEBUG - Initializing WebSocket
2026-03-09 00:40:20,044 - DEBUG - Validating WebSocket request
2026-03-09 00:40:20,046 - INFO - 127.0.0.1 - - [2026-03-09 00:40:20] "GET /static/script.js HTTP/1.1" 200 29580 0.002996
2026-03-09 00:40:20,498 - DEBUG - Initializing WebSocket
2026-03-09 00:40:20,498 - DEBUG - Validating WebSocket request
2026-03-09 00:40:20,499 - DEBUG - Attempting to upgrade connection
2026-03-09 00:40:20,499 - DEBUG - WebSocket request accepted, switching protocols
2026-03-09 00:40:34,968 - DEBUG - STREAM b'IHDR' 16 13
2026-03-09 00:40:34,969 - DEBUG - STREAM b'PLTE' 41 108
2026-03-09 00:40:34,969 - DEBUG - STREAM b'tRNS' 161 35
2026-03-09 00:40:34,969 - DEBUG - STREAM b'IDAT' 208 5693
2026-03-09 00:40:34,974 - DEBUG - STREAM b'IHDR' 16 13
2026-03-09 00:40:34,974 - DEBUG - STREAM b'PLTE' 41 108
2026-03-09 00:40:34,974 - DEBUG - STREAM b'tRNS' 161 35
2026-03-09 00:40:34,974 - DEBUG - STREAM b'IDAT' 208 5693
2026-03-09 00:40:34,975 - DEBUG - STREAM b'IHDR' 16 13
2026-03-09 00:40:34,976 - DEBUG - STREAM b'PLTE' 41 108
2026-03-09 00:40:34,976 - DEBUG - STREAM b'tRNS' 161 35
2026-03-09 00:40:34,976 - DEBUG - STREAM b'IDAT' 208 5693
2026-03-09 00:40:34,990 - DEBUG - STREAM b'IHDR' 16 13
2026-03-09 00:40:34,990 - DEBUG - STREAM b'PLTE' 41 108
2026-03-09 00:40:34,991 - DEBUG - STREAM b'tRNS' 161 35
2026-03-09 00:40:34,991 - DEBUG - STREAM b'IDAT' 208 5693
2026-03-09 00:42:03,377 - DEBUG - Closed WebSocket
2026-03-09 00:42:03,378 - DEBUG - Failed to write closing frame -> closing socket
2026-03-09 00:42:03,379 - DEBUG - Closed WebSocket
2026-03-09 10:29:25,038 - INFO - Starting TFN Billing application
2026-03-09 10:29:25,039 - INFO - Initializing directories and files
2026-03-09 10:29:25,039 - INFO - Application directory: d:\T.F.N Billing
2026-03-09 10:29:25,039 - INFO - Changed working directory to: d:\T.F.N Billing
2026-03-09 10:29:27,751 - INFO - All required packages are installed
2026-03-09 10:29:27,751 - INFO - Python path: ['d:\\T.F.N Billing', 'C:\\Python314\\python314.zip', 'C:\\Python314\\DLLs', 'C:\\Python314\\Lib', 'C:\\Python314', 'C:\\Users\\rakes\\AppData\\Roaming\\Python\\Python314\\site-packages', 'C:\\Python314\\Lib\\site-packages']
2026-03-09 10:29:27,751 - INFO - Current directory: d:\T.F.N Billing
2026-03-09 10:29:27,752 - INFO - Directory contents: ['.git', 'app_eel.py', 'assets', 'backend.py', 'build.bat', 'customers.json', 'exports', 'invoice_log.json', 'invoice_tracker.json', 'launcher.py', 'launcher.spec', 'logs', 'output_invoices', 'README.md', 'requirements.txt', 'tfn_billing_debug.log', 'users.json', 'web', '__pycache__']
2026-03-09 10:29:27,752 - INFO - Importing app_eel module
2026-03-09 10:29:28,586 - INFO - Starting main application
2026-03-09 10:29:30,842 - DEBUG - Initializing WebSocket
2026-03-09 10:29:30,843 - DEBUG - Validating WebSocket request
2026-03-09 10:29:30,847 - INFO - 127.0.0.1 - - [2026-03-09 10:29:30] "GET /index.html HTTP/1.1" 200 27499 0.004684
2026-03-09 10:29:31,327 - DEBUG - Initializing WebSocket
2026-03-09 10:29:31,328 - DEBUG - Validating WebSocket request
2026-03-09 10:29:31,343 - INFO - 127.0.0.1 - - [2026-03-09 10:29:31] "GET /static/style.css HTTP/1.1" 200 38177 0.015884
2026-03-09 10:29:31,345 - DEBUG - Initializing WebSocket
2026-03-09 10:29:31,345 - DEBUG - Validating WebSocket request
2026-03-09 10:29:31,347 - INFO - 127.0.0.1 - - [2026-03-09 10:29:31] "GET /eel.js HTTP/1.1" 200 6233 0.001777
2026-03-09 10:29:31,352 - DEBUG - Initializing WebSocket
2026-03-09 10:29:31,352 - DEBUG - Validating WebSocket request
2026-03-09 10:29:31,401 - INFO - 127.0.0.1 - - [2026-03-09 10:29:31] "GET /static/assets/logo.png HTTP/1.1" 404 894 0.048389
2026-03-09 10:29:31,404 - DEBUG - Initializing WebSocket
2026-03-09 10:29:31,404 - DEBUG - Validating WebSocket request
2026-03-09 10:29:31,410 - INFO - 127.0.0.1 - - [2026-03-09 10:29:31] "GET /static/script.js HTTP/1.1" 200 29580 0.006032
2026-03-09 10:29:31,895 - DEBUG - Initializing WebSocket
2026-03-09 10:29:31,895 - DEBUG - Validating WebSocket request
2026-03-09 10:29:31,895 - DEBUG - Attempting to upgrade connection
2026-03-09 10:29:31,895 - DEBUG - WebSocket request accepted, switching protocols
2026-03-09 10:29:33,010 - DEBUG - Initializing WebSocket
2026-03-09 10:29:33,010 - DEBUG - Validating WebSocket request
2026-03-09 10:29:33,013 - INFO - 127.0.0.1 - - [2026-03-09 10:29:33] "GET /favicon.ico HTTP/1.1" 404 883 0.002647
2026-03-09 10:34:02,636 - DEBUG - Closed WebSocket
2026-03-09 10:34:02,671 - DEBUG - Failed to write closing frame -> closing socket
2026-03-09 10:34:02,677 - DEBUG - Closed WebSocket
2026-03-09 10:47:13,592 - INFO - Starting TFN Billing application
2026-03-09 10:47:13,592 - INFO - Initializing directories and files
2026-03-09 10:47:13,592 - INFO - Application directory: d:\T.F.N Billing
2026-03-09 10:47:13,592 - INFO - Changed working directory to: d:\T.F.N Billing
2026-03-09 10:47:16,873 - INFO - All required packages are installed
2026-03-09 10:47:16,873 - INFO - Python path: ['d:\\T.F.N Billing', 'C:\\Python314\\python314.zip', 'C:\\Python314\\DLLs', 'C:\\Python314\\Lib', 'C:\\Python314', 'C:\\Users\\rakes\\AppData\\Roaming\\Python\\Python314\\site-packages', 'C:\\Python314\\Lib\\site-packages']
2026-03-09 10:47:16,873 - INFO - Current directory: d:\T.F.N Billing
2026-03-09 10:47:16,873 - INFO - Directory contents: ['.git', 'app_eel.py', 'assets', 'backend.py', 'build.bat', 'customers.json', 'exports', 'invoice_log.json', 'invoice_tracker.json', 'launcher.py', 'launcher.spec', 'logs', 'output_invoices', 'README.md', 'requirements.txt', 'tfn_billing_debug.log', 'users.json', 'web', '__pycache__']
2026-03-09 10:47:16,873 - INFO - Importing app_eel module
2026-03-09 10:47:17,569 - INFO - Starting main application
2026-03-09 10:47:18,525 - DEBUG - Initializing WebSocket
2026-03-09 10:47:18,526 - DEBUG - Validating WebSocket request
2026-03-09 10:47:18,529 - INFO - 127.0.0.1 - - [2026-03-09 10:47:18] "GET /index.html HTTP/1.1" 200 27499 0.003711
2026-03-09 10:47:18,753 - DEBUG - Initializing WebSocket
2026-03-09 10:47:18,754 - DEBUG - Validating WebSocket request
2026-03-09 10:47:18,759 - INFO - 127.0.0.1 - - [2026-03-09 10:47:18] "GET /static/style.css HTTP/1.1" 200 38177 0.005334
2026-03-09 10:47:18,760 - DEBUG - Initializing WebSocket
2026-03-09 10:47:18,761 - DEBUG - Validating WebSocket request
2026-03-09 10:47:18,762 - INFO - 127.0.0.1 - - [2026-03-09 10:47:18] "GET /eel.js HTTP/1.1" 200 6233 0.001243
2026-03-09 10:47:18,786 - DEBUG - Initializing WebSocket
2026-03-09 10:47:18,786 - DEBUG - Validating WebSocket request
2026-03-09 10:47:18,794 - INFO - 127.0.0.1 - - [2026-03-09 10:47:18] "GET /static/assets/logo.png HTTP/1.1" 404 894 0.008136
2026-03-09 10:47:18,893 - DEBUG - Initializing WebSocket
2026-03-09 10:47:18,893 - DEBUG - Validating WebSocket request
2026-03-09 10:47:18,895 - INFO - 127.0.0.1 - - [2026-03-09 10:47:18] "GET /static/script.js HTTP/1.1" 200 29580 0.001664
2026-03-09 10:47:19,429 - DEBUG - Initializing WebSocket
2026-03-09 10:47:19,429 - DEBUG - Validating WebSocket request
2026-03-09 10:47:19,429 - DEBUG - Attempting to upgrade connection
2026-03-09 10:47:19,430 - DEBUG - WebSocket request accepted, switching protocols
2026-03-09 10:47:20,186 - DEBUG - Initializing WebSocket
2026-03-09 10:47:20,187 - DEBUG - Validating WebSocket request
2026-03-09 10:47:20,188 - INFO - 127.0.0.1 - - [2026-03-09 10:47:20] "GET /favicon.ico HTTP/1.1" 404 883 0.002077
2026-03-09 11:04:13,614 - DEBUG - Closed WebSocket
2026-03-09 11:04:13,632 - DEBUG - Failed to write closing frame -> closing socket
2026-03-09 11:04:13,633 - DEBUG - Closed WebSocket
2026-03-09 11:08:23,096 - INFO - Starting TFN Billing application
2026-03-09 11:08:23,097 - INFO - Initializing directories and files
2026-03-09 11:08:23,097 - INFO - Application directory: d:\T.F.N Billing
2026-03-09 11:08:23,097 - INFO - Changed working directory to: d:\T.F.N Billing
2026-03-09 11:08:24,610 - INFO - All required packages are installed
2026-03-09 11:08:24,611 - INFO - Python path: ['d:\\T.F.N Billing', 'C:\\Python314\\python314.zip', 'C:\\Python314\\DLLs', 'C:\\Python314\\Lib', 'C:\\Python314', 'C:\\Users\\rakes\\AppData\\Roaming\\Python\\Python314\\site-packages', 'C:\\Python314\\Lib\\site-packages']
2026-03-09 11:08:24,611 - INFO - Current directory: d:\T.F.N Billing
2026-03-09 11:08:24,611 - INFO - Directory contents: ['.git', 'app_eel.py', 'assets', 'backend.py', 'build.bat', 'customers.json', 'exports', 'invoice_log.json', 'invoice_tracker.json', 'launcher.py', 'launcher.spec', 'logs', 'output_invoices', 'README.md', 'requirements.txt', 'tfn_billing_debug.log', 'users.json', 'web', '__pycache__']
2026-03-09 11:08:24,612 - INFO - Importing app_eel module
2026-03-09 11:08:25,058 - INFO - Starting main application
2026-03-09 11:08:25,800 - DEBUG - Initializing WebSocket
2026-03-09 11:08:25,801 - DEBUG - Validating WebSocket request
2026-03-09 11:08:25,803 - INFO - 127.0.0.1 - - [2026-03-09 11:08:25] "GET /index.html HTTP/1.1" 200 27499 0.003098
2026-03-09 11:08:25,929 - DEBUG - Initializing WebSocket
2026-03-09 11:08:25,930 - DEBUG - Validating WebSocket request
2026-03-09 11:08:25,932 - INFO - 127.0.0.1 - - [2026-03-09 11:08:25] "GET /static/style.css HTTP/1.1" 200 38177 0.002274
2026-03-09 11:08:25,933 - DEBUG - Initializing WebSocket
2026-03-09 11:08:25,933 - DEBUG - Validating WebSocket request
2026-03-09 11:08:25,935 - INFO - 127.0.0.1 - - [2026-03-09 11:08:25] "GET /eel.js HTTP/1.1" 200 6233 0.001521
2026-03-09 11:08:25,949 - DEBUG - Initializing WebSocket
2026-03-09 11:08:25,949 - DEBUG - Validating WebSocket request
2026-03-09 11:08:25,959 - INFO - 127.0.0.1 - - [2026-03-09 11:08:25] "GET /static/assets/logo.png HTTP/1.1" 404 894 0.009687
2026-03-09 11:08:26,093 - DEBUG - Initializing WebSocket
2026-03-09 11:08:26,093 - DEBUG - Validating WebSocket request
2026-03-09 11:08:26,096 - INFO - 127.0.0.1 - - [2026-03-09 11:08:26] "GET /static/script.js HTTP/1.1" 200 29580 0.002865
2026-03-09 11:08:26,591 - DEBUG - Initializing WebSocket
2026-03-09 11:08:26,592 - DEBUG - Validating WebSocket request
2026-03-09 11:08:26,592 - DEBUG - Attempting to upgrade connection
2026-03-09 11:08:26,592 - DEBUG - WebSocket request accepted, switching protocols
2026-03-09 11:08:26,989 - DEBUG - Initializing WebSocket
2026-03-09 11:08:26,990 - DEBUG - Validating WebSocket request
2026-03-09 11:08:26,991 - INFO - 127.0.0.1 - - [2026-03-09 11:08:26] "GET /favicon.ico HTTP/1.1" 404 883 0.001590
2026-03-09 11:08:30,778 - DEBUG - Initializing WebSocket
2026-03-09 11:08:30,778 - DEBUG - Validating WebSocket request
2026-03-09 11:08:30,780 - INFO - 127.0.0.1 - - [2026-03-09 11:08:30] "GET /index.html HTTP/1.1" 200 27499 0.002494
2026-03-09 11:08:30,801 - DEBUG - Closed WebSocket
2026-03-09 11:08:30,802 - DEBUG - Failed to write closing frame -> closing socket
2026-03-09 11:08:30,802 - DEBUG - Closed WebSocket
2026-03-09 11:08:30,860 - DEBUG - Initializing WebSocket
2026-03-09 11:08:30,860 - DEBUG - Validating WebSocket request
2026-03-09 11:08:30,862 - INFO - 127.0.0.1 - - [2026-03-09 11:08:30] "GET /static/style.css HTTP/1.1" 200 38177 0.002536
2026-03-09 11:08:30,864 - DEBUG - Initializing WebSocket
2026-03-09 11:08:30,864 - DEBUG - Validating WebSocket request
2026-03-09 11:08:30,865 - INFO - 127.0.0.1 - - [2026-03-09 11:08:30] "GET /eel.js HTTP/1.1" 200 6233 0.001024
2026-03-09 11:08:30,866 - DEBUG - Initializing WebSocket
2026-03-09 11:08:30,866 - DEBUG - Validating WebSocket request
2026-03-09 11:08:30,867 - INFO - 127.0.0.1 - - [2026-03-09 11:08:30] "GET /static/assets/logo.png HTTP/1.1" 404 894 0.001222
2026-03-09 11:08:30,920 - DEBUG - Initializing WebSocket
2026-03-09 11:08:30,920 - DEBUG - Validating WebSocket request
2026-03-09 11:08:30,922 - INFO - 127.0.0.1 - - [2026-03-09 11:08:30] "GET /static/script.js HTTP/1.1" 200 29580 0.001873
2026-03-09 11:08:31,275 - DEBUG - Initializing WebSocket
2026-03-09 11:08:31,275 - DEBUG - Validating WebSocket request
2026-03-09 11:08:31,276 - DEBUG - Attempting to upgrade connection
2026-03-09 11:08:31,276 - DEBUG - WebSocket request accepted, switching protocols
2026-03-09 11:08:31,575 - DEBUG - Initializing WebSocket
2026-03-09 11:08:31,575 - DEBUG - Validating WebSocket request
2026-03-09 11:08:31,577 - INFO - 127.0.0.1 - - [2026-03-09 11:08:31] "GET /index.html HTTP/1.1" 200 27499 0.001820
2026-03-09 11:08:31,595 - DEBUG - Closed WebSocket
2026-03-09 11:08:31,597 - DEBUG - Failed to write closing frame -> closing socket
2026-03-09 11:08:31,597 - DEBUG - Closed WebSocket
2026-03-09 11:08:31,648 - DEBUG - Initializing WebSocket
2026-03-09 11:08:31,648 - DEBUG - Validating WebSocket request
2026-03-09 11:08:31,651 - INFO - 127.0.0.1 - - [2026-03-09 11:08:31] "GET /static/style.css HTTP/1.1" 200 38177 0.003112
2026-03-09 11:08:31,654 - DEBUG - Initializing WebSocket
2026-03-09 11:08:31,654 - DEBUG - Validating WebSocket request
2026-03-09 11:08:31,655 - INFO - 127.0.0.1 - - [2026-03-09 11:08:31] "GET /eel.js HTTP/1.1" 200 6233 0.000812
2026-03-09 11:08:31,657 - DEBUG - Initializing WebSocket
2026-03-09 11:08:31,657 - DEBUG - Validating WebSocket request
2026-03-09 11:08:31,658 - INFO - 127.0.0.1 - - [2026-03-09 11:08:31] "GET /static/assets/logo.png HTTP/1.1" 404 894 0.001097
2026-03-09 11:08:31,663 - DEBUG - Initializing WebSocket
2026-03-09 11:08:31,663 - DEBUG - Validating WebSocket request
2026-03-09 11:08:31,665 - INFO - 127.0.0.1 - - [2026-03-09 11:08:31] "GET /static/script.js HTTP/1.1" 200 29580 0.002475
2026-03-09 11:08:31,849 - DEBUG - Initializing WebSocket
2026-03-09 11:08:31,849 - DEBUG - Validating WebSocket request
2026-03-09 11:08:31,858 - INFO - 127.0.0.1 - - [2026-03-09 11:08:31] "GET /index.html HTTP/1.1" 200 27499 0.008727
2026-03-09 11:08:31,974 - DEBUG - Initializing WebSocket
2026-03-09 11:08:31,974 - DEBUG - Validating WebSocket request
2026-03-09 11:08:31,977 - INFO - 127.0.0.1 - - [2026-03-09 11:08:31] "GET /static/style.css HTTP/1.1" 200 38177 0.003440
2026-03-09 11:08:31,979 - DEBUG - Initializing WebSocket
2026-03-09 11:08:31,979 - DEBUG - Validating WebSocket request
2026-03-09 11:08:31,980 - INFO - 127.0.0.1 - - [2026-03-09 11:08:31] "GET /eel.js HTTP/1.1" 200 6233 0.001325
2026-03-09 11:08:31,982 - DEBUG - Initializing WebSocket
2026-03-09 11:08:31,982 - DEBUG - Validating WebSocket request
2026-03-09 11:08:31,983 - INFO - 127.0.0.1 - - [2026-03-09 11:08:31] "GET /static/assets/logo.png HTTP/1.1" 404 894 0.001711
2026-03-09 11:08:31,985 - DEBUG - Initializing WebSocket
2026-03-09 11:08:31,985 - DEBUG - Validating WebSocket request
2026-03-09 11:08:31,988 - INFO - 127.0.0.1 - - [2026-03-09 11:08:31] "GET /static/script.js HTTP/1.1" 200 29580 0.003270
2026-03-09 11:08:32,066 - DEBUG - Initializing WebSocket
2026-03-09 11:08:32,066 - DEBUG - Validating WebSocket request
2026-03-09 11:08:32,069 - INFO - 127.0.0.1 - - [2026-03-09 11:08:32] "GET /index.html HTTP/1.1" 200 27499 0.003161
2026-03-09 11:08:32,164 - DEBUG - Initializing WebSocket
2026-03-09 11:08:32,164 - DEBUG - Validating WebSocket request
2026-03-09 11:08:32,166 - INFO - 127.0.0.1 - - [2026-03-09 11:08:32] "GET /static/style.css HTTP/1.1" 200 38177 0.002226
2026-03-09 11:08:32,167 - DEBUG - Initializing WebSocket
2026-03-09 11:08:32,167 - DEBUG - Validating WebSocket request
2026-03-09 11:08:32,168 - INFO - 127.0.0.1 - - [2026-03-09 11:08:32] "GET /eel.js HTTP/1.1" 200 6233 0.000595
2026-03-09 11:08:32,169 - DEBUG - Initializing WebSocket
2026-03-09 11:08:32,169 - DEBUG - Validating WebSocket request
2026-03-09 11:08:32,170 - INFO - 127.0.0.1 - - [2026-03-09 11:08:32] "GET /static/assets/logo.png HTTP/1.1" 404 894 0.001060
2026-03-09 11:08:32,171 - DEBUG - Initializing WebSocket
2026-03-09 11:08:32,171 - DEBUG - Validating WebSocket request
2026-03-09 11:08:32,173 - INFO - 127.0.0.1 - - [2026-03-09 11:08:32] "GET /static/script.js HTTP/1.1" 200 29580 0.002146
2026-03-09 11:08:32,226 - DEBUG - Initializing WebSocket
2026-03-09 11:08:32,226 - DEBUG - Validating WebSocket request
2026-03-09 11:08:32,228 - INFO - 127.0.0.1 - - [2026-03-09 11:08:32] "GET /index.html HTTP/1.1" 200 27499 0.002345
2026-03-09 11:08:32,310 - DEBUG - Initializing WebSocket
2026-03-09 11:08:32,310 - DEBUG - Validating WebSocket request
2026-03-09 11:08:32,312 - INFO - 127.0.0.1 - - [2026-03-09 11:08:32] "GET /static/style.css HTTP/1.1" 200 38177 0.002594
2026-03-09 11:08:32,314 - DEBUG - Initializing WebSocket
2026-03-09 11:08:32,314 - DEBUG - Validating WebSocket request
2026-03-09 11:08:32,315 - INFO - 127.0.0.1 - - [2026-03-09 11:08:32] "GET /eel.js HTTP/1.1" 200 6233 0.000867
2026-03-09 11:08:32,315 - DEBUG - Initializing WebSocket
2026-03-09 11:08:32,315 - DEBUG - Validating WebSocket request
2026-03-09 11:08:32,316 - INFO - 127.0.0.1 - - [2026-03-09 11:08:32] "GET /static/assets/logo.png HTTP/1.1" 404 894 0.000986
2026-03-09 11:08:32,317 - DEBUG - Initializing WebSocket
2026-03-09 11:08:32,317 - DEBUG - Validating WebSocket request
2026-03-09 11:08:32,319 - INFO - 127.0.0.1 - - [2026-03-09 11:08:32] "GET /static/script.js HTTP/1.1" 200 29580 0.001665
2026-03-09 11:08:32,465 - DEBUG - Initializing WebSocket
2026-03-09 11:08:32,465 - DEBUG - Validating WebSocket request
2026-03-09 11:08:32,467 - INFO - 127.0.0.1 - - [2026-03-09 11:08:32] "GET /index.html HTTP/1.1" 200 27499 0.001570
2026-03-09 11:08:32,542 - DEBUG - Initializing WebSocket
2026-03-09 11:08:32,542 - DEBUG - Validating WebSocket request
2026-03-09 11:08:32,543 - INFO - 127.0.0.1 - - [2026-03-09 11:08:32] "GET /static/style.css HTTP/1.1" 200 38177 0.001680
2026-03-09 11:08:32,544 - DEBUG - Initializing WebSocket
2026-03-09 11:08:32,544 - DEBUG - Validating WebSocket request
2026-03-09 11:08:32,545 - INFO - 127.0.0.1 - - [2026-03-09 11:08:32] "GET /eel.js HTTP/1.1" 200 6233 0.000895
2026-03-09 11:08:32,547 - DEBUG - Initializing WebSocket
2026-03-09 11:08:32,547 - DEBUG - Validating WebSocket request
2026-03-09 11:08:32,549 - INFO - 127.0.0.1 - - [2026-03-09 11:08:32] "GET /static/assets/logo.png HTTP/1.1" 404 894 0.001659
2026-03-09 11:08:32,550 - DEBUG - Initializing WebSocket
2026-03-09 11:08:32,550 - DEBUG - Validating WebSocket request
2026-03-09 11:08:32,552 - INFO - 127.0.0.1 - - [2026-03-09 11:08:32] "GET /static/script.js HTTP/1.1" 200 29580 0.001714
2026-03-09 11:08:43,498 - INFO - Starting TFN Billing application
2026-03-09 11:08:43,498 - INFO - Initializing directories and files
2026-03-09 11:08:43,498 - INFO - Application directory: d:\T.F.N Billing
2026-03-09 11:08:43,498 - INFO - Changed working directory to: d:\T.F.N Billing
2026-03-09 11:08:44,700 - INFO - All required packages are installed
2026-03-09 11:08:44,700 - INFO - Python path: ['d:\\T.F.N Billing', 'C:\\Python314\\python314.zip', 'C:\\Python314\\DLLs', 'C:\\Python314\\Lib', 'C:\\Python314', 'C:\\Users\\rakes\\AppData\\Roaming\\Python\\Python314\\site-packages', 'C:\\Python314\\Lib\\site-packages']
2026-03-09 11:08:44,700 - INFO - Current directory: d:\T.F.N Billing
2026-03-09 11:08:44,701 - INFO - Directory contents: ['.git', 'app_eel.py', 'assets', 'backend.py', 'build.bat', 'customers.json', 'exports', 'invoice_log.json', 'invoice_tracker.json', 'launcher.py', 'launcher.spec', 'logs', 'output_invoices', 'README.md', 'requirements.txt', 'tfn_billing_debug.log', 'users.json', 'web', '__pycache__']
2026-03-09 11:08:44,701 - INFO - Importing app_eel module
2026-03-09 11:08:45,275 - INFO - Starting main application
2026-03-09 11:08:45,949 - DEBUG - Initializing WebSocket
2026-03-09 11:08:45,949 - DEBUG - Validating WebSocket request
2026-03-09 11:08:45,951 - INFO - 127.0.0.1 - - [2026-03-09 11:08:45] "GET /index.html HTTP/1.1" 200 27499 0.001701
2026-03-09 11:08:46,033 - DEBUG - Initializing WebSocket
2026-03-09 11:08:46,033 - DEBUG - Validating WebSocket request
2026-03-09 11:08:46,035 - INFO - 127.0.0.1 - - [2026-03-09 11:08:46] "GET /static/style.css HTTP/1.1" 200 38177 0.002167
2026-03-09 11:08:46,036 - DEBUG - Initializing WebSocket
2026-03-09 11:08:46,036 - DEBUG - Validating WebSocket request
2026-03-09 11:08:46,037 - INFO - 127.0.0.1 - - [2026-03-09 11:08:46] "GET /eel.js HTTP/1.1" 200 6233 0.001103
2026-03-09 11:08:46,050 - DEBUG - Initializing WebSocket
2026-03-09 11:08:46,050 - DEBUG - Validating WebSocket request
2026-03-09 11:08:46,056 - INFO - 127.0.0.1 - - [2026-03-09 11:08:46] "GET /static/assets/logo.png HTTP/1.1" 404 894 0.005708
2026-03-09 11:08:46,142 - DEBUG - Initializing WebSocket
2026-03-09 11:08:46,142 - DEBUG - Validating WebSocket request
2026-03-09 11:08:46,143 - INFO - 127.0.0.1 - - [2026-03-09 11:08:46] "GET /static/script.js HTTP/1.1" 200 29580 0.001312
2026-03-09 11:08:46,584 - DEBUG - Initializing WebSocket
2026-03-09 11:08:46,584 - DEBUG - Validating WebSocket request
2026-03-09 11:08:46,585 - DEBUG - Attempting to upgrade connection
2026-03-09 11:08:46,585 - DEBUG - WebSocket request accepted, switching protocols
2026-03-09 11:08:46,915 - DEBUG - Initializing WebSocket
2026-03-09 11:08:46,916 - DEBUG - Validating WebSocket request
2026-03-09 11:08:46,917 - INFO - 127.0.0.1 - - [2026-03-09 11:08:46] "GET /favicon.ico HTTP/1.1" 404 883 0.002042
2026-03-09 11:10:08,937 - DEBUG - Closed WebSocket
2026-03-09 11:10:08,939 - DEBUG - Failed to write closing frame -> closing socket
2026-03-09 11:10:08,939 - DEBUG - Closed WebSocket
2026-03-09 12:09:15,332 - INFO - Starting TFN Billing application
2026-03-09 12:09:15,333 - INFO - Initializing directories and files
2026-03-09 12:09:15,333 - INFO - Application directory: D:\T.F.N Billing
2026-03-09 12:09:15,333 - INFO - Changed working directory to: D:\T.F.N Billing
2026-03-09 12:09:16,749 - INFO - All required packages are installed
2026-03-09 12:09:16,750 - INFO - Python path: ['D:\\T.F.N Billing', 'C:\\Python314\\python314.zip', 'C:\\Python314\\DLLs', 'C:\\Python314\\Lib', 'C:\\Python314', 'C:\\Users\\rakes\\AppData\\Roaming\\Python\\Python314\\site-packages', 'C:\\Users\\rakes\\AppData\\Roaming\\Python\\Python314\\site-packages\\win32', 'C:\\Users\\rakes\\AppData\\Roaming\\Python\\Python314\\site-packages\\win32\\lib', 'C:\\Users\\rakes\\AppData\\Roaming\\Python\\Python314\\site-packages\\Pythonwin', 'C:\\Python314\\Lib\\site-packages']
2026-03-09 12:09:16,750 - INFO - Current directory: D:\T.F.N Billing
2026-03-09 12:09:16,750 - INFO - Directory contents: ['.git', '.gitignore', 'app_eel.py', 'assets', 'backend.py', 'build', 'build.bat', 'build_installer.py', 'customers.json', 'dist', 'exports', 'installer_setup.py', 'invoice_log.json', 'invoice_tracker.json', 'launcher.py', 'launcher.spec', 'logs', 'output_invoices', 'README.md', 'requirements.txt', 'tfn_billing_debug.log', 'Thunderstorm_Billing_Setup.spec', 'users.json', 'version.json', 'web']
2026-03-09 12:09:16,750 - INFO - Importing app_eel module
2026-03-09 12:09:17,350 - INFO - Starting main application
2026-03-09 12:09:18,154 - DEBUG - Initializing WebSocket
2026-03-09 12:09:18,155 - DEBUG - Validating WebSocket request
2026-03-09 12:09:18,157 - INFO - 127.0.0.1 - - [2026-03-09 12:09:18] "GET /index.html HTTP/1.1" 200 27499 0.003166
2026-03-09 12:09:18,237 - DEBUG - Initializing WebSocket
2026-03-09 12:09:18,237 - DEBUG - Validating WebSocket request
2026-03-09 12:09:18,239 - INFO - 127.0.0.1 - - [2026-03-09 12:09:18] "GET /static/style.css HTTP/1.1" 200 39489 0.002018
2026-03-09 12:09:18,240 - DEBUG - Initializing WebSocket
2026-03-09 12:09:18,241 - DEBUG - Validating WebSocket request
2026-03-09 12:09:18,242 - INFO - 127.0.0.1 - - [2026-03-09 12:09:18] "GET /eel.js HTTP/1.1" 200 6285 0.001123
2026-03-09 12:09:18,255 - DEBUG - Initializing WebSocket
2026-03-09 12:09:18,255 - DEBUG - Validating WebSocket request
2026-03-09 12:09:18,262 - INFO - 127.0.0.1 - - [2026-03-09 12:09:18] "GET /static/assets/logo.png HTTP/1.1" 404 894 0.007163
2026-03-09 12:09:18,374 - DEBUG - Initializing WebSocket
2026-03-09 12:09:18,374 - DEBUG - Validating WebSocket request
2026-03-09 12:09:18,376 - INFO - 127.0.0.1 - - [2026-03-09 12:09:18] "GET /static/script.js HTTP/1.1" 200 31493 0.001776
2026-03-09 12:09:18,889 - DEBUG - Initializing WebSocket
2026-03-09 12:09:18,889 - DEBUG - Validating WebSocket request
2026-03-09 12:09:18,889 - DEBUG - Attempting to upgrade connection
2026-03-09 12:09:18,889 - DEBUG - WebSocket request accepted, switching protocols
2026-03-09 12:09:19,241 - DEBUG - Initializing WebSocket
2026-03-09 12:09:19,241 - DEBUG - Validating WebSocket request
2026-03-09 12:09:19,242 - INFO - 127.0.0.1 - - [2026-03-09 12:09:19] "GET /favicon.ico HTTP/1.1" 404 883 0.001473
2026-03-09 12:09:21,600 - DEBUG - Starting new HTTPS connection (1): api.github.com:443
2026-03-09 12:09:22,750 - DEBUG - https://api.github.com:443 "GET /repos/bloodwraith8851/T.F.N-Billing/releases/latest HTTP/1.1" 404 125
2026-03-09 12:09:27,736 - DEBUG - Closed WebSocket
2026-03-09 12:09:27,737 - DEBUG - Failed to write closing frame -> closing socket
2026-03-09 12:09:27,737 - DEBUG - Closed WebSocket
2026-03-09 12:24:15,691 - INFO - Starting TFN Billing application
2026-03-09 12:24:15,691 - INFO - Initializing directories and files
2026-03-09 12:24:15,691 - INFO - Application directory: D:\T.F.N Billing
2026-03-09 12:24:15,692 - INFO - Changed working directory to: D:\T.F.N Billing
2026-03-09 12:24:16,568 - INFO - All required packages are installed
2026-03-09 12:24:16,568 - INFO - Python path: ['D:\\T.F.N Billing', 'C:\\Python314\\python314.zip', 'C:\\Python314\\DLLs', 'C:\\Python314\\Lib', 'C:\\Python314', 'C:\\Users\\rakes\\AppData\\Roaming\\Python\\Python314\\site-packages', 'C:\\Users\\rakes\\AppData\\Roaming\\Python\\Python314\\site-packages\\win32', 'C:\\Users\\rakes\\AppData\\Roaming\\Python\\Python314\\site-packages\\win32\\lib', 'C:\\Users\\rakes\\AppData\\Roaming\\Python\\Python314\\site-packages\\Pythonwin', 'C:\\Python314\\Lib\\site-packages']
2026-03-09 12:24:16,568 - INFO - Current directory: D:\T.F.N Billing
2026-03-09 12:24:16,568 - INFO - Directory contents: ['.git', '.gitignore', 'app_eel.py', 'assets', 'backend.py', 'build', 'build.bat', 'build_installer.py', 'customers.json', 'dist', 'exports', 'installer_setup.py', 'invoice_log.json', 'invoice_tracker.json', 'launcher.py', 'launcher.spec', 'logs', 'output_invoices', 'README.md', 'requirements.txt', 'tfn_billing_debug.log', 'Thunderstorm_Billing_Setup.spec', 'users.json', 'version.json', 'web', '__pycache__']
2026-03-09 12:24:16,568 - INFO - Importing app_eel module
2026-03-09 12:24:16,945 - INFO - Starting main application
2026-03-09 12:24:17,518 - DEBUG - Initializing WebSocket
2026-03-09 12:24:17,519 - DEBUG - Validating WebSocket request
2026-03-09 12:24:17,520 - INFO - 127.0.0.1 - - [2026-03-09 12:24:17] "GET /index.html HTTP/1.1" 200 27855 0.001668
2026-03-09 12:24:17,593 - DEBUG - Initializing WebSocket
2026-03-09 12:24:17,593 - DEBUG - Validating WebSocket request
2026-03-09 12:24:17,596 - INFO - 127.0.0.1 - - [2026-03-09 12:24:17] "GET /static/style.css HTTP/1.1" 200 39489 0.003388
2026-03-09 12:24:17,598 - DEBUG - Initializing WebSocket
2026-03-09 12:24:17,598 - DEBUG - Validating WebSocket request
2026-03-09 12:24:17,598 - INFO - 127.0.0.1 - - [2026-03-09 12:24:17] "GET /eel.js HTTP/1.1" 200 6285 0.000921
2026-03-09 12:24:17,608 - DEBUG - Initializing WebSocket
2026-03-09 12:24:17,608 - DEBUG - Validating WebSocket request
2026-03-09 12:24:17,613 - INFO - 127.0.0.1 - - [2026-03-09 12:24:17] "GET /static/assets/logo.png HTTP/1.1" 404 894 0.005126
2026-03-09 12:24:17,700 - DEBUG - Initializing WebSocket
2026-03-09 12:24:17,700 - DEBUG - Validating WebSocket request
2026-03-09 12:24:17,701 - INFO - 127.0.0.1 - - [2026-03-09 12:24:17] "GET /static/script.js HTTP/1.1" 200 31926 0.001638
2026-03-09 12:24:18,157 - DEBUG - Initializing WebSocket
2026-03-09 12:24:18,157 - DEBUG - Validating WebSocket request
2026-03-09 12:24:18,157 - DEBUG - Attempting to upgrade connection
2026-03-09 12:24:18,157 - DEBUG - WebSocket request accepted, switching protocols
2026-03-09 12:24:18,325 - DEBUG - Initializing WebSocket
2026-03-09 12:24:18,325 - DEBUG - Validating WebSocket request
2026-03-09 12:24:18,326 - INFO - 127.0.0.1 - - [2026-03-09 12:24:18] "GET /favicon.ico HTTP/1.1" 404 883 0.001524
2026-03-09 12:24:20,885 - DEBUG - Starting new HTTPS connection (1): api.github.com:443
2026-03-09 12:24:21,744 - DEBUG - https://api.github.com:443 "GET /repos/bloodwraith8851/T.F.N-Billing/releases/latest HTTP/1.1" 404 125
2026-03-09 12:24:22,177 - DEBUG - Starting new HTTPS connection (1): api.github.com:443
2026-03-09 12:24:22,781 - DEBUG - https://api.github.com:443 "GET /repos/bloodwraith8851/T.F.N-Billing/releases/latest HTTP/1.1" 404 125
2026-03-09 12:24:25,264 - DEBUG - Starting new HTTPS connection (1): github.com:443
2026-03-09 12:24:27,806 - DEBUG - https://github.com:443 "GET /bloodwraith8851/T.F.N-Billing/releases/download/v1.0.0/Thunderstorm_Billing_Setup.exe HTTP/1.1" 404 9
2026-03-09 12:25:43,942 - INFO - Starting TFN Billing application
2026-03-09 12:25:43,942 - INFO - Initializing directories and files
2026-03-09 12:25:43,942 - INFO - Application directory: D:\T.F.N Billing
2026-03-09 12:25:43,942 - INFO - Changed working directory to: D:\T.F.N Billing
2026-03-09 12:25:45,247 - INFO - All required packages are installed
2026-03-09 12:25:45,247 - INFO - Python path: ['D:\\T.F.N Billing', 'C:\\Python314\\python314.zip', 'C:\\Python314\\DLLs', 'C:\\Python314\\Lib', 'C:\\Python314', 'C:\\Users\\rakes\\AppData\\Roaming\\Python\\Python314\\site-packages', 'C:\\Users\\rakes\\AppData\\Roaming\\Python\\Python314\\site-packages\\win32', 'C:\\Users\\rakes\\AppData\\Roaming\\Python\\Python314\\site-packages\\win32\\lib', 'C:\\Users\\rakes\\AppData\\Roaming\\Python\\Python314\\site-packages\\Pythonwin', 'C:\\Python314\\Lib\\site-packages']
2026-03-09 12:25:45,247 - INFO - Current directory: D:\T.F.N Billing
2026-03-09 12:25:45,247 - INFO - Directory contents: ['.git', '.gitignore', 'app_eel.py', 'assets', 'backend.py', 'build', 'build.bat', 'build_installer.py', 'customers.json', 'dist', 'exports', 'installer_setup.py', 'invoice_log.json', 'invoice_tracker.json', 'launcher.py', 'launcher.spec', 'logs', 'output_invoices', 'README.md', 'requirements.txt', 'tfn_billing_debug.log', 'Thunderstorm_Billing_Setup.spec', 'users.json', 'version.json', 'web', '__pycache__']
2026-03-09 12:25:45,247 - INFO - Importing app_eel module
2026-03-09 12:25:45,917 - INFO - Starting main application
2026-03-09 12:25:46,563 - DEBUG - Initializing WebSocket
2026-03-09 12:25:46,563 - DEBUG - Validating WebSocket request
2026-03-09 12:25:46,564 - INFO - 127.0.0.1 - - [2026-03-09 12:25:46] "GET /index.html HTTP/1.1" 200 27855 0.000945
2026-03-09 12:25:46,627 - DEBUG - Initializing WebSocket
2026-03-09 12:25:46,627 - DEBUG - Validating WebSocket request
2026-03-09 12:25:46,629 - INFO - 127.0.0.1 - - [2026-03-09 12:25:46] "GET /static/style.css HTTP/1.1" 200 39489 0.002510
2026-03-09 12:25:46,630 - DEBUG - Initializing WebSocket
2026-03-09 12:25:46,631 - DEBUG - Validating WebSocket request
2026-03-09 12:25:46,632 - INFO - 127.0.0.1 - - [2026-03-09 12:25:46] "GET /eel.js HTTP/1.1" 200 6285 0.001141
2026-03-09 12:25:46,644 - DEBUG - Initializing WebSocket
2026-03-09 12:25:46,645 - DEBUG - Validating WebSocket request
2026-03-09 12:25:46,648 - INFO - 127.0.0.1 - - [2026-03-09 12:25:46] "GET /static/assets/logo.png HTTP/1.1" 404 894 0.004060
2026-03-09 12:25:46,731 - DEBUG - Initializing WebSocket
2026-03-09 12:25:46,731 - DEBUG - Validating WebSocket request
2026-03-09 12:25:46,732 - INFO - 127.0.0.1 - - [2026-03-09 12:25:46] "GET /static/script.js HTTP/1.1" 200 31926 0.001809
2026-03-09 12:25:47,250 - DEBUG - Initializing WebSocket
2026-03-09 12:25:47,250 - DEBUG - Validating WebSocket request
2026-03-09 12:25:47,250 - DEBUG - Attempting to upgrade connection
2026-03-09 12:25:47,250 - DEBUG - WebSocket request accepted, switching protocols
2026-03-09 12:25:47,440 - DEBUG - Initializing WebSocket
2026-03-09 12:25:47,440 - DEBUG - Validating WebSocket request
2026-03-09 12:25:47,440 - INFO - 127.0.0.1 - - [2026-03-09 12:25:47] "GET /favicon.ico HTTP/1.1" 404 883 0.000594
2026-03-09 12:25:48,964 - DEBUG - Starting new HTTPS connection (1): api.github.com:443
2026-03-09 12:25:49,782 - DEBUG - https://api.github.com:443 "GET /repos/bloodwraith8851/T.F.N-Billing/releases/latest HTTP/1.1" 404 125
2026-03-09 12:25:49,962 - DEBUG - Starting new HTTPS connection (1): api.github.com:443
2026-03-09 12:25:50,562 - DEBUG - https://api.github.com:443 "GET /repos/bloodwraith8851/T.F.N-Billing/releases/latest HTTP/1.1" 404 125
2026-03-09 12:25:50,889 - DEBUG - Starting new HTTPS connection (1): github.com:443
2026-03-09 12:25:51,420 - DEBUG - https://github.com:443 "GET /bloodwraith8851/T.F.N-Billing/releases/download/v1.0.0/Thunderstorm_Billing_Setup.exe HTTP/1.1" 404 9
2026-03-09 12:26:34,303 - DEBUG - Closed WebSocket
2026-03-09 12:26:34,304 - DEBUG - Failed to write closing frame -> closing socket
2026-03-09 12:26:34,304 - DEBUG - Closed WebSocket
2026-03-10 23:10:11,040 - INFO - Starting TFN Billing application
2026-03-10 23:10:11,040 - INFO - Initializing directories and files
2026-03-10 23:10:11,040 - INFO - Application directory: d:\T.F.N Billing
2026-03-10 23:10:11,040 - INFO - Changed working directory to: d:\T.F.N Billing
2026-03-10 23:10:11,041 - INFO - Created directory: web\static\assets
2026-03-10 23:10:12,303 - INFO - All required packages are installed
2026-03-10 23:10:12,303 - INFO - Python path: ['d:\\T.F.N Billing', 'C:\\Python314\\python314.zip', 'C:\\Python314\\DLLs', 'C:\\Python314\\Lib', 'C:\\Python314', 'C:\\Users\\rakes\\AppData\\Roaming\\Python\\Python314\\site-packages', 'C:\\Users\\rakes\\AppData\\Roaming\\Python\\Python314\\site-packages\\win32', 'C:\\Users\\rakes\\AppData\\Roaming\\Python\\Python314\\site-packages\\win32\\lib', 'C:\\Users\\rakes\\AppData\\Roaming\\Python\\Python314\\site-packages\\Pythonwin', 'C:\\Python314\\Lib\\site-packages']
2026-03-10 23:10:12,303 - INFO - Current directory: d:\T.F.N Billing
2026-03-10 23:10:12,303 - INFO - Directory contents: ['.git', '.gitignore', 'app_eel.py', 'assets', 'backend.py', 'build', 'build.bat', 'build_installer.py', 'customers.json', 'dist', 'exports', 'installer_setup.py', 'invoice_log.json', 'invoice_tracker.json', 'launcher.py', 'launcher.spec', 'logs', 'output_invoices', 'README.md', 'requirements.txt', 'test_logo.pdf', 'tfn_billing_debug.log', 'Thunderstorm_Billing_Setup.spec', 'users.json', 'version.json', 'web', '__pycache__']
2026-03-10 23:10:12,303 - INFO - Importing app_eel module
2026-03-10 23:10:12,777 - INFO - Starting main application
2026-03-10 23:10:13,953 - DEBUG - Initializing WebSocket
2026-03-10 23:10:13,953 - DEBUG - Validating WebSocket request
2026-03-10 23:10:13,954 - INFO - 127.0.0.1 - - [2026-03-10 23:10:13] "GET /index.html HTTP/1.1" 200 34612 0.001214
2026-03-10 23:10:14,132 - DEBUG - Initializing WebSocket
2026-03-10 23:10:14,133 - DEBUG - Validating WebSocket request
2026-03-10 23:10:14,137 - INFO - 127.0.0.1 - - [2026-03-10 23:10:14] "GET /static/style.css HTTP/1.1" 200 41791 0.004088
2026-03-10 23:10:14,160 - DEBUG - Initializing WebSocket
2026-03-10 23:10:14,160 - DEBUG - Validating WebSocket request
2026-03-10 23:10:14,162 - INFO - 127.0.0.1 - - [2026-03-10 23:10:14] "GET /eel.js HTTP/1.1" 200 6363 0.001889
2026-03-10 23:10:14,177 - DEBUG - Initializing WebSocket
2026-03-10 23:10:14,177 - DEBUG - Validating WebSocket request
2026-03-10 23:10:14,188 - INFO - 127.0.0.1 - - [2026-03-10 23:10:14] "GET /static/assets/logo.png HTTP/1.1" 404 894 0.011299
2026-03-10 23:10:14,265 - DEBUG - Initializing WebSocket
2026-03-10 23:10:14,265 - DEBUG - Validating WebSocket request
2026-03-10 23:10:14,267 - INFO - 127.0.0.1 - - [2026-03-10 23:10:14] "GET /static/script.js HTTP/1.1" 200 36715 0.001824
2026-03-10 23:10:14,828 - DEBUG - Initializing WebSocket
2026-03-10 23:10:14,829 - DEBUG - Validating WebSocket request
2026-03-10 23:10:14,830 - DEBUG - Attempting to upgrade connection
2026-03-10 23:10:14,830 - DEBUG - WebSocket request accepted, switching protocols
2026-03-10 23:10:15,217 - DEBUG - Initializing WebSocket
2026-03-10 23:10:15,218 - DEBUG - Validating WebSocket request
2026-03-10 23:10:15,219 - INFO - 127.0.0.1 - - [2026-03-10 23:10:15] "GET /favicon.ico HTTP/1.1" 404 883 0.001412
2026-03-10 23:10:17,553 - DEBUG - Starting new HTTPS connection (1): api.github.com:443
2026-03-10 23:10:18,605 - DEBUG - https://api.github.com:443 "GET /repos/bloodwraith8851/T.F.N-Billing/releases/latest HTTP/1.1" 200 1661
2026-03-10 23:10:43,874 - DEBUG - Starting new HTTPS connection (1): api.github.com:443
2026-03-10 23:10:44,420 - DEBUG - https://api.github.com:443 "GET /repos/bloodwraith8851/T.F.N-Billing/releases/latest HTTP/1.1" 200 1661
2026-03-10 23:10:49,747 - DEBUG - Starting new HTTPS connection (1): api.github.com:443
2026-03-10 23:10:50,512 - DEBUG - https://api.github.com:443 "GET /repos/bloodwraith8851/T.F.N-Billing/releases/latest HTTP/1.1" 200 1661
2026-03-10 23:11:54,614 - DEBUG - Closed WebSocket
2026-03-10 23:11:54,615 - DEBUG - Failed to write closing frame -> closing socket
2026-03-10 23:11:54,615 - DEBUG - Closed WebSocket
2026-03-10 23:32:26,686 - INFO - Starting TFN Billing application
2026-03-10 23:32:26,686 - INFO - Initializing directories and files
2026-03-10 23:32:26,686 - INFO - Application directory: d:\T.F.N Billing
2026-03-10 23:32:26,686 - INFO - Changed working directory to: d:\T.F.N Billing
2026-03-10 23:32:29,593 - INFO - All required packages are installed
2026-03-10 23:32:29,593 - INFO - Python path: ['d:\\T.F.N Billing', 'C:\\Python314\\python314.zip', 'C:\\Python314\\DLLs', 'C:\\Python314\\Lib', 'C:\\Python314', 'C:\\Users\\rakes\\AppData\\Roaming\\Python\\Python314\\site-packages', 'C:\\Users\\rakes\\AppData\\Roaming\\Python\\Python314\\site-packages\\win32', 'C:\\Users\\rakes\\AppData\\Roaming\\Python\\Python314\\site-packages\\win32\\lib', 'C:\\Users\\rakes\\AppData\\Roaming\\Python\\Python314\\site-packages\\Pythonwin', 'C:\\Python314\\Lib\\site-packages']
2026-03-10 23:32:29,593 - INFO - Current directory: d:\T.F.N Billing
2026-03-10 23:32:29,593 - INFO - Directory contents: ['.git', '.gitignore', 'app_eel.py', 'assets', 'backend.py', 'build', 'build.bat', 'build_installer.py', 'customers.json', 'dist', 'exports', 'installer_setup.py', 'installer_web', 'invoice_log.json', 'invoice_tracker.json', 'launcher.py', 'launcher.spec', 'logs', 'output_invoices', 'README.md', 'requirements.txt', 'test_logo.pdf', 'tfn_billing_debug.log', 'Thunderstorm_Billing_Setup.spec', 'users.json', 'version.json', 'web', '__pycache__']
2026-03-10 23:32:29,594 - INFO - Importing app_eel module
2026-03-10 23:32:30,452 - INFO - Starting main application
2026-03-10 23:32:31,675 - DEBUG - Initializing WebSocket
2026-03-10 23:32:31,676 - DEBUG - Validating WebSocket request
2026-03-10 23:32:31,681 - INFO - 127.0.0.1 - - [2026-03-10 23:32:31] "GET /index.html HTTP/1.1" 200 34612 0.005647
2026-03-10 23:32:31,894 - DEBUG - Initializing WebSocket
2026-03-10 23:32:31,894 - DEBUG - Validating WebSocket request
2026-03-10 23:32:31,897 - INFO - 127.0.0.1 - - [2026-03-10 23:32:31] "GET /static/style.css HTTP/1.1" 200 41791 0.002927
2026-03-10 23:32:31,904 - DEBUG - Initializing WebSocket
2026-03-10 23:32:31,904 - DEBUG - Validating WebSocket request
2026-03-10 23:32:31,906 - INFO - 127.0.0.1 - - [2026-03-10 23:32:31] "GET /eel.js HTTP/1.1" 200 6363 0.002213
2026-03-10 23:32:31,920 - DEBUG - Initializing WebSocket
2026-03-10 23:32:31,920 - DEBUG - Validating WebSocket request
2026-03-10 23:32:31,929 - INFO - 127.0.0.1 - - [2026-03-10 23:32:31] "GET /static/assets/logo.png HTTP/1.1" 404 894 0.009614
2026-03-10 23:32:32,017 - DEBUG - Initializing WebSocket
2026-03-10 23:32:32,017 - DEBUG - Validating WebSocket request
2026-03-10 23:32:32,021 - INFO - 127.0.0.1 - - [2026-03-10 23:32:32] "GET /static/script.js HTTP/1.1" 200 36715 0.004416
2026-03-10 23:32:32,541 - DEBUG - Initializing WebSocket
2026-03-10 23:32:32,542 - DEBUG - Validating WebSocket request
2026-03-10 23:32:32,542 - DEBUG - Attempting to upgrade connection
2026-03-10 23:32:32,542 - DEBUG - WebSocket request accepted, switching protocols
2026-03-10 23:32:33,239 - DEBUG - Initializing WebSocket
2026-03-10 23:32:33,239 - DEBUG - Validating WebSocket request
2026-03-10 23:32:33,241 - INFO - 127.0.0.1 - - [2026-03-10 23:32:33] "GET /favicon.ico HTTP/1.1" 404 883 0.001591
2026-03-10 23:32:35,281 - DEBUG - Starting new HTTPS connection (1): api.github.com:443
2026-03-10 23:32:36,477 - DEBUG - https://api.github.com:443 "GET /repos/bloodwraith8851/T.F.N-Billing/releases/latest HTTP/1.1" 200 1661
2026-03-10 23:32:47,790 - DEBUG - Closed WebSocket
2026-03-10 23:32:47,791 - DEBUG - Failed to write closing frame -> closing socket
2026-03-10 23:32:47,792 - DEBUG - Closed WebSocket
